IdProyecto,NombreProyecto,FechaFinProyecto,TipoObjetivo,Producto,Etapa,IdDPE,PosicionDPE,NombreDPE,DPE,FechaInicioDPE,DuracionDPE,FechaFinDPE,MarcadoDPE,FechaRealDPE,AtrasoDPE,Area,Responsable,CoResponsable,EstadoDPE,Manual,Evidencia,Observaciones
2,Lavar adoquín de camineras frontales Oficina Venta,,Clave,Actividad,Ventas,9,9,Lavar adoquín de camineras frontales Oficina Ventas,,16/01/2025,1,18/01/2025,VERDADERO,16/01/2025,-2,Administracion,Celinda Alcivar,,Activo,,,
2,Lavar adoquín de camineras frontales Oficina Ventas,,Clave,Actividad,Ventas,16,16,Lavar adoquín de camineras frontales Oficina Ventas,2,23/01/2025,1,25/01/2025,VERDADERO,23/01/2025,-2,Administracion,Celinda Alcivar,,Activo,,,
2,Lavar adoquín de camineras frontales Oficina Ventas,,Clave,Actividad,Ventas,2,2,Lavar adoquín de camineras frontales Oficina Ventas,,09/01/2025,1,11/01/2025,VERDADERO,09/01/2025,-2,Administracion,Celinda Alcivar,,Activo,,,
2,Lavar adoquín de camineras frontales Oficina Ventas,,Clave,Actividad,Ventas,79,79,Lavar adoquín de camineras frontales Oficina Ventas,2,27/03/2025,1,29/03/2025,VERDADERO,27/03/2025,-2,Administracion,Celinda Alcivar,,Activo,,,Vacaciones.
2,Lavar adoquín de camineras frontales Oficina Ventas,,Clave,Actividad,Ventas,30,30,Lavar adoquín de camineras frontales Oficina Ventas,1,06/02/2025,1,08/02/2025,VERDADERO,06/02/2025,-2,Administracion,Celinda Alcivar,,Activo,,,
2,Lavar adoquín de camineras frontales Oficina Ventas,,Clave,Actividad,Ventas,44,44,Lavar adoquín de camineras frontales Oficina Ventas,2,20/02/2025,1,22/02/2025,VERDADERO,20/02/2025,-2,Administracion,Celinda Alcivar,,Activo,,,
2,Lavar adoquín de camineras frontales Oficina Ventas,,Clave,Actividad,Ventas,65,65,Lavar adoquín de camineras frontales Oficina Ventas,2,13/03/2025,1,15/03/2025,VERDADERO,13/03/2025,-2,Administracion,Celinda Alcivar,,Activo,,,
2,Lavar adoquín de camineras frontales Oficina Ventas,,Clave,Actividad,Ventas,86,86,Lavar adoquín de camineras frontales Oficina Ventas,,03/04/2025,1,05/04/2025,VERDADERO,03/04/2025,-2,Administracion,Celinda Alcivar,,Activo,,,
2,Lavar adoquín de camineras frontales Oficina Ventas,,Clave,Actividad,Ventas,51,51,Lavar adoquín de camineras frontales Oficina Ventas,2,27/02/2025,1,01/03/2025,VERDADERO,27/02/2025,-2,Administracion,Celinda Alcivar,,Activo,,,Vacaciones 
2,Lavar adoquín de camineras frontales Oficina Ventas,,Clave,Actividad,Ventas,58,58,Lavar adoquín de camineras frontales Oficina Ventas,2,06/03/2025,1,08/03/2025,VERDADERO,06/03/2025,-2,Administracion,Celinda Alcivar,,Activo,,,
2,Lavar adoquín de camineras frontales Oficina Ventas,,Clave,Actividad,Ventas,37,37,Lavar adoquín de camineras frontales Oficina Ventas,2,13/02/2025,1,15/02/2025,VERDADERO,13/02/2025,-2,Administracion,Celinda Alcivar,,Activo,,,
2,Lavar adoquín de camineras frontales Oficina Ventas,,Clave,Actividad,Ventas,72,72,Lavar adoquín de camineras frontales Oficina Ventas,2,20/03/2025,1,22/03/2025,VERDADERO,20/03/2025,-2,Administracion,Celinda Alcivar,,Activo,,,
2,Lavar adoquín de camineras frontales Oficina Ventas,,Clave,Actividad,Ventas,93,93,Lavar adoquín de camineras frontales Oficina Ventas,2,10/04/2025,1,12/04/2025,VERDADERO,10/04/2025,-2,Administracion,Celinda Alcivar,,Activo,,,
2,Lavar adoquín de camineras frontales Oficina Ventas,,Clave,Actividad,Ventas,107,107,Lavar adoquín de camineras frontales Oficina Ventas,2,24/04/2025,1,26/04/2025,VERDADERO,24/04/2025,-2,Administracion,Celinda Alcivar,,Activo,,,
2,Lavar adoquín de camineras frontales Oficina Ventas,,Clave,Actividad,Ventas,100,100,Lavar adoquín de camineras frontales Oficina Ventas,2,17/04/2025,1,19/04/2025,VERDADERO,17/04/2025,-2,Administracion,Celinda Alcivar,,Activo,,,
2,Lavar adoquín de camineras frontales Oficina Ventas,,Clave,Actividad,Ventas,114,114,Lavar adoquín de camineras frontales Oficina Ventas,2,01/05/2025,1,03/05/2025,VERDADERO,01/05/2025,-2,Administracion,Celinda Alcivar,,Activo,,,
2,Lavar adoquín de camineras frontales Oficina Ventas,,Clave,Actividad,Ventas,23,23,Lavar adoquín de camineras frontales Oficina Ventas,1,30/01/2025,1,01/02/2025,VERDADERO,31/01/2025,-1,Administracion,Celinda Alcivar,,Activo,,,
2,Lavar adoquín de camineras frontales Oficina Ventas,,Clave,Actividad,Ventas,191,191,Lavar adoquín de camineras frontales Oficina Ventas,2,17/07/2025,1,19/07/2025,VERDADERO,17/07/2025,-2,Administracion,Celinda Alcivar,,Activo,,,
2,Lavar adoquín de camineras frontales Oficina Ventas,,Clave,Actividad,Ventas,205,205,Lavar adoquín de camineras frontales Oficina Ventas,2,31/07/2025,1,02/08/2025,VERDADERO,31/07/2025,-2,Administracion,Celinda Alcivar,,Activo,,,
2,Lavar adoquín de camineras frontales Oficina Ventas,,Clave,Actividad,Ventas,226,226,Lavar adoquín de camineras frontales Oficina Ventas,2,21/08/2025,1,23/08/2025,VERDADERO,21/08/2025,-2,Administracion,Celinda Alcivar,,Activo,,,
2,Lavar adoquín de camineras frontales Oficina Ventas,,Clave,Actividad,Ventas,233,233,Lavar adoquín de camineras frontales Oficina Ventas,2,28/08/2025,1,30/08/2025,VERDADERO,28/08/2025,-2,Administracion,Celinda Alcivar,,Activo,,,
2,Lavar adoquín de camineras frontales Oficina Ventas,,Clave,Actividad,Ventas,289,289,Lavar adoquín de camineras frontales Oficina Ventas,2,23/10/2025,1,25/10/2025,VERDADERO,23/10/2025,-2,Administracion,Celinda Alcivar,,Activo,,,
2,Lavar adoquín de camineras frontales Oficina Ventas,,Clave,Actividad,Ventas,170,170,Lavar adoquín de camineras frontales Oficina Ventas,2,26/06/2025,1,28/06/2025,VERDADERO,26/06/2025,-2,Administracion,Celinda Alcivar,,Activo,,,
2,Lavar adoquín de camineras frontales Oficina Ventas,,Clave,Actividad,Ventas,156,156,Lavar adoquín de camineras frontales Oficina Ventas,2,12/06/2025,1,14/06/2025,VERDADERO,12/06/2025,-2,Administracion,Celinda Alcivar,,Activo,,,
2,Lavar adoquín de camineras frontales Oficina Ventas,,Clave,Actividad,Ventas,163,163,Lavar adoquín de camineras frontales Oficina Ventas,2,19/06/2025,1,21/06/2025,VERDADERO,19/06/2025,-2,Administracion,Celinda Alcivar,,Activo,,,
2,Lavar adoquín de camineras frontales Oficina Ventas,,Clave,Actividad,Ventas,331,331,Lavar adoquín de camineras frontales Oficina Ventas,2,04/12/2025,1,06/12/2025,VERDADERO,04/12/2025,-2,Administracion,Celinda Alcivar,,Activo,,,
2,Lavar adoquín de camineras frontales Oficina Ventas,,Clave,Actividad,Ventas,135,135,Lavar adoquín de camineras frontales Oficina Ventas,2,22/05/2025,1,24/05/2025,VERDADERO,22/05/2025,-2,Administracion,Celinda Alcivar,,Activo,,,
2,Lavar adoquín de camineras frontales Oficina Ventas,,Clave,Actividad,Ventas,247,247,Lavar adoquín de camineras frontales Oficina Ventas,2,11/09/2025,1,13/09/2025,VERDADERO,11/09/2025,-2,Administracion,Celinda Alcivar,,Activo,,,
2,Lavar adoquín de camineras frontales Oficina Ventas,,Clave,Actividad,Ventas,317,317,Lavar adoquín de camineras frontales Oficina Ventas,2,20/11/2025,1,22/11/2025,VERDADERO,20/11/2025,-2,Administracion,Celinda Alcivar,,Activo,,,
2,Lavar adoquín de camineras frontales Oficina Ventas,,Clave,Actividad,Ventas,303,303,Lavar adoquín de camineras frontales Oficina Ventas,2,06/11/2025,1,08/11/2025,VERDADERO,06/11/2025,-2,Administracion,Celinda Alcivar,,Activo,,,
2,Lavar adoquín de camineras frontales Oficina Ventas,,Clave,Actividad,Ventas,177,177,Lavar adoquín de camineras frontales Oficina Ventas,2,03/07/2025,1,05/07/2025,VERDADERO,03/07/2025,-2,Administracion,Celinda Alcivar,,Activo,,,
2,Lavar adoquín de camineras frontales Oficina Ventas,,Clave,Actividad,Ventas,240,240,Lavar adoquín de camineras frontales Oficina Ventas,2,04/09/2025,1,06/09/2025,VERDADERO,04/09/2025,-2,Administracion,Celinda Alcivar,,Activo,,,
2,Lavar adoquín de camineras frontales Oficina Ventas,,Clave,Actividad,Ventas,352,352,Lavar adoquín de camineras frontales Oficina Ventas,2,25/12/2025,1,27/12/2025,VERDADERO,25/12/2025,-2,Administracion,Celinda Alcivar,,Activo,,,Feriado 
2,Lavar adoquín de camineras frontales Oficina Ventas,,Clave,Actividad,Ventas,338,338,Lavar adoquín de camineras frontales Oficina Ventas,2,11/12/2025,1,13/12/2025,VERDADERO,11/12/2025,-2,Administracion,Celinda Alcivar,,Activo,,,
2,Lavar adoquín de camineras frontales Oficina Ventas,,Clave,Actividad,Ventas,268,268,Lavar adoquín de camineras frontales Oficina Ventas,2,02/10/2025,1,04/10/2025,VERDADERO,02/10/2025,-2,Administracion,Celinda Alcivar,,Activo,,,
2,Lavar adoquín de camineras frontales Oficina Ventas,,Clave,Actividad,Ventas,184,184,Lavar adoquín de camineras frontales Oficina Ventas,2,10/07/2025,1,12/07/2025,VERDADERO,10/07/2025,-2,Administracion,Celinda Alcivar,,Activo,,,
2,Lavar adoquín de camineras frontales Oficina Ventas,,Clave,Actividad,Ventas,142,142,Lavar adoquín de camineras frontales Oficina Ventas,2,29/05/2025,1,31/05/2025,VERDADERO,29/05/2025,-2,Administracion,Celinda Alcivar,,Activo,,,
2,Lavar adoquín de camineras frontales Oficina Ventas,,Clave,Actividad,Ventas,324,324,Lavar adoquín de camineras frontales Oficina Ventas,2,27/11/2025,1,29/11/2025,VERDADERO,27/11/2025,-2,Administracion,Celinda Alcivar,,Activo,,,
2,Lavar adoquín de camineras frontales Oficina Ventas,,Clave,Actividad,Ventas,282,282,Lavar adoquín de camineras frontales Oficina Ventas,2,16/10/2025,1,18/10/2025,VERDADERO,16/10/2025,-2,Administracion,Celinda Alcivar,,Activo,,,
2,Lavar adoquín de camineras frontales Oficina Ventas,,Clave,Actividad,Ventas,121,121,Lavar adoquín de camineras frontales Oficina Ventas,2,08/05/2025,1,10/05/2025,VERDADERO,08/05/2025,-2,Administracion,Celinda Alcivar,,Activo,,,
2,Lavar adoquín de camineras frontales Oficina Ventas,,Clave,Actividad,Ventas,254,254,Lavar adoquín de camineras frontales Oficina Ventas,2,18/09/2025,1,20/09/2025,VERDADERO,18/09/2025,-2,Administracion,Celinda Alcivar,,Activo,,,
2,Lavar adoquín de camineras frontales Oficina Ventas,,Clave,Actividad,Ventas,212,212,Lavar adoquín de camineras frontales Oficina Ventas,2,07/08/2025,1,09/08/2025,VERDADERO,07/08/2025,-2,Administracion,Celinda Alcivar,,Activo,,,
2,Lavar adoquín de camineras frontales Oficina Ventas,,Clave,Actividad,Ventas,219,219,Lavar adoquín de camineras frontales Oficina Ventas,2,14/08/2025,1,16/08/2025,VERDADERO,14/08/2025,-2,Administracion,Celinda Alcivar,,Activo,,,
2,Lavar adoquín de camineras frontales Oficina Ventas,,Clave,Actividad,Ventas,198,198,Lavar adoquín de camineras frontales Oficina Ventas,2,24/07/2025,1,26/07/2025,VERDADERO,24/07/2025,-2,Administracion,Celinda Alcivar,,Activo,,,
2,Lavar adoquín de camineras frontales Oficina Ventas,,Clave,Actividad,Ventas,149,149,Lavar adoquín de camineras frontales Oficina Ventas,2,05/06/2025,1,07/06/2025,VERDADERO,05/06/2025,-2,Administracion,Celinda Alcivar,,Activo,,,
2,Lavar adoquín de camineras frontales Oficina Ventas,,Clave,Actividad,Ventas,345,345,Lavar adoquín de camineras frontales Oficina Ventas,2,18/12/2025,1,20/12/2025,VERDADERO,18/12/2025,-2,Administracion,Celinda Alcivar,,Activo,,,
2,Lavar adoquín de camineras frontales Oficina Ventas,,Clave,Actividad,Ventas,296,296,Lavar adoquín de camineras frontales Oficina Ventas,2,30/10/2025,1,01/11/2025,VERDADERO,30/10/2025,-2,Administracion,Celinda Alcivar,,Activo,,,
2,Lavar adoquín de camineras frontales Oficina Ventas,,Clave,Actividad,Ventas,310,310,Lavar adoquín de camineras frontales Oficina Ventas,2,13/11/2025,1,15/11/2025,VERDADERO,13/11/2025,-2,Administracion,Celinda Alcivar,,Activo,,,
2,Lavar adoquín de camineras frontales Oficina Ventas,,Clave,Actividad,Ventas,275,275,Lavar adoquín de camineras frontales Oficina Ventas,2,09/10/2025,1,11/10/2025,VERDADERO,09/10/2025,-2,Administracion,Celinda Alcivar,,Activo,,,Feriado 
2,Lavar adoquín de camineras frontales Oficina Ventas,,Clave,Actividad,Ventas,128,128,Lavar adoquín de camineras frontales Oficina Ventas,2,15/05/2025,1,17/05/2025,VERDADERO,15/05/2025,-2,Administracion,Celinda Alcivar,,Activo,,,
2,Lavar adoquín de camineras frontales Oficina Ventas,,Clave,Actividad,Ventas,261,261,Lavar adoquín de camineras frontales Oficina Ventas,2,25/09/2025,1,27/09/2025,VERDADERO,25/09/2025,-2,Administracion,Celinda Alcivar,,Activo,,,
1,Limpiar vidrios frontales de oficina de Ventas,,Clave,Actividad,Ventas,2,2,Limpiar vidrios frontales de oficina de Ventas,,09/01/2025,1,11/01/2025,VERDADERO,09/01/2025,-2,Administracion,Celinda Alcivar,,Activo,,,
1,Limpiar vidrios frontales de oficina de Ventas,,Clave,Actividad,Ventas,30,30,Limpiar vidrios frontales de oficina de Ventas,1,06/02/2025,1,08/02/2025,VERDADERO,06/02/2025,-2,Administracion,Celinda Alcivar,,Activo,,,
1,Limpiar vidrios frontales de oficina de Ventas,,Clave,Actividad,Ventas,51,51,Limpiar vidrios frontales de oficina de Ventas,2,27/02/2025,1,01/03/2025,VERDADERO,27/02/2025,-2,Administracion,Celinda Alcivar,,Activo,,,Vacaciones 
1,Limpiar vidrios frontales de oficina de Ventas,,Clave,Actividad,Ventas,23,23,Limpiar vidrios frontales de oficina de Ventas,1,30/01/2025,1,01/02/2025,VERDADERO,31/01/2025,-1,Administracion,Celinda Alcivar,,Activo,,,
1,Limpiar vidrios frontales de oficina de Ventas,,Clave,Actividad,Ventas,16,16,Limpiar vidrios frontales de oficina de Ventas,2,23/01/2025,1,25/01/2025,VERDADERO,23/01/2025,-2,Administracion,Celinda Alcivar,,Activo,,,
1,Limpiar vidrios frontales de oficina de Ventas,,Clave,Actividad,Ventas,58,58,Limpiar vidrios frontales de oficina de Ventas,2,06/03/2025,1,08/03/2025,VERDADERO,06/03/2025,-2,Administracion,Celinda Alcivar,,Activo,,,
1,Limpiar vidrios frontales de oficina de Ventas,,Clave,Actividad,Ventas,9,9,Limpiar vidrios frontales de oficina de Ventas,,16/01/2025,1,18/01/2025,VERDADERO,16/01/2025,-2,Administracion,Celinda Alcivar,,Activo,,,
1,Limpiar vidrios frontales de oficina de Ventas,,Clave,Actividad,Ventas,72,72,Limpiar vidrios frontales de oficina de Ventas,2,20/03/2025,1,22/03/2025,VERDADERO,20/03/2025,-2,Administracion,Celinda Alcivar,,Activo,,,
1,Limpiar vidrios frontales de oficina de Ventas,,Clave,Actividad,Ventas,44,44,Limpiar vidrios frontales de oficina de Ventas,2,20/02/2025,1,22/02/2025,VERDADERO,20/02/2025,-2,Administracion,Celinda Alcivar,,Activo,,,
1,Limpiar vidrios frontales de oficina de Ventas,,Clave,Actividad,Ventas,65,65,Limpiar vidrios frontales de oficina de Ventas,2,13/03/2025,1,15/03/2025,VERDADERO,13/03/2025,-2,Administracion,Celinda Alcivar,,Activo,,,
1,Limpiar vidrios frontales de oficina de Ventas,,Clave,Actividad,Ventas,37,37,Limpiar vidrios frontales de oficina de Ventas,2,13/02/2025,1,15/02/2025,VERDADERO,13/02/2025,-2,Administracion,Celinda Alcivar,,Activo,,,
1,Limpiar vidrios frontales de oficina de Ventas,,Clave,Actividad,Ventas,79,79,Limpiar vidrios frontales de oficina de Ventas,2,27/03/2025,1,29/03/2025,VERDADERO,27/03/2025,-2,Administracion,Celinda Alcivar,,Activo,,,Vacaciones.
1,Limpiar vidrios frontales de oficina de Ventas,,Clave,Actividad,Ventas,86,86,Limpiar vidrios frontales de oficina de Ventas,,03/04/2025,1,05/04/2025,VERDADERO,03/04/2025,-2,Administracion,Celinda Alcivar,,Activo,,,
1,Limpiar vidrios frontales de oficina de Ventas,,Clave,Actividad,Ventas,163,163,Limpiar vidrios frontales de oficina de Ventas,2,19/06/2025,1,21/06/2025,VERDADERO,19/06/2025,-2,Administracion,Celinda Alcivar,,Activo,,,
1,Limpiar vidrios frontales de oficina de Ventas,,Clave,Actividad,Ventas,135,135,Limpiar vidrios frontales de oficina de Ventas,2,22/05/2025,1,24/05/2025,VERDADERO,22/05/2025,-2,Administracion,Celinda Alcivar,,Activo,,,
1,Limpiar vidrios frontales de oficina de Ventas,,Clave,Actividad,Ventas,93,93,Limpiar vidrios frontales de oficina de Ventas,2,10/04/2025,1,12/04/2025,VERDADERO,10/04/2025,-2,Administracion,Celinda Alcivar,,Activo,,,
1,Limpiar vidrios frontales de oficina de Ventas,,Clave,Actividad,Ventas,128,128,Limpiar vidrios frontales de oficina de Ventas,2,15/05/2025,1,17/05/2025,VERDADERO,15/05/2025,-2,Administracion,Celinda Alcivar,,Activo,,,
1,Limpiar vidrios frontales de oficina de Ventas,,Clave,Actividad,Ventas,114,114,Limpiar vidrios frontales de oficina de Ventas,2,01/05/2025,1,03/05/2025,VERDADERO,01/05/2025,-2,Administracion,Celinda Alcivar,,Activo,,,
1,Limpiar vidrios frontales de oficina de Ventas,,Clave,Actividad,Ventas,107,107,Limpiar vidrios frontales de oficina de Ventas,2,24/04/2025,1,26/04/2025,VERDADERO,24/04/2025,-2,Administracion,Celinda Alcivar,,Activo,,,
1,Limpiar vidrios frontales de oficina de Ventas,,Clave,Actividad,Ventas,233,233,Limpiar vidrios frontales de oficina de Ventas,2,28/08/2025,1,30/08/2025,VERDADERO,28/08/2025,-2,Administracion,Celinda Alcivar,,Activo,,,
1,Limpiar vidrios frontales de oficina de Ventas,,Clave,Actividad,Ventas,247,247,Limpiar vidrios frontales de oficina de Ventas,2,11/09/2025,1,13/09/2025,VERDADERO,11/09/2025,-2,Administracion,Celinda Alcivar,,Activo,,,
1,Limpiar vidrios frontales de oficina de Ventas,,Clave,Actividad,Ventas,212,212,Limpiar vidrios frontales de oficina de Ventas,2,07/08/2025,1,09/08/2025,VERDADERO,07/08/2025,-2,Administracion,Celinda Alcivar,,Activo,,,
1,Limpiar vidrios frontales de oficina de Ventas,,Clave,Actividad,Ventas,121,121,Limpiar vidrios frontales de oficina de Ventas,2,08/05/2025,1,10/05/2025,VERDADERO,08/05/2025,-2,Administracion,Celinda Alcivar,,Activo,,,
1,Limpiar vidrios frontales de oficina de Ventas,,Clave,Actividad,Ventas,149,149,Limpiar vidrios frontales de oficina de Ventas,2,05/06/2025,1,07/06/2025,VERDADERO,05/06/2025,-2,Administracion,Celinda Alcivar,,Activo,,,
1,Limpiar vidrios frontales de oficina de Ventas,,Clave,Actividad,Ventas,100,100,Limpiar vidrios frontales de oficina de Ventas,2,17/04/2025,1,19/04/2025,VERDADERO,17/04/2025,-2,Administracion,Celinda Alcivar,,Activo,,,
1,Limpiar vidrios frontales de oficina de Ventas,,Clave,Actividad,Ventas,142,142,Limpiar vidrios frontales de oficina de Ventas,2,29/05/2025,1,31/05/2025,VERDADERO,29/05/2025,-2,Administracion,Celinda Alcivar,,Activo,,,
1,Limpiar vidrios frontales de oficina de Ventas,,Clave,Actividad,Ventas,177,177,Limpiar vidrios frontales de oficina de Ventas,2,03/07/2025,1,05/07/2025,VERDADERO,03/07/2025,-2,Administracion,Celinda Alcivar,,Activo,,,
1,Limpiar vidrios frontales de oficina de Ventas,,Clave,Actividad,Ventas,226,226,Limpiar vidrios frontales de oficina de Ventas,2,21/08/2025,1,23/08/2025,VERDADERO,21/08/2025,-2,Administracion,Celinda Alcivar,,Activo,,,
1,Limpiar vidrios frontales de oficina de Ventas,,Clave,Actividad,Ventas,219,219,Limpiar vidrios frontales de oficina de Ventas,2,14/08/2025,1,16/08/2025,VERDADERO,14/08/2025,-2,Administracion,Celinda Alcivar,,Activo,,,
1,Limpiar vidrios frontales de oficina de Ventas,,Clave,Actividad,Ventas,184,184,Limpiar vidrios frontales de oficina de Ventas,2,10/07/2025,1,12/07/2025,VERDADERO,10/07/2025,-2,Administracion,Celinda Alcivar,,Activo,,,
1,Limpiar vidrios frontales de oficina de Ventas,,Clave,Actividad,Ventas,198,198,Limpiar vidrios frontales de oficina de Ventas,2,24/07/2025,1,26/07/2025,VERDADERO,24/07/2025,-2,Administracion,Celinda Alcivar,,Activo,,,
1,Limpiar vidrios frontales de oficina de Ventas,,Clave,Actividad,Ventas,156,156,Limpiar vidrios frontales de oficina de Ventas,2,12/06/2025,1,14/06/2025,VERDADERO,12/06/2025,-2,Administracion,Celinda Alcivar,,Activo,,,
1,Limpiar vidrios frontales de oficina de Ventas,,Clave,Actividad,Ventas,170,170,Limpiar vidrios frontales de oficina de Ventas,2,26/06/2025,1,28/06/2025,VERDADERO,26/06/2025,-2,Administracion,Celinda Alcivar,,Activo,,,
1,Limpiar vidrios frontales de oficina de Ventas,,Clave,Actividad,Ventas,254,254,Limpiar vidrios frontales de oficina de Ventas,2,18/09/2025,1,20/09/2025,VERDADERO,18/09/2025,-2,Administracion,Celinda Alcivar,,Activo,,,
1,Limpiar vidrios frontales de oficina de Ventas,,Clave,Actividad,Ventas,282,282,Limpiar vidrios frontales de oficina de Ventas,2,16/10/2025,1,18/10/2025,VERDADERO,16/10/2025,-2,Administracion,Celinda Alcivar,,Activo,,,
1,Limpiar vidrios frontales de oficina de Ventas,,Clave,Actividad,Ventas,240,240,Limpiar vidrios frontales de oficina de Ventas,2,04/09/2025,1,06/09/2025,VERDADERO,04/09/2025,-2,Administracion,Celinda Alcivar,,Activo,,,
1,Limpiar vidrios frontales de oficina de Ventas,,Clave,Actividad,Ventas,275,275,Limpiar vidrios frontales de oficina de Ventas,2,09/10/2025,1,11/10/2025,VERDADERO,09/10/2025,-2,Administracion,Celinda Alcivar,,Activo,,,Feriado
1,Limpiar vidrios frontales de oficina de Ventas,,Clave,Actividad,Ventas,289,289,Limpiar vidrios frontales de oficina de Ventas,2,23/10/2025,1,25/10/2025,VERDADERO,23/10/2025,-2,Administracion,Celinda Alcivar,,Activo,,,
1,Limpiar vidrios frontales de oficina de Ventas,,Clave,Actividad,Ventas,310,310,Limpiar vidrios frontales de oficina de Ventas,2,13/11/2025,1,15/11/2025,VERDADERO,13/11/2025,-2,Administracion,Celinda Alcivar,,Activo,,,
1,Limpiar vidrios frontales de oficina de Ventas,,Clave,Actividad,Ventas,261,261,Limpiar vidrios frontales de oficina de Ventas,2,25/09/2025,1,27/09/2025,VERDADERO,25/09/2025,-2,Administracion,Celinda Alcivar,,Activo,,,
1,Limpiar vidrios frontales de oficina de Ventas,,Clave,Actividad,Ventas,352,352,Limpiar vidrios frontales de oficina de Ventas,2,25/12/2025,1,27/12/2025,VERDADERO,25/12/2025,-2,Administracion,Celinda Alcivar,,Activo,,,Feriado 
1,Limpiar vidrios frontales de oficina de Ventas,,Clave,Actividad,Ventas,331,331,Limpiar vidrios frontales de oficina de Ventas,2,04/12/2025,1,06/12/2025,VERDADERO,04/12/2025,-2,Administracion,Celinda Alcivar,,Activo,,,
1,Limpiar vidrios frontales de oficina de Ventas,,Clave,Actividad,Ventas,338,338,Limpiar vidrios frontales de oficina de Ventas,2,11/12/2025,1,13/12/2025,VERDADERO,11/12/2025,-2,Administracion,Celinda Alcivar,,Activo,,,
1,Limpiar vidrios frontales de oficina de Ventas,,Clave,Actividad,Ventas,345,345,Limpiar vidrios frontales de oficina de Ventas,1,18/12/2025,1,20/12/2025,VERDADERO,19/12/2025,-1,Administracion,Celinda Alcivar,,Activo,,,
1,Limpiar vidrios frontales de oficina de Ventas,,Clave,Actividad,Ventas,324,324,Limpiar vidrios frontales de oficina de Ventas,2,27/11/2025,1,29/11/2025,VERDADERO,27/11/2025,-2,Administracion,Celinda Alcivar,,Activo,,,
1,Limpiar vidrios frontales de oficina de Ventas,,Clave,Actividad,Ventas,296,296,Limpiar vidrios frontales de oficina de Ventas,2,30/10/2025,1,01/11/2025,VERDADERO,30/10/2025,-2,Administracion,Celinda Alcivar,,Activo,,,
1,Limpiar vidrios frontales de oficina de Ventas,,Clave,Actividad,Ventas,303,303,Limpiar vidrios frontales de oficina de Ventas,2,06/11/2025,1,08/11/2025,VERDADERO,06/11/2025,-2,Administracion,Celinda Alcivar,,Activo,,,
1,Limpiar vidrios frontales de oficina de Ventas,,Clave,Actividad,Ventas,268,268,Limpiar vidrios frontales de oficina de Ventas,2,02/10/2025,1,04/10/2025,VERDADERO,02/10/2025,-2,Administracion,Celinda Alcivar,,Activo,,,
1,Limpiar vidrios frontales de oficina de Ventas,,Clave,Actividad,Ventas,317,317,Limpiar vidrios frontales de oficina de Ventas,2,20/11/2025,1,22/11/2025,VERDADERO,20/11/2025,-2,Administracion,Celinda Alcivar,,Activo,,,
1,Limpiar vidrios frontales de oficina de Ventas,,Clave,Actividad,Ventas,191,191,Limpiar vidrios frontales de oficina de Ventas,2,17/07/2025,1,19/07/2025,VERDADERO,17/07/2025,-2,Administracion,Celinda Alcivar,,Activo,,,
1,Limpiar vidrios frontales de oficina de Ventas,,Clave,Actividad,Ventas,205,205,Limpiar vidrios frontales de oficina de Ventas,2,31/07/2025,1,02/08/2025,VERDADERO,31/07/2025,-2,Administracion,Celinda Alcivar,,Activo,,,
3,Lavar adoquín de camineras laterales y posteriores Oficina Ventas,,Clave,Actividad,Ventas,2,2,Lavar adoquín de camineras laterales y posteriores Oficina Ventas,,09/01/2025,1,11/01/2025,VERDADERO,09/01/2025,-2,Administracion,Celinda Alcivar,,Activo,,,
3,Lavar adoquín de camineras laterales y posteriores Oficina Ventas,,Clave,Actividad,Ventas,23,23,Lavar adoquín de camineras laterales y posteriores Oficina Ventas,1,30/01/2025,1,01/02/2025,VERDADERO,31/01/2025,-1,Administracion,Celinda Alcivar,,Activo,,,
3,Lavar adoquín de camineras laterales y posteriores Oficina Ventas,,Clave,Actividad,Ventas,16,16,Lavar adoquín de camineras laterales y posteriores Oficina Ventas,2,23/01/2025,1,25/01/2025,VERDADERO,23/01/2025,-2,Administracion,Celinda Alcivar,,Activo,,,
3,Lavar adoquín de camineras laterales y posteriores Oficina Ventas,,Clave,Actividad,Ventas,65,65,Lavar adoquín de camineras laterales y posteriores Oficina Ventas,2,13/03/2025,1,15/03/2025,VERDADERO,13/03/2025,-2,Administracion,Celinda Alcivar,,Activo,,,
3,Lavar adoquín de camineras laterales y posteriores Oficina Ventas,,Clave,Actividad,Ventas,58,58,Lavar adoquín de camineras laterales y posteriores Oficina Ventas,2,06/03/2025,1,08/03/2025,VERDADERO,06/03/2025,-2,Administracion,Celinda Alcivar,,Activo,,,
3,Lavar adoquín de camineras laterales y posteriores Oficina Ventas,,Clave,Actividad,Ventas,44,44,Lavar adoquín de camineras laterales y posteriores Oficina Ventas,2,20/02/2025,1,22/02/2025,VERDADERO,20/02/2025,-2,Administracion,Celinda Alcivar,,Activo,,,
3,Lavar adoquín de camineras laterales y posteriores Oficina Ventas,,Clave,Actividad,Ventas,9,9,Lavar adoquín de camineras laterales y posteriores Oficina Ventas,,16/01/2025,1,18/01/2025,VERDADERO,16/01/2025,-2,Administracion,Celinda Alcivar,,Activo,,,
3,Lavar adoquín de camineras laterales y posteriores Oficina Ventas,,Clave,Actividad,Ventas,51,51,Lavar adoquín de camineras laterales y posteriores Oficina Ventas,2,27/02/2025,1,01/03/2025,VERDADERO,27/02/2025,-2,Administracion,Celinda Alcivar,,Activo,,,Vacaciones 
3,Lavar adoquín de camineras laterales y posteriores Oficina Ventas,,Clave,Actividad,Ventas,37,37,Lavar adoquín de camineras laterales y posteriores Oficina Ventas,2,13/02/2025,1,15/02/2025,VERDADERO,13/02/2025,-2,Administracion,Celinda Alcivar,,Activo,,,
3,Lavar adoquín de camineras laterales y posteriores Oficina Ventas,,Clave,Actividad,Ventas,86,86,Lavar adoquín de camineras laterales y posteriores Oficina Ventas,,03/04/2025,1,05/04/2025,VERDADERO,03/04/2025,-2,Administracion,Celinda Alcivar,,Activo,,,
3,Lavar adoquín de camineras laterales y posteriores Oficina Ventas,,Clave,Actividad,Ventas,107,107,Lavar adoquín de camineras laterales y posteriores Oficina Ventas,2,24/04/2025,1,26/04/2025,VERDADERO,24/04/2025,-2,Administracion,Celinda Alcivar,,Activo,,,
3,Lavar adoquín de camineras laterales y posteriores Oficina Ventas,,Clave,Actividad,Ventas,128,128,Lavar adoquín de camineras laterales y posteriores Oficina Ventas,2,15/05/2025,1,17/05/2025,VERDADERO,15/05/2025,-2,Administracion,Celinda Alcivar,,Activo,,,
3,Lavar adoquín de camineras laterales y posteriores Oficina Ventas,,Clave,Actividad,Ventas,79,79,Lavar adoquín de camineras laterales y posteriores Oficina Ventas,2,27/03/2025,1,29/03/2025,VERDADERO,27/03/2025,-2,Administracion,Celinda Alcivar,,Activo,,,Vacaciones.
3,Lavar adoquín de camineras laterales y posteriores Oficina Ventas,,Clave,Actividad,Ventas,100,100,Lavar adoquín de camineras laterales y posteriores Oficina Ventas,2,17/04/2025,1,19/04/2025,VERDADERO,17/04/2025,-2,Administracion,Celinda Alcivar,,Activo,,,
3,Lavar adoquín de camineras laterales y posteriores Oficina Ventas,,Clave,Actividad,Ventas,163,163,Lavar adoquín de camineras laterales y posteriores Oficina Ventas,2,19/06/2025,1,21/06/2025,VERDADERO,19/06/2025,-2,Administracion,Celinda Alcivar,,Activo,,,
3,Lavar adoquín de camineras laterales y posteriores Oficina Ventas,,Clave,Actividad,Ventas,93,93,Lavar adoquín de camineras laterales y posteriores Oficina Ventas,2,10/04/2025,1,12/04/2025,VERDADERO,10/04/2025,-2,Administracion,Celinda Alcivar,,Activo,,,
3,Lavar adoquín de camineras laterales y posteriores Oficina Ventas,,Clave,Actividad,Ventas,254,254,Lavar adoquín de camineras laterales y posteriores Oficina Ventas,2,18/09/2025,1,20/09/2025,VERDADERO,18/09/2025,-2,Administracion,Celinda Alcivar,,Activo,,,
3,Lavar adoquín de camineras laterales y posteriores Oficina Ventas,,Clave,Actividad,Ventas,310,310,Lavar adoquín de camineras laterales y posteriores Oficina Ventas,2,13/11/2025,1,15/11/2025,VERDADERO,13/11/2025,-2,Administracion,Celinda Alcivar,,Activo,,,
3,Lavar adoquín de camineras laterales y posteriores Oficina Ventas,,Clave,Actividad,Ventas,338,338,Lavar adoquín de camineras laterales y posteriores Oficina Ventas,2,11/12/2025,1,13/12/2025,VERDADERO,11/12/2025,-2,Administracion,Celinda Alcivar,,Activo,,,
3,Lavar adoquín de camineras laterales y posteriores Oficina Ventas,,Clave,Actividad,Ventas,135,135,Lavar adoquín de camineras laterales y posteriores Oficina Ventas,2,22/05/2025,1,24/05/2025,VERDADERO,22/05/2025,-2,Administracion,Celinda Alcivar,,Activo,,,
3,Lavar adoquín de camineras laterales y posteriores Oficina Ventas,,Clave,Actividad,Ventas,352,352,Lavar adoquín de camineras laterales y posteriores Oficina Ventas,2,25/12/2025,1,27/12/2025,VERDADERO,25/12/2025,-2,Administracion,Celinda Alcivar,,Activo,,,Feriado 
3,Lavar adoquín de camineras laterales y posteriores Oficina Ventas,,Clave,Actividad,Ventas,331,331,Lavar adoquín de camineras laterales y posteriores Oficina Ventas,2,04/12/2025,1,06/12/2025,VERDADERO,04/12/2025,-2,Administracion,Celinda Alcivar,,Activo,,,
3,Lavar adoquín de camineras laterales y posteriores Oficina Ventas,,Clave,Actividad,Ventas,149,149,Lavar adoquín de camineras laterales y posteriores Oficina Ventas,2,05/06/2025,1,07/06/2025,VERDADERO,05/06/2025,-2,Administracion,Celinda Alcivar,,Activo,,,
3,Lavar adoquín de camineras laterales y posteriores Oficina Ventas,,Clave,Actividad,Ventas,296,296,Lavar adoquín de camineras laterales y posteriores Oficina Ventas,2,30/10/2025,1,01/11/2025,VERDADERO,30/10/2025,-2,Administracion,Celinda Alcivar,,Activo,,,
3,Lavar adoquín de camineras laterales y posteriores Oficina Ventas,,Clave,Actividad,Ventas,233,233,Lavar adoquín de camineras laterales y posteriores Oficina Ventas,2,28/08/2025,1,30/08/2025,VERDADERO,28/08/2025,-2,Administracion,Celinda Alcivar,,Activo,,,
3,Lavar adoquín de camineras laterales y posteriores Oficina Ventas,,Clave,Actividad,Ventas,275,275,Lavar adoquín de camineras laterales y posteriores Oficina Ventas,2,09/10/2025,1,11/10/2025,VERDADERO,09/10/2025,-2,Administracion,Celinda Alcivar,,Activo,,,Feriado 
3,Lavar adoquín de camineras laterales y posteriores Oficina Ventas,,Clave,Actividad,Ventas,170,170,Lavar adoquín de camineras laterales y posteriores Oficina Ventas,2,26/06/2025,1,28/06/2025,VERDADERO,26/06/2025,-2,Administracion,Celinda Alcivar,,Activo,,,
3,Lavar adoquín de camineras laterales y posteriores Oficina Ventas,,Clave,Actividad,Ventas,212,212,Lavar adoquín de camineras laterales y posteriores Oficina Ventas,2,07/08/2025,1,09/08/2025,VERDADERO,07/08/2025,-2,Administracion,Celinda Alcivar,,Activo,,,
3,Lavar adoquín de camineras laterales y posteriores Oficina Ventas,,Clave,Actividad,Ventas,317,317,Lavar adoquín de camineras laterales y posteriores Oficina Ventas,2,20/11/2025,1,22/11/2025,VERDADERO,20/11/2025,-2,Administracion,Celinda Alcivar,,Activo,,,
3,Lavar adoquín de camineras laterales y posteriores Oficina Ventas,,Clave,Actividad,Ventas,289,289,Lavar adoquín de camineras laterales y posteriores Oficina Ventas,2,23/10/2025,1,25/10/2025,VERDADERO,23/10/2025,-2,Administracion,Celinda Alcivar,,Activo,,,
3,Lavar adoquín de camineras laterales y posteriores Oficina Ventas,,Clave,Actividad,Ventas,282,282,Lavar adoquín de camineras laterales y posteriores Oficina Ventas,2,16/10/2025,1,18/10/2025,VERDADERO,16/10/2025,-2,Administracion,Celinda Alcivar,,Activo,,,
3,Lavar adoquín de camineras laterales y posteriores Oficina Ventas,,Clave,Actividad,Ventas,240,240,Lavar adoquín de camineras laterales y posteriores Oficina Ventas,2,04/09/2025,1,06/09/2025,VERDADERO,04/09/2025,-2,Administracion,Celinda Alcivar,,Activo,,,
3,Lavar adoquín de camineras laterales y posteriores Oficina Ventas,,Clave,Actividad,Ventas,191,191,Lavar adoquín de camineras laterales y posteriores Oficina Ventas,2,17/07/2025,1,19/07/2025,VERDADERO,17/07/2025,-2,Administracion,Celinda Alcivar,,Activo,,,
3,Lavar adoquín de camineras laterales y posteriores Oficina Ventas,,Clave,Actividad,Ventas,72,72,Lavar adoquín de camineras laterales y posteriores Oficina Ventas,2,20/03/2025,1,22/03/2025,VERDADERO,20/03/2025,-2,Administracion,Celinda Alcivar,,Activo,,,
3,Lavar adoquín de camineras laterales y posteriores Oficina Ventas,,Clave,Actividad,Ventas,324,324,Lavar adoquín de camineras laterales y posteriores Oficina Ventas,2,27/11/2025,1,29/11/2025,VERDADERO,27/11/2025,-2,Administracion,Celinda Alcivar,,Activo,,,
3,Lavar adoquín de camineras laterales y posteriores Oficina Ventas,,Clave,Actividad,Ventas,303,303,Lavar adoquín de camineras laterales y posteriores Oficina Ventas,2,06/11/2025,1,08/11/2025,VERDADERO,06/11/2025,-2,Administracion,Celinda Alcivar,,Activo,,,
3,Lavar adoquín de camineras laterales y posteriores Oficina Ventas,,Clave,Actividad,Ventas,247,247,Lavar adoquín de camineras laterales y posteriores Oficina Ventas,2,11/09/2025,1,13/09/2025,VERDADERO,11/09/2025,-2,Administracion,Celinda Alcivar,,Activo,,,
3,Lavar adoquín de camineras laterales y posteriores Oficina Ventas,,Clave,Actividad,Ventas,268,268,Lavar adoquín de camineras laterales y posteriores Oficina Ventas,2,02/10/2025,1,04/10/2025,VERDADERO,02/10/2025,-2,Administracion,Celinda Alcivar,,Activo,,,
3,Lavar adoquín de camineras laterales y posteriores Oficina Ventas,,Clave,Actividad,Ventas,198,198,Lavar adoquín de camineras laterales y posteriores Oficina Ventas,2,24/07/2025,1,26/07/2025,VERDADERO,24/07/2025,-2,Administracion,Celinda Alcivar,,Activo,,,
3,Lavar adoquín de camineras laterales y posteriores Oficina Ventas,,Clave,Actividad,Ventas,142,142,Lavar adoquín de camineras laterales y posteriores Oficina Ventas,2,29/05/2025,1,31/05/2025,VERDADERO,29/05/2025,-2,Administracion,Celinda Alcivar,,Activo,,,
3,Lavar adoquín de camineras laterales y posteriores Oficina Ventas,,Clave,Actividad,Ventas,121,121,Lavar adoquín de camineras laterales y posteriores Oficina Ventas,2,08/05/2025,1,10/05/2025,VERDADERO,08/05/2025,-2,Administracion,Celinda Alcivar,,Activo,,,
3,Lavar adoquín de camineras laterales y posteriores Oficina Ventas,,Clave,Actividad,Ventas,226,226,Lavar adoquín de camineras laterales y posteriores Oficina Ventas,2,21/08/2025,1,23/08/2025,VERDADERO,21/08/2025,-2,Administracion,Celinda Alcivar,,Activo,,,
3,Lavar adoquín de camineras laterales y posteriores Oficina Ventas,,Clave,Actividad,Ventas,156,156,Lavar adoquín de camineras laterales y posteriores Oficina Ventas,2,12/06/2025,1,14/06/2025,VERDADERO,12/06/2025,-2,Administracion,Celinda Alcivar,,Activo,,,
3,Lavar adoquín de camineras laterales y posteriores Oficina Ventas,,Clave,Actividad,Ventas,205,205,Lavar adoquín de camineras laterales y posteriores Oficina Ventas,2,31/07/2025,1,02/08/2025,VERDADERO,31/07/2025,-2,Administracion,Celinda Alcivar,,Activo,,,
3,Lavar adoquín de camineras laterales y posteriores Oficina Ventas,,Clave,Actividad,Ventas,219,219,Lavar adoquín de camineras laterales y posteriores Oficina Ventas,2,14/08/2025,1,16/08/2025,VERDADERO,14/08/2025,-2,Administracion,Celinda Alcivar,,Activo,,,
3,Lavar adoquín de camineras laterales y posteriores Oficina Ventas,,Clave,Actividad,Ventas,177,177,Lavar adoquín de camineras laterales y posteriores Oficina Ventas,2,03/07/2025,1,05/07/2025,VERDADERO,03/07/2025,-2,Administracion,Celinda Alcivar,,Activo,,,
3,Lavar adoquín de camineras laterales y posteriores Oficina Ventas,,Clave,Actividad,Ventas,345,345,Lavar adoquín de camineras laterales y posteriores Oficina Ventas,2,18/12/2025,1,20/12/2025,VERDADERO,18/12/2025,-2,Administracion,Celinda Alcivar,,Activo,,,
3,Lavar adoquín de camineras laterales y posteriores Oficina Ventas,,Clave,Actividad,Ventas,114,114,Lavar adoquín de camineras laterales y posteriores Oficina Ventas,2,01/05/2025,1,03/05/2025,VERDADERO,01/05/2025,-2,Administracion,Celinda Alcivar,,Activo,,,
3,Lavar adoquín de camineras laterales y posteriores Oficina Ventas,,Clave,Actividad,Ventas,261,261,Lavar adoquín de camineras laterales y posteriores Oficina Ventas,2,25/09/2025,1,27/09/2025,VERDADERO,25/09/2025,-2,Administracion,Celinda Alcivar,,Activo,,,
3,Lavar adoquín de camineras laterales y posteriores Oficina Ventas,,Clave,Actividad,Ventas,30,30,Lavar adoquín de camineras laterales y posteriores Oficina Ventas,1,06/02/2025,1,08/02/2025,VERDADERO,06/02/2025,-2,Administracion,Celinda Alcivar,,Activo,,,
3,Lavar adoquín de camineras laterales y posteriores Oficina Ventas,,Clave,Actividad,Ventas,184,184,Lavar adoquín de camineras laterales y posteriores Oficina Ventas,2,10/07/2025,1,12/07/2025,VERDADERO,10/07/2025,-2,Administracion,Celinda Alcivar,,Activo,,,
4,Limpiar adoquines Parqueo Oficinas Ventas,,Clave,Actividad,Ventas,1,1,Limpiar adoquines Parqueo Oficinas Ventas,,08/01/2025,1,10/01/2025,VERDADERO,08/01/2025,-2,Administracion,Celinda Alcivar,,Activo,,,
4,Limpiar adoquines Parqueo Oficinas Ventas,,Clave,Actividad,Ventas,4,4,Limpiar adoquines Parqueo Oficinas Ventas,,11/01/2025,1,13/01/2025,VERDADERO,11/01/2025,-2,Administracion,Celinda Alcivar,,Activo,,,
4,Limpiar adoquines Parqueo Oficinas Ventas,,Clave,Actividad,Ventas,8,8,Limpiar adoquines Parqueo Oficinas Ventas,,15/01/2025,1,17/01/2025,VERDADERO,15/01/2025,-2,Administracion,Celinda Alcivar,,Activo,,,
4,Limpiar adoquines Parqueo Oficinas Ventas,,Clave,Actividad,Ventas,11,11,Limpiar adoquines Parqueo Oficinas Ventas,,18/01/2025,1,20/01/2025,VERDADERO,18/01/2025,-2,Administracion,Celinda Alcivar,,Activo,,,
4,Limpiar adoquines Parqueo Oficinas Ventas,,Clave,Actividad,Ventas,15,15,Limpiar adoquines Parqueo Oficinas Ventas,2,22/01/2025,1,24/01/2025,VERDADERO,22/01/2025,-2,Administracion,Celinda Alcivar,,Activo,,,
4,Limpiar adoquines Parqueo Oficinas Ventas,,Clave,Actividad,Ventas,29,29,Limpiar adoquines Parqueo Oficinas Ventas,0,05/02/2025,1,07/02/2025,VERDADERO,05/02/2025,-2,Administracion,Celinda Alcivar,,Activo,,,
4,Limpiar adoquines Parqueo Oficinas Ventas,,Clave,Actividad,Ventas,18,18,Limpiar adoquines Parqueo Oficinas Ventas,-1,25/01/2025,1,27/01/2025,VERDADERO,25/01/2025,-2,Administracion,Celinda Alcivar,,Activo,,,
4,Limpiar adoquines Parqueo Oficinas Ventas,,Clave,Actividad,Ventas,32,32,Limpiar adoquines Parqueo Oficinas Ventas,2,08/02/2025,1,10/02/2025,VERDADERO,08/02/2025,-2,Administracion,Celinda Alcivar,,Activo,,,
4,Limpiar adoquines Parqueo Oficinas Ventas,,Clave,Actividad,Ventas,22,22,Limpiar adoquines Parqueo Oficinas Ventas,2,29/01/2025,1,31/01/2025,VERDADERO,29/01/2025,-2,Administracion,Celinda Alcivar,,Activo,,,
4,Limpiar adoquines Parqueo Oficinas Ventas,,Clave,Actividad,Ventas,25,25,Limpiar adoquines Parqueo Oficinas Ventas,1,01/02/2025,1,03/02/2025,VERDADERO,01/02/2025,-2,Administracion,Celinda Alcivar,,Activo,,,
4,Limpiar adoquines Parqueo Oficinas Ventas,,Clave,Actividad,Ventas,57,57,Limpiar adoquines Parqueo Oficinas Ventas,2,05/03/2025,1,07/03/2025,VERDADERO,05/03/2025,-2,Administracion,Celinda Alcivar,,Activo,,,
4,Limpiar adoquines Parqueo Oficinas Ventas,,Clave,Actividad,Ventas,39,39,Limpiar adoquines Parqueo Oficinas Ventas,2,15/02/2025,1,17/02/2025,VERDADERO,15/02/2025,-2,Administracion,Celinda Alcivar,,Activo,,,
4,Limpiar adoquines Parqueo Oficinas Ventas,,Clave,Actividad,Ventas,106,106,Limpiar adoquines Parqueo Oficinas Ventas,2,23/04/2025,1,25/04/2025,VERDADERO,23/04/2025,-2,Administracion,Celinda Alcivar,,Activo,,,
4,Limpiar adoquines Parqueo Oficinas Ventas,,Clave,Actividad,Ventas,64,64,Limpiar adoquines Parqueo Oficinas Ventas,2,12/03/2025,1,14/03/2025,VERDADERO,12/03/2025,-2,Administracion,Celinda Alcivar,,Activo,,,
4,Limpiar adoquines Parqueo Oficinas Ventas,,Clave,Actividad,Ventas,53,53,Limpiar adoquines Parqueo Oficinas Ventas,2,01/03/2025,1,03/03/2025,VERDADERO,01/03/2025,-2,Administracion,Celinda Alcivar,,Activo,,,
4,Limpiar adoquines Parqueo Oficinas Ventas,,Clave,Actividad,Ventas,109,109,Limpiar adoquines Parqueo Oficinas Ventas,2,26/04/2025,1,28/04/2025,VERDADERO,26/04/2025,-2,Administracion,Celinda Alcivar,,Activo,,,
4,Limpiar adoquines Parqueo Oficinas Ventas,,Clave,Actividad,Ventas,113,113,Limpiar adoquines Parqueo Oficinas Ventas,2,30/04/2025,1,02/05/2025,VERDADERO,30/04/2025,-2,Administracion,Celinda Alcivar,,Activo,,,
4,Limpiar adoquines Parqueo Oficinas Ventas,,Clave,Actividad,Ventas,137,137,Limpiar adoquines Parqueo Oficinas Ventas,2,24/05/2025,1,26/05/2025,VERDADERO,24/05/2025,-2,Administracion,Celinda Alcivar,,Activo,,,
4,Limpiar adoquines Parqueo Oficinas Ventas,,Clave,Actividad,Ventas,78,78,Limpiar adoquines Parqueo Oficinas Ventas,2,26/03/2025,1,28/03/2025,VERDADERO,26/03/2025,-2,Administracion,Celinda Alcivar,,Activo,,,
4,Limpiar adoquines Parqueo Oficinas Ventas,,Clave,Actividad,Ventas,60,60,Limpiar adoquines Parqueo Oficinas Ventas,2,08/03/2025,1,10/03/2025,VERDADERO,08/03/2025,-2,Administracion,Celinda Alcivar,,Activo,,,
4,Limpiar adoquines Parqueo Oficinas Ventas,,Clave,Actividad,Ventas,116,116,Limpiar adoquines Parqueo Oficinas Ventas,3,03/05/2025,1,05/05/2025,VERDADERO,03/05/2025,-2,Administracion,Celinda Alcivar,,Activo,,,
4,Limpiar adoquines Parqueo Oficinas Ventas,,Clave,Actividad,Ventas,130,130,Limpiar adoquines Parqueo Oficinas Ventas,2,17/05/2025,1,19/05/2025,VERDADERO,17/05/2025,-2,Administracion,Celinda Alcivar,,Activo,,,
4,Limpiar adoquines Parqueo Oficinas Ventas,,Clave,Actividad,Ventas,36,36,Limpiar adoquines Parqueo Oficinas Ventas,2,12/02/2025,1,14/02/2025,VERDADERO,12/02/2025,-2,Administracion,Celinda Alcivar,,Activo,,,
4,Limpiar adoquines Parqueo Oficinas Ventas,,Clave,Actividad,Ventas,50,50,Limpiar adoquines Parqueo Oficinas Ventas,2,26/02/2025,1,28/02/2025,VERDADERO,26/02/2025,-2,Administracion,Celinda Alcivar,,Activo,,,
4,Limpiar adoquines Parqueo Oficinas Ventas,,Clave,Actividad,Ventas,71,71,Limpiar adoquines Parqueo Oficinas Ventas,2,19/03/2025,1,21/03/2025,VERDADERO,19/03/2025,-2,Administracion,Celinda Alcivar,,Activo,,,
4,Limpiar adoquines Parqueo Oficinas Ventas,,Clave,Actividad,Ventas,85,85,Limpiar adoquines Parqueo Oficinas Ventas,,02/04/2025,1,04/04/2025,VERDADERO,02/04/2025,-2,Administracion,Celinda Alcivar,,Activo,,,
4,Limpiar adoquines Parqueo Oficinas Ventas,,Clave,Actividad,Ventas,43,43,Limpiar adoquines Parqueo Oficinas Ventas,2,19/02/2025,1,21/02/2025,VERDADERO,19/02/2025,-2,Administracion,Celinda Alcivar,,Activo,,,
4,Limpiar adoquines Parqueo Oficinas Ventas,,Clave,Actividad,Ventas,176,176,Limpiar adoquines Parqueo Oficinas Ventas,2,02/07/2025,1,04/07/2025,VERDADERO,02/07/2025,-2,Administracion,Celinda Alcivar,,Activo,,,
4,Limpiar adoquines Parqueo Oficinas Ventas,,Clave,Actividad,Ventas,162,162,Limpiar adoquines Parqueo Oficinas Ventas,1,18/06/2025,1,20/06/2025,VERDADERO,19/06/2025,-1,Administracion,Celinda Alcivar,,Activo,,,
4,Limpiar adoquines Parqueo Oficinas Ventas,,Clave,Actividad,Ventas,165,165,Limpiar adoquines Parqueo Oficinas Ventas,2,21/06/2025,1,23/06/2025,VERDADERO,21/06/2025,-2,Administracion,Celinda Alcivar,,Activo,,,
4,Limpiar adoquines Parqueo Oficinas Ventas,,Clave,Actividad,Ventas,99,99,Limpiar adoquines Parqueo Oficinas Ventas,2,16/04/2025,1,18/04/2025,VERDADERO,16/04/2025,-2,Administracion,Celinda Alcivar,,Activo,,,
4,Limpiar adoquines Parqueo Oficinas Ventas,,Clave,Actividad,Ventas,151,151,Limpiar adoquines Parqueo Oficinas Ventas,2,07/06/2025,1,09/06/2025,VERDADERO,07/06/2025,-2,Administracion,Celinda Alcivar,,Activo,,,
4,Limpiar adoquines Parqueo Oficinas Ventas,,Clave,Actividad,Ventas,155,155,Limpiar adoquines Parqueo Oficinas Ventas,2,11/06/2025,1,13/06/2025,VERDADERO,11/06/2025,-2,Administracion,Celinda Alcivar,,Activo,,,
4,Limpiar adoquines Parqueo Oficinas Ventas,,Clave,Actividad,Ventas,120,120,Limpiar adoquines Parqueo Oficinas Ventas,2,07/05/2025,1,09/05/2025,VERDADERO,07/05/2025,-2,Administracion,Celinda Alcivar,,Activo,,,
4,Limpiar adoquines Parqueo Oficinas Ventas,,Clave,Actividad,Ventas,81,81,Limpiar adoquines Parqueo Oficinas Ventas,2,29/03/2025,1,31/03/2025,VERDADERO,29/03/2025,-2,Administracion,Celinda Alcivar,,Activo,,,
4,Limpiar adoquines Parqueo Oficinas Ventas,,Clave,Actividad,Ventas,88,88,Limpiar adoquines Parqueo Oficinas Ventas,,05/04/2025,1,07/04/2025,VERDADERO,05/04/2025,-2,Administracion,Celinda Alcivar,,Activo,,,
4,Limpiar adoquines Parqueo Oficinas Ventas,,Clave,Actividad,Ventas,123,123,Limpiar adoquines Parqueo Oficinas Ventas,2,10/05/2025,1,12/05/2025,VERDADERO,10/05/2025,-2,Administracion,Celinda Alcivar,,Activo,,,
4,Limpiar adoquines Parqueo Oficinas Ventas,,Clave,Actividad,Ventas,239,239,Limpiar adoquines Parqueo Oficinas Ventas,2,03/09/2025,1,05/09/2025,VERDADERO,03/09/2025,-2,Administracion,Celinda Alcivar,,Activo,,,
4,Limpiar adoquines Parqueo Oficinas Ventas,,Clave,Actividad,Ventas,274,274,Limpiar adoquines Parqueo Oficinas Ventas,2,08/10/2025,1,10/10/2025,VERDADERO,08/10/2025,-2,Administracion,Celinda Alcivar,,Activo,,,
4,Limpiar adoquines Parqueo Oficinas Ventas,,Clave,Actividad,Ventas,225,225,Limpiar adoquines Parqueo Oficinas Ventas,1,20/08/2025,1,22/08/2025,VERDADERO,21/08/2025,-1,Administracion,Celinda Alcivar,,Activo,,,
4,Limpiar adoquines Parqueo Oficinas Ventas,,Clave,Actividad,Ventas,232,232,Limpiar adoquines Parqueo Oficinas Ventas,2,27/08/2025,1,29/08/2025,VERDADERO,27/08/2025,-2,Administracion,Celinda Alcivar,,Activo,,,
4,Limpiar adoquines Parqueo Oficinas Ventas,,Clave,Actividad,Ventas,197,197,Limpiar adoquines Parqueo Oficinas Ventas,2,23/07/2025,1,25/07/2025,VERDADERO,23/07/2025,-2,Administracion,Celinda Alcivar,,Activo,,,
4,Limpiar adoquines Parqueo Oficinas Ventas,,Clave,Actividad,Ventas,256,256,Limpiar adoquines Parqueo Oficinas Ventas,2,20/09/2025,1,22/09/2025,VERDADERO,20/09/2025,-2,Administracion,Celinda Alcivar,,Activo,,,
4,Limpiar adoquines Parqueo Oficinas Ventas,,Clave,Actividad,Ventas,179,179,Limpiar adoquines Parqueo Oficinas Ventas,2,05/07/2025,1,07/07/2025,VERDADERO,05/07/2025,-2,Administracion,Celinda Alcivar,,Activo,,,
4,Limpiar adoquines Parqueo Oficinas Ventas,,Clave,Actividad,Ventas,218,218,Limpiar adoquines Parqueo Oficinas Ventas,2,13/08/2025,1,15/08/2025,VERDADERO,13/08/2025,-2,Administracion,Celinda Alcivar,,Activo,,,
4,Limpiar adoquines Parqueo Oficinas Ventas,,Clave,Actividad,Ventas,316,316,Limpiar adoquines Parqueo Oficinas Ventas,2,19/11/2025,1,21/11/2025,VERDADERO,19/11/2025,-2,Administracion,Celinda Alcivar,,Activo,,,
4,Limpiar adoquines Parqueo Oficinas Ventas,,Clave,Actividad,Ventas,291,291,Limpiar adoquines Parqueo Oficinas Ventas,2,25/10/2025,1,27/10/2025,VERDADERO,25/10/2025,-2,Administracion,Celinda Alcivar,,Activo,,,
4,Limpiar adoquines Parqueo Oficinas Ventas,,Clave,Actividad,Ventas,260,260,Limpiar adoquines Parqueo Oficinas Ventas,2,24/09/2025,1,26/09/2025,VERDADERO,24/09/2025,-2,Administracion,Celinda Alcivar,,Activo,,,
4,Limpiar adoquines Parqueo Oficinas Ventas,,Clave,Actividad,Ventas,319,319,Limpiar adoquines Parqueo Oficinas Ventas,2,22/11/2025,1,24/11/2025,VERDADERO,22/11/2025,-2,Administracion,Celinda Alcivar,,Activo,,,
4,Limpiar adoquines Parqueo Oficinas Ventas,,Clave,Actividad,Ventas,337,337,Limpiar adoquines Parqueo Oficinas Ventas,2,10/12/2025,1,12/12/2025,VERDADERO,10/12/2025,-2,Administracion,Celinda Alcivar,,Activo,,,
4,Limpiar adoquines Parqueo Oficinas Ventas,,Clave,Actividad,Ventas,141,141,Limpiar adoquines Parqueo Oficinas Ventas,2,28/05/2025,1,30/05/2025,VERDADERO,28/05/2025,-2,Administracion,Celinda Alcivar,,Activo,,,
4,Limpiar adoquines Parqueo Oficinas Ventas,,Clave,Actividad,Ventas,46,46,Limpiar adoquines Parqueo Oficinas Ventas,2,22/02/2025,1,24/02/2025,VERDADERO,22/02/2025,-2,Administracion,Celinda Alcivar,,Activo,,,
4,Limpiar adoquines Parqueo Oficinas Ventas,,Clave,Actividad,Ventas,351,351,Limpiar adoquines Parqueo Oficinas Ventas,2,24/12/2025,1,26/12/2025,VERDADERO,24/12/2025,-2,Administracion,Celinda Alcivar,,Activo,,,
4,Limpiar adoquines Parqueo Oficinas Ventas,,Clave,Actividad,Ventas,344,344,Limpiar adoquines Parqueo Oficinas Ventas,2,17/12/2025,1,19/12/2025,VERDADERO,17/12/2025,-2,Administracion,Celinda Alcivar,,Activo,,,Permiso de Ausencia 
4,Limpiar adoquines Parqueo Oficinas Ventas,,Clave,Actividad,Ventas,309,309,Limpiar adoquines Parqueo Oficinas Ventas,2,12/11/2025,1,14/11/2025,VERDADERO,12/11/2025,-2,Administracion,Celinda Alcivar,,Activo,,,
4,Limpiar adoquines Parqueo Oficinas Ventas,,Clave,Actividad,Ventas,302,302,Limpiar adoquines Parqueo Oficinas Ventas,2,05/11/2025,1,07/11/2025,VERDADERO,05/11/2025,-2,Administracion,Celinda Alcivar,,Activo,,,
4,Limpiar adoquines Parqueo Oficinas Ventas,,Clave,Actividad,Ventas,186,186,Limpiar adoquines Parqueo Oficinas Ventas,2,12/07/2025,1,14/07/2025,VERDADERO,12/07/2025,-2,Administracion,Celinda Alcivar,,Activo,,,
4,Limpiar adoquines Parqueo Oficinas Ventas,,Clave,Actividad,Ventas,312,312,Limpiar adoquines Parqueo Oficinas Ventas,2,15/11/2025,1,17/11/2025,VERDADERO,15/11/2025,-2,Administracion,Celinda Alcivar,,Activo,,,
4,Limpiar adoquines Parqueo Oficinas Ventas,,Clave,Actividad,Ventas,200,200,Limpiar adoquines Parqueo Oficinas Ventas,2,26/07/2025,1,28/07/2025,VERDADERO,26/07/2025,-2,Administracion,Celinda Alcivar,,Activo,,,
4,Limpiar adoquines Parqueo Oficinas Ventas,,Clave,Actividad,Ventas,347,347,Limpiar adoquines Parqueo Oficinas Ventas,2,20/12/2025,1,22/12/2025,VERDADERO,20/12/2025,-2,Administracion,Celinda Alcivar,,Activo,,,
4,Limpiar adoquines Parqueo Oficinas Ventas,,Clave,Actividad,Ventas,193,193,Limpiar adoquines Parqueo Oficinas Ventas,2,19/07/2025,1,21/07/2025,VERDADERO,19/07/2025,-2,Administracion,Celinda Alcivar,,Activo,,,
4,Limpiar adoquines Parqueo Oficinas Ventas,,Clave,Actividad,Ventas,235,235,Limpiar adoquines Parqueo Oficinas Ventas,2,30/08/2025,1,01/09/2025,VERDADERO,30/08/2025,-2,Administracion,Celinda Alcivar,,Activo,,,
4,Limpiar adoquines Parqueo Oficinas Ventas,,Clave,Actividad,Ventas,249,249,Limpiar adoquines Parqueo Oficinas Ventas,2,13/09/2025,1,15/09/2025,VERDADERO,13/09/2025,-2,Administracion,Celinda Alcivar,,Activo,,,
4,Limpiar adoquines Parqueo Oficinas Ventas,,Clave,Actividad,Ventas,190,190,Limpiar adoquines Parqueo Oficinas Ventas,2,16/07/2025,1,18/07/2025,VERDADERO,16/07/2025,-2,Administracion,Celinda Alcivar,,Activo,,,
4,Limpiar adoquines Parqueo Oficinas Ventas,,Clave,Actividad,Ventas,242,242,Limpiar adoquines Parqueo Oficinas Ventas,2,06/09/2025,1,08/09/2025,VERDADERO,06/09/2025,-2,Administracion,Celinda Alcivar,,Activo,,,
4,Limpiar adoquines Parqueo Oficinas Ventas,,Clave,Actividad,Ventas,277,277,Limpiar adoquines Parqueo Oficinas Ventas,2,11/10/2025,1,13/10/2025,VERDADERO,11/10/2025,-2,Administracion,Celinda Alcivar,,Activo,,,
4,Limpiar adoquines Parqueo Oficinas Ventas,,Clave,Actividad,Ventas,284,284,Limpiar adoquines Parqueo Oficinas Ventas,2,18/10/2025,1,20/10/2025,VERDADERO,18/10/2025,-2,Administracion,Celinda Alcivar,,Activo,,,
4,Limpiar adoquines Parqueo Oficinas Ventas,,Clave,Actividad,Ventas,92,92,Limpiar adoquines Parqueo Oficinas Ventas,2,09/04/2025,1,11/04/2025,VERDADERO,09/04/2025,-2,Administracion,Celinda Alcivar,,Activo,,,
4,Limpiar adoquines Parqueo Oficinas Ventas,,Clave,Actividad,Ventas,67,67,Limpiar adoquines Parqueo Oficinas Ventas,2,15/03/2025,1,17/03/2025,VERDADERO,15/03/2025,-2,Administracion,Celinda Alcivar,,Activo,,,
4,Limpiar adoquines Parqueo Oficinas Ventas,,Clave,Actividad,Ventas,144,144,Limpiar adoquines Parqueo Oficinas Ventas,2,31/05/2025,1,02/06/2025,VERDADERO,31/05/2025,-2,Administracion,Celinda Alcivar,,Activo,,,
4,Limpiar adoquines Parqueo Oficinas Ventas,,Clave,Actividad,Ventas,267,267,Limpiar adoquines Parqueo Oficinas Ventas,2,01/10/2025,1,03/10/2025,VERDADERO,01/10/2025,-2,Administracion,Celinda Alcivar,,Activo,,,
4,Limpiar adoquines Parqueo Oficinas Ventas,,Clave,Actividad,Ventas,102,102,Limpiar adoquines Parqueo Oficinas Ventas,0,19/04/2025,1,21/04/2025,VERDADERO,19/04/2025,-2,Administracion,Celinda Alcivar,,Activo,,,Feriado 
4,Limpiar adoquines Parqueo Oficinas Ventas,,Clave,Actividad,Ventas,158,158,Limpiar adoquines Parqueo Oficinas Ventas,2,14/06/2025,1,16/06/2025,VERDADERO,14/06/2025,-2,Administracion,Celinda Alcivar,,Activo,,,
4,Limpiar adoquines Parqueo Oficinas Ventas,,Clave,Actividad,Ventas,169,169,Limpiar adoquines Parqueo Oficinas Ventas,2,25/06/2025,1,27/06/2025,VERDADERO,25/06/2025,-2,Administracion,Celinda Alcivar,,Activo,,,
4,Limpiar adoquines Parqueo Oficinas Ventas,,Clave,Actividad,Ventas,246,246,Limpiar adoquines Parqueo Oficinas Ventas,2,10/09/2025,1,12/09/2025,VERDADERO,10/09/2025,-2,Administracion,Celinda Alcivar,,Activo,,,
4,Limpiar adoquines Parqueo Oficinas Ventas,,Clave,Actividad,Ventas,183,183,Limpiar adoquines Parqueo Oficinas Ventas,2,09/07/2025,1,11/07/2025,VERDADERO,09/07/2025,-2,Administracion,Celinda Alcivar,,Activo,,,
4,Limpiar adoquines Parqueo Oficinas Ventas,,Clave,Actividad,Ventas,221,221,Limpiar adoquines Parqueo Oficinas Ventas,2,16/08/2025,1,18/08/2025,VERDADERO,16/08/2025,-2,Administracion,Celinda Alcivar,,Activo,,,
4,Limpiar adoquines Parqueo Oficinas Ventas,,Clave,Actividad,Ventas,333,333,Limpiar adoquines Parqueo Oficinas Ventas,2,06/12/2025,1,08/12/2025,VERDADERO,06/12/2025,-2,Administracion,Celinda Alcivar,,Activo,,,
4,Limpiar adoquines Parqueo Oficinas Ventas,,Clave,Actividad,Ventas,288,288,Limpiar adoquines Parqueo Oficinas Ventas,2,22/10/2025,1,24/10/2025,VERDADERO,22/10/2025,-2,Administracion,Celinda Alcivar,,Activo,,,
4,Limpiar adoquines Parqueo Oficinas Ventas,,Clave,Actividad,Ventas,228,228,Limpiar adoquines Parqueo Oficinas Ventas,2,23/08/2025,1,25/08/2025,VERDADERO,23/08/2025,-2,Administracion,Celinda Alcivar,,Activo,,,
4,Limpiar adoquines Parqueo Oficinas Ventas,,Clave,Actividad,Ventas,340,340,Limpiar adoquines Parqueo Oficinas Ventas,2,13/12/2025,1,15/12/2025,VERDADERO,13/12/2025,-2,Administracion,Celinda Alcivar,,Activo,,,
4,Limpiar adoquines Parqueo Oficinas Ventas,,Clave,Actividad,Ventas,214,214,Limpiar adoquines Parqueo Oficinas Ventas,2,09/08/2025,1,11/08/2025,VERDADERO,09/08/2025,-2,Administracion,Celinda Alcivar,,Activo,,,
4,Limpiar adoquines Parqueo Oficinas Ventas,,Clave,Actividad,Ventas,326,326,Limpiar adoquines Parqueo Oficinas Ventas,2,29/11/2025,1,01/12/2025,VERDADERO,29/11/2025,-2,Administracion,Celinda Alcivar,,Activo,,,
4,Limpiar adoquines Parqueo Oficinas Ventas,,Clave,Actividad,Ventas,172,172,Limpiar adoquines Parqueo Oficinas Ventas,2,28/06/2025,1,30/06/2025,VERDADERO,28/06/2025,-2,Administracion,Celinda Alcivar,,Activo,,,
4,Limpiar adoquines Parqueo Oficinas Ventas,,Clave,Actividad,Ventas,305,305,Limpiar adoquines Parqueo Oficinas Ventas,2,08/11/2025,1,10/11/2025,VERDADERO,08/11/2025,-2,Administracion,Celinda Alcivar,,Activo,,,
4,Limpiar adoquines Parqueo Oficinas Ventas,,Clave,Actividad,Ventas,74,74,Limpiar adoquines Parqueo Oficinas Ventas,2,22/03/2025,1,24/03/2025,VERDADERO,22/03/2025,-2,Administracion,Celinda Alcivar,,Activo,,,
4,Limpiar adoquines Parqueo Oficinas Ventas,,Clave,Actividad,Ventas,127,127,Limpiar adoquines Parqueo Oficinas Ventas,2,14/05/2025,1,16/05/2025,VERDADERO,14/05/2025,-2,Administracion,Celinda Alcivar,,Activo,,,
4,Limpiar adoquines Parqueo Oficinas Ventas,,Clave,Actividad,Ventas,253,253,Limpiar adoquines Parqueo Oficinas Ventas,2,17/09/2025,1,19/09/2025,VERDADERO,17/09/2025,-2,Administracion,Celinda Alcivar,,Activo,,,
4,Limpiar adoquines Parqueo Oficinas Ventas,,Clave,Actividad,Ventas,95,95,Limpiar adoquines Parqueo Oficinas Ventas,2,12/04/2025,1,14/04/2025,VERDADERO,12/04/2025,-2,Administracion,Celinda Alcivar,,Activo,,,
4,Limpiar adoquines Parqueo Oficinas Ventas,,Clave,Actividad,Ventas,330,330,Limpiar adoquines Parqueo Oficinas Ventas,2,03/12/2025,1,05/12/2025,VERDADERO,03/12/2025,-2,Administracion,Celinda Alcivar,,Activo,,,
4,Limpiar adoquines Parqueo Oficinas Ventas,,Clave,Actividad,Ventas,298,298,Limpiar adoquines Parqueo Oficinas Ventas,2,01/11/2025,1,03/11/2025,VERDADERO,01/11/2025,-2,Administracion,Celinda Alcivar,,Activo,,,
4,Limpiar adoquines Parqueo Oficinas Ventas,,Clave,Actividad,Ventas,323,323,Limpiar adoquines Parqueo Oficinas Ventas,2,26/11/2025,1,28/11/2025,VERDADERO,26/11/2025,-2,Administracion,Celinda Alcivar,,Activo,,,
4,Limpiar adoquines Parqueo Oficinas Ventas,,Clave,Actividad,Ventas,148,148,Limpiar adoquines Parqueo Oficinas Ventas,2,04/06/2025,1,06/06/2025,VERDADERO,04/06/2025,-2,Administracion,Celinda Alcivar,,Activo,,,
4,Limpiar adoquines Parqueo Oficinas Ventas,,Clave,Actividad,Ventas,211,211,Limpiar adoquines Parqueo Oficinas Ventas,2,06/08/2025,1,08/08/2025,VERDADERO,06/08/2025,-2,Administracion,Celinda Alcivar,,Activo,,,
4,Limpiar adoquines Parqueo Oficinas Ventas,,Clave,Actividad,Ventas,354,354,Limpiar adoquines Parqueo Oficinas Ventas,2,27/12/2025,1,29/12/2025,VERDADERO,27/12/2025,-2,Administracion,Celinda Alcivar,,Activo,,,
4,Limpiar adoquines Parqueo Oficinas Ventas,,Clave,Actividad,Ventas,295,295,Limpiar adoquines Parqueo Oficinas Ventas,2,29/10/2025,1,31/10/2025,VERDADERO,29/10/2025,-2,Administracion,Celinda Alcivar,,Activo,,,
4,Limpiar adoquines Parqueo Oficinas Ventas,,Clave,Actividad,Ventas,281,281,Limpiar adoquines Parqueo Oficinas Ventas,2,15/10/2025,1,17/10/2025,VERDADERO,15/10/2025,-2,Administracion,Celinda Alcivar,,Activo,,,
4,Limpiar adoquines Parqueo Oficinas Ventas,,Clave,Actividad,Ventas,270,270,Limpiar adoquines Parqueo Oficinas Ventas,2,04/10/2025,1,06/10/2025,VERDADERO,04/10/2025,-2,Administracion,Celinda Alcivar,,Activo,,,
4,Limpiar adoquines Parqueo Oficinas Ventas,,Clave,Actividad,Ventas,263,263,Limpiar adoquines Parqueo Oficinas Ventas,2,27/09/2025,1,29/09/2025,VERDADERO,27/09/2025,-2,Administracion,Celinda Alcivar,,Activo,,,
4,Limpiar adoquines Parqueo Oficinas Ventas,,Clave,Actividad,Ventas,204,204,Limpiar adoquines Parqueo Oficinas Ventas,2,30/07/2025,1,01/08/2025,VERDADERO,30/07/2025,-2,Administracion,Celinda Alcivar,,Activo,,,
4,Limpiar adoquines Parqueo Oficinas Ventas,,Clave,Actividad,Ventas,207,207,Limpiar adoquines Parqueo Oficinas Ventas,2,02/08/2025,1,04/08/2025,VERDADERO,02/08/2025,-2,Administracion,Celinda Alcivar,,Activo,,,
4,Limpiar adoquines Parqueo Oficinas Ventas,,Clave,Actividad,Ventas,134,134,Limpiar adoquines Parqueo Oficinas Ventas,2,21/05/2025,1,23/05/2025,VERDADERO,21/05/2025,-2,Administracion,Celinda Alcivar,,Activo,,,
5,Limpiar adoquín Parqueo Oficinas Central.,,Clave,Actividad,Business Center,1,1,Limpiar adoquín Parqueo Oficinas Central.,,08/01/2025,1,10/01/2025,VERDADERO,08/01/2025,-2,Administracion,Celinda Alcivar,,Activo,,,
5,Limpiar adoquín Parqueo Oficinas Central.,,Clave,Actividad,Business Center,116,116,Limpiar adoquín Parqueo Oficinas Central.,3,03/05/2025,1,05/05/2025,VERDADERO,03/05/2025,-2,Administracion,Celinda Alcivar,,Activo,,,
5,Limpiar adoquín Parqueo Oficinas Central.,,Clave,Actividad,Business Center,11,11,Limpiar adoquín Parqueo Oficinas Central.,,18/01/2025,1,20/01/2025,VERDADERO,18/01/2025,-2,Administracion,Celinda Alcivar,,Activo,,,
5,Limpiar adoquín Parqueo Oficinas Central.,,Clave,Actividad,Business Center,4,4,Limpiar adoquín Parqueo Oficinas Central.,,11/01/2025,1,13/01/2025,VERDADERO,11/01/2025,-2,Administracion,Celinda Alcivar,,Activo,,,
5,Limpiar adoquín Parqueo Oficinas Central.,,Clave,Actividad,Business Center,15,15,Limpiar adoquín Parqueo Oficinas Central.,1,22/01/2025,1,24/01/2025,VERDADERO,23/01/2025,-1,Administracion,Celinda Alcivar,,Activo,,,"La Limpieza de los Adoquines del los Parques de Oficina Central, no se pudieron realizar xq se daño el Soplador. Adjuntos fotos del Daño y el Solicitando para mandarlo arreglar al Taller. "
5,Limpiar adoquín Parqueo Oficinas Central.,,Clave,Actividad,Business Center,18,18,Limpiar adoquín Parqueo Oficinas Central.,-1,25/01/2025,1,27/01/2025,VERDADERO,25/01/2025,-2,Administracion,Celinda Alcivar,,Activo,,,
5,Limpiar adoquín Parqueo Oficinas Central.,,Clave,Actividad,Business Center,29,29,Limpiar adoquín Parqueo Oficinas Central.,0,05/02/2025,1,07/02/2025,VERDADERO,05/02/2025,-2,Administracion,Celinda Alcivar,,Activo,,,
5,Limpiar adoquín Parqueo Oficinas Central.,,Clave,Actividad,Business Center,22,22,Limpiar adoquín Parqueo Oficinas Central.,2,29/01/2025,1,31/01/2025,VERDADERO,29/01/2025,-2,Administracion,Celinda Alcivar,,Activo,,,
5,Limpiar adoquín Parqueo Oficinas Central.,,Clave,Actividad,Business Center,32,32,Limpiar adoquín Parqueo Oficinas Central.,2,08/02/2025,1,10/02/2025,VERDADERO,08/02/2025,-2,Administracion,Celinda Alcivar,,Activo,,,
5,Limpiar adoquín Parqueo Oficinas Central.,,Clave,Actividad,Business Center,25,25,Limpiar adoquín Parqueo Oficinas Central.,1,01/02/2025,1,03/02/2025,VERDADERO,01/02/2025,-2,Administracion,Celinda Alcivar,,Activo,,,
5,Limpiar adoquín Parqueo Oficinas Central.,,Clave,Actividad,Business Center,39,39,Limpiar adoquín Parqueo Oficinas Central.,2,15/02/2025,1,17/02/2025,VERDADERO,15/02/2025,-2,Administracion,Celinda Alcivar,,Activo,,,
5,Limpiar adoquín Parqueo Oficinas Central.,,Clave,Actividad,Business Center,36,36,Limpiar adoquín Parqueo Oficinas Central.,2,12/02/2025,1,14/02/2025,VERDADERO,12/02/2025,-2,Administracion,Celinda Alcivar,,Activo,,,
5,Limpiar adoquín Parqueo Oficinas Central.,,Clave,Actividad,Business Center,8,8,Limpiar adoquín Parqueo Oficinas Central.,,15/01/2025,1,17/01/2025,VERDADERO,15/01/2025,-2,Administracion,Celinda Alcivar,,Activo,,,
5,Limpiar adoquín Parqueo Oficinas Central.,,Clave,Actividad,Business Center,43,43,Limpiar adoquín Parqueo Oficinas Central.,2,19/02/2025,1,21/02/2025,VERDADERO,19/02/2025,-2,Administracion,Celinda Alcivar,,Activo,,,
5,Limpiar adoquín Parqueo Oficinas Central.,,Clave,Actividad,Business Center,64,64,Limpiar adoquín Parqueo Oficinas Central.,2,12/03/2025,1,14/03/2025,VERDADERO,12/03/2025,-2,Administracion,Celinda Alcivar,,Activo,,,
5,Limpiar adoquín Parqueo Oficinas Central.,,Clave,Actividad,Business Center,46,46,Limpiar adoquín Parqueo Oficinas Central.,2,22/02/2025,1,24/02/2025,VERDADERO,22/02/2025,-2,Administracion,Celinda Alcivar,,Activo,,,
5,Limpiar adoquín Parqueo Oficinas Central.,,Clave,Actividad,Business Center,74,74,Limpiar adoquín Parqueo Oficinas Central.,2,22/03/2025,1,24/03/2025,VERDADERO,22/03/2025,-2,Administracion,Celinda Alcivar,,Activo,,,
5,Limpiar adoquín Parqueo Oficinas Central.,,Clave,Actividad,Business Center,67,67,Limpiar adoquín Parqueo Oficinas Central.,2,15/03/2025,1,17/03/2025,VERDADERO,15/03/2025,-2,Administracion,Celinda Alcivar,,Activo,,,
5,Limpiar adoquín Parqueo Oficinas Central.,,Clave,Actividad,Business Center,57,57,Limpiar adoquín Parqueo Oficinas Central.,2,05/03/2025,1,07/03/2025,VERDADERO,05/03/2025,-2,Administracion,Celinda Alcivar,,Activo,,,
5,Limpiar adoquín Parqueo Oficinas Central.,,Clave,Actividad,Business Center,53,53,Limpiar adoquín Parqueo Oficinas Central.,2,01/03/2025,1,03/03/2025,VERDADERO,01/03/2025,-2,Administracion,Celinda Alcivar,,Activo,,,
5,Limpiar adoquín Parqueo Oficinas Central.,,Clave,Actividad,Business Center,71,71,Limpiar adoquín Parqueo Oficinas Central.,2,19/03/2025,1,21/03/2025,VERDADERO,19/03/2025,-2,Administracion,Celinda Alcivar,,Activo,,,
5,Limpiar adoquín Parqueo Oficinas Central.,,Clave,Actividad,Business Center,85,85,Limpiar adoquín Parqueo Oficinas Central.,,02/04/2025,1,04/04/2025,VERDADERO,02/04/2025,-2,Administracion,Celinda Alcivar,,Activo,,,
5,Limpiar adoquín Parqueo Oficinas Central.,,Clave,Actividad,Business Center,81,81,Limpiar adoquín Parqueo Oficinas Central.,2,29/03/2025,1,31/03/2025,VERDADERO,29/03/2025,-2,Administracion,Celinda Alcivar,,Activo,,,
5,Limpiar adoquín Parqueo Oficinas Central.,,Clave,Actividad,Business Center,78,78,Limpiar adoquín Parqueo Oficinas Central.,2,26/03/2025,1,28/03/2025,VERDADERO,26/03/2025,-2,Administracion,Celinda Alcivar,,Activo,,,
5,Limpiar adoquín Parqueo Oficinas Central.,,Clave,Actividad,Business Center,88,88,Limpiar adoquín Parqueo Oficinas Central.,,05/04/2025,1,07/04/2025,VERDADERO,05/04/2025,-2,Administracion,Celinda Alcivar,,Activo,,,
5,Limpiar adoquín Parqueo Oficinas Central.,,Clave,Actividad,Business Center,60,60,Limpiar adoquín Parqueo Oficinas Central.,2,08/03/2025,1,10/03/2025,VERDADERO,08/03/2025,-2,Administracion,Celinda Alcivar,,Activo,,,
5,Limpiar adoquín Parqueo Oficinas Central.,,Clave,Actividad,Business Center,95,95,Limpiar adoquín Parqueo Oficinas Central.,2,12/04/2025,1,14/04/2025,VERDADERO,12/04/2025,-2,Administracion,Celinda Alcivar,,Activo,,,
5,Limpiar adoquín Parqueo Oficinas Central.,,Clave,Actividad,Business Center,109,109,Limpiar adoquín Parqueo Oficinas Central.,2,26/04/2025,1,28/04/2025,VERDADERO,26/04/2025,-2,Administracion,Celinda Alcivar,,Activo,,,
5,Limpiar adoquín Parqueo Oficinas Central.,,Clave,Actividad,Business Center,99,99,Limpiar adoquín Parqueo Oficinas Central.,2,16/04/2025,1,18/04/2025,VERDADERO,16/04/2025,-2,Administracion,Celinda Alcivar,,Activo,,,
5,Limpiar adoquín Parqueo Oficinas Central.,,Clave,Actividad,Business Center,50,50,Limpiar adoquín Parqueo Oficinas Central.,2,26/02/2025,1,28/02/2025,VERDADERO,26/02/2025,-2,Administracion,Celinda Alcivar,,Activo,,,
5,Limpiar adoquín Parqueo Oficinas Central.,,Clave,Actividad,Business Center,106,106,Limpiar adoquín Parqueo Oficinas Central.,2,23/04/2025,1,25/04/2025,VERDADERO,23/04/2025,-2,Administracion,Celinda Alcivar,,Activo,,,
5,Limpiar adoquín Parqueo Oficinas Central.,,Clave,Actividad,Business Center,123,123,Limpiar adoquín Parqueo Oficinas Central.,2,10/05/2025,1,12/05/2025,VERDADERO,10/05/2025,-2,Administracion,Celinda Alcivar,,Activo,,,
5,Limpiar adoquín Parqueo Oficinas Central.,,Clave,Actividad,Business Center,144,144,Limpiar adoquín Parqueo Oficinas Central.,2,31/05/2025,1,02/06/2025,VERDADERO,31/05/2025,-2,Administracion,Celinda Alcivar,,Activo,,,
5,Limpiar adoquín Parqueo Oficinas Central.,,Clave,Actividad,Business Center,120,120,Limpiar adoquín Parqueo Oficinas Central.,2,07/05/2025,1,09/05/2025,VERDADERO,07/05/2025,-2,Administracion,Celinda Alcivar,,Activo,,,
5,Limpiar adoquín Parqueo Oficinas Central.,,Clave,Actividad,Business Center,197,197,Limpiar adoquín Parqueo Oficinas Central.,2,23/07/2025,1,25/07/2025,VERDADERO,23/07/2025,-2,Administracion,Celinda Alcivar,,Activo,,,
5,Limpiar adoquín Parqueo Oficinas Central.,,Clave,Actividad,Business Center,235,235,Limpiar adoquín Parqueo Oficinas Central.,2,30/08/2025,1,01/09/2025,VERDADERO,30/08/2025,-2,Administracion,Celinda Alcivar,,Activo,,,
5,Limpiar adoquín Parqueo Oficinas Central.,,Clave,Actividad,Business Center,186,186,Limpiar adoquín Parqueo Oficinas Central.,2,12/07/2025,1,14/07/2025,VERDADERO,12/07/2025,-2,Administracion,Celinda Alcivar,,Activo,,,
5,Limpiar adoquín Parqueo Oficinas Central.,,Clave,Actividad,Business Center,176,176,Limpiar adoquín Parqueo Oficinas Central.,2,02/07/2025,1,04/07/2025,VERDADERO,02/07/2025,-2,Administracion,Celinda Alcivar,,Activo,,,
5,Limpiar adoquín Parqueo Oficinas Central.,,Clave,Actividad,Business Center,239,239,Limpiar adoquín Parqueo Oficinas Central.,2,03/09/2025,1,05/09/2025,VERDADERO,03/09/2025,-2,Administracion,Celinda Alcivar,,Activo,,,
5,Limpiar adoquín Parqueo Oficinas Central.,,Clave,Actividad,Business Center,232,232,Limpiar adoquín Parqueo Oficinas Central.,2,27/08/2025,1,29/08/2025,VERDADERO,27/08/2025,-2,Administracion,Celinda Alcivar,,Activo,,,
5,Limpiar adoquín Parqueo Oficinas Central.,,Clave,Actividad,Business Center,242,242,Limpiar adoquín Parqueo Oficinas Central.,2,06/09/2025,1,08/09/2025,VERDADERO,06/09/2025,-2,Administracion,Celinda Alcivar,,Activo,,,
5,Limpiar adoquín Parqueo Oficinas Central.,,Clave,Actividad,Business Center,193,193,Limpiar adoquín Parqueo Oficinas Central.,2,19/07/2025,1,21/07/2025,VERDADERO,19/07/2025,-2,Administracion,Celinda Alcivar,,Activo,,,
5,Limpiar adoquín Parqueo Oficinas Central.,,Clave,Actividad,Business Center,274,274,Limpiar adoquín Parqueo Oficinas Central.,2,08/10/2025,1,10/10/2025,VERDADERO,08/10/2025,-2,Administracion,Celinda Alcivar,,Activo,,,
5,Limpiar adoquín Parqueo Oficinas Central.,,Clave,Actividad,Business Center,92,92,Limpiar adoquín Parqueo Oficinas Central.,2,09/04/2025,1,11/04/2025,VERDADERO,09/04/2025,-2,Administracion,Celinda Alcivar,,Activo,,,
5,Limpiar adoquín Parqueo Oficinas Central.,,Clave,Actividad,Business Center,151,151,Limpiar adoquín Parqueo Oficinas Central.,2,07/06/2025,1,09/06/2025,VERDADERO,07/06/2025,-2,Administracion,Celinda Alcivar,,Activo,,,
5,Limpiar adoquín Parqueo Oficinas Central.,,Clave,Actividad,Business Center,113,113,Limpiar adoquín Parqueo Oficinas Central.,2,30/04/2025,1,02/05/2025,VERDADERO,30/04/2025,-2,Administracion,Celinda Alcivar,,Activo,,,
5,Limpiar adoquín Parqueo Oficinas Central.,,Clave,Actividad,Business Center,162,162,Limpiar adoquín Parqueo Oficinas Central.,1,18/06/2025,1,20/06/2025,VERDADERO,19/06/2025,-1,Administracion,Celinda Alcivar,,Activo,,,
5,Limpiar adoquín Parqueo Oficinas Central.,,Clave,Actividad,Business Center,204,204,Limpiar adoquín Parqueo Oficinas Central.,2,30/07/2025,1,01/08/2025,VERDADERO,30/07/2025,-2,Administracion,Celinda Alcivar,,Activo,,,
5,Limpiar adoquín Parqueo Oficinas Central.,,Clave,Actividad,Business Center,141,141,Limpiar adoquín Parqueo Oficinas Central.,2,28/05/2025,1,30/05/2025,VERDADERO,28/05/2025,-2,Administracion,Celinda Alcivar,,Activo,,,
5,Limpiar adoquín Parqueo Oficinas Central.,,Clave,Actividad,Business Center,218,218,Limpiar adoquín Parqueo Oficinas Central.,2,13/08/2025,1,15/08/2025,VERDADERO,13/08/2025,-2,Administracion,Celinda Alcivar,,Activo,,,
5,Limpiar adoquín Parqueo Oficinas Central.,,Clave,Actividad,Business Center,165,165,Limpiar adoquín Parqueo Oficinas Central.,2,21/06/2025,1,23/06/2025,VERDADERO,21/06/2025,-2,Administracion,Celinda Alcivar,,Activo,,,
5,Limpiar adoquín Parqueo Oficinas Central.,,Clave,Actividad,Business Center,267,267,Limpiar adoquín Parqueo Oficinas Central.,2,01/10/2025,1,03/10/2025,VERDADERO,01/10/2025,-2,Administracion,Celinda Alcivar,,Activo,,,
5,Limpiar adoquín Parqueo Oficinas Central.,,Clave,Actividad,Business Center,277,277,Limpiar adoquín Parqueo Oficinas Central.,2,11/10/2025,1,13/10/2025,VERDADERO,11/10/2025,-2,Administracion,Celinda Alcivar,,Activo,,,
5,Limpiar adoquín Parqueo Oficinas Central.,,Clave,Actividad,Business Center,207,207,Limpiar adoquín Parqueo Oficinas Central.,2,02/08/2025,1,04/08/2025,VERDADERO,02/08/2025,-2,Administracion,Celinda Alcivar,,Activo,,,
5,Limpiar adoquín Parqueo Oficinas Central.,,Clave,Actividad,Business Center,179,179,Limpiar adoquín Parqueo Oficinas Central.,2,05/07/2025,1,07/07/2025,VERDADERO,05/07/2025,-2,Administracion,Celinda Alcivar,,Activo,,,
5,Limpiar adoquín Parqueo Oficinas Central.,,Clave,Actividad,Business Center,281,281,Limpiar adoquín Parqueo Oficinas Central.,2,15/10/2025,1,17/10/2025,VERDADERO,15/10/2025,-2,Administracion,Celinda Alcivar,,Activo,,,
5,Limpiar adoquín Parqueo Oficinas Central.,,Clave,Actividad,Business Center,256,256,Limpiar adoquín Parqueo Oficinas Central.,2,20/09/2025,1,22/09/2025,VERDADERO,20/09/2025,-2,Administracion,Celinda Alcivar,,Activo,,,
5,Limpiar adoquín Parqueo Oficinas Central.,,Clave,Actividad,Business Center,284,284,Limpiar adoquín Parqueo Oficinas Central.,2,18/10/2025,1,20/10/2025,VERDADERO,18/10/2025,-2,Administracion,Celinda Alcivar,,Activo,,,
5,Limpiar adoquín Parqueo Oficinas Central.,,Clave,Actividad,Business Center,253,253,Limpiar adoquín Parqueo Oficinas Central.,2,17/09/2025,1,19/09/2025,VERDADERO,17/09/2025,-2,Administracion,Celinda Alcivar,,Activo,,,
5,Limpiar adoquín Parqueo Oficinas Central.,,Clave,Actividad,Business Center,130,130,Limpiar adoquín Parqueo Oficinas Central.,2,17/05/2025,1,19/05/2025,VERDADERO,17/05/2025,-2,Administracion,Celinda Alcivar,,Activo,,,
5,Limpiar adoquín Parqueo Oficinas Central.,,Clave,Actividad,Business Center,190,190,Limpiar adoquín Parqueo Oficinas Central.,2,16/07/2025,1,18/07/2025,VERDADERO,16/07/2025,-2,Administracion,Celinda Alcivar,,Activo,,,
5,Limpiar adoquín Parqueo Oficinas Central.,,Clave,Actividad,Business Center,127,127,Limpiar adoquín Parqueo Oficinas Central.,2,14/05/2025,1,16/05/2025,VERDADERO,14/05/2025,-2,Administracion,Celinda Alcivar,,Activo,,,
5,Limpiar adoquín Parqueo Oficinas Central.,,Clave,Actividad,Business Center,260,260,Limpiar adoquín Parqueo Oficinas Central.,2,24/09/2025,1,26/09/2025,VERDADERO,24/09/2025,-2,Administracion,Celinda Alcivar,,Activo,,,
5,Limpiar adoquín Parqueo Oficinas Central.,,Clave,Actividad,Business Center,148,148,Limpiar adoquín Parqueo Oficinas Central.,2,04/06/2025,1,06/06/2025,VERDADERO,04/06/2025,-2,Administracion,Celinda Alcivar,,Activo,,,
5,Limpiar adoquín Parqueo Oficinas Central.,,Clave,Actividad,Business Center,246,246,Limpiar adoquín Parqueo Oficinas Central.,2,10/09/2025,1,12/09/2025,VERDADERO,10/09/2025,-2,Administracion,Celinda Alcivar,,Activo,,,
5,Limpiar adoquín Parqueo Oficinas Central.,,Clave,Actividad,Business Center,298,298,Limpiar adoquín Parqueo Oficinas Central.,2,01/11/2025,1,03/11/2025,VERDADERO,01/11/2025,-2,Administracion,Celinda Alcivar,,Activo,,,
5,Limpiar adoquín Parqueo Oficinas Central.,,Clave,Actividad,Business Center,295,295,Limpiar adoquín Parqueo Oficinas Central.,2,29/10/2025,1,31/10/2025,VERDADERO,29/10/2025,-2,Administracion,Celinda Alcivar,,Activo,,,
5,Limpiar adoquín Parqueo Oficinas Central.,,Clave,Actividad,Business Center,312,312,Limpiar adoquín Parqueo Oficinas Central.,2,15/11/2025,1,17/11/2025,VERDADERO,15/11/2025,-2,Administracion,Celinda Alcivar,,Activo,,,
5,Limpiar adoquín Parqueo Oficinas Central.,,Clave,Actividad,Business Center,288,288,Limpiar adoquín Parqueo Oficinas Central.,2,22/10/2025,1,24/10/2025,VERDADERO,22/10/2025,-2,Administracion,Celinda Alcivar,,Activo,,,
5,Limpiar adoquín Parqueo Oficinas Central.,,Clave,Actividad,Business Center,221,221,Limpiar adoquín Parqueo Oficinas Central.,2,16/08/2025,1,18/08/2025,VERDADERO,16/08/2025,-2,Administracion,Celinda Alcivar,,Activo,,,
5,Limpiar adoquín Parqueo Oficinas Central.,,Clave,Actividad,Business Center,172,172,Limpiar adoquín Parqueo Oficinas Central.,2,28/06/2025,1,30/06/2025,VERDADERO,28/06/2025,-2,Administracion,Celinda Alcivar,,Activo,,,
5,Limpiar adoquín Parqueo Oficinas Central.,,Clave,Actividad,Business Center,305,305,Limpiar adoquín Parqueo Oficinas Central.,2,08/11/2025,1,10/11/2025,VERDADERO,08/11/2025,-2,Administracion,Celinda Alcivar,,Activo,,,
5,Limpiar adoquín Parqueo Oficinas Central.,,Clave,Actividad,Business Center,323,323,Limpiar adoquín Parqueo Oficinas Central.,2,26/11/2025,1,28/11/2025,VERDADERO,26/11/2025,-2,Administracion,Celinda Alcivar,,Activo,,,
5,Limpiar adoquín Parqueo Oficinas Central.,,Clave,Actividad,Business Center,354,354,Limpiar adoquín Parqueo Oficinas Central.,2,27/12/2025,1,29/12/2025,VERDADERO,27/12/2025,-2,Administracion,Celinda Alcivar,,Activo,,,
5,Limpiar adoquín Parqueo Oficinas Central.,,Clave,Actividad,Business Center,326,326,Limpiar adoquín Parqueo Oficinas Central.,2,29/11/2025,1,01/12/2025,VERDADERO,29/11/2025,-2,Administracion,Celinda Alcivar,,Activo,,,
5,Limpiar adoquín Parqueo Oficinas Central.,,Clave,Actividad,Business Center,102,102,Limpiar adoquín Parqueo Oficinas Central.,0,19/04/2025,1,21/04/2025,VERDADERO,19/04/2025,-2,Administracion,Celinda Alcivar,,Activo,,,Feriado 
5,Limpiar adoquín Parqueo Oficinas Central.,,Clave,Actividad,Business Center,351,351,Limpiar adoquín Parqueo Oficinas Central.,2,24/12/2025,1,26/12/2025,VERDADERO,24/12/2025,-2,Administracion,Celinda Alcivar,,Activo,,,
5,Limpiar adoquín Parqueo Oficinas Central.,,Clave,Actividad,Business Center,340,340,Limpiar adoquín Parqueo Oficinas Central.,2,13/12/2025,1,15/12/2025,VERDADERO,13/12/2025,-2,Administracion,Celinda Alcivar,,Activo,,,
5,Limpiar adoquín Parqueo Oficinas Central.,,Clave,Actividad,Business Center,228,228,Limpiar adoquín Parqueo Oficinas Central.,2,23/08/2025,1,25/08/2025,VERDADERO,23/08/2025,-2,Administracion,Celinda Alcivar,,Activo,,,
5,Limpiar adoquín Parqueo Oficinas Central.,,Clave,Actividad,Business Center,214,214,Limpiar adoquín Parqueo Oficinas Central.,2,09/08/2025,1,11/08/2025,VERDADERO,09/08/2025,-2,Administracion,Celinda Alcivar,,Activo,,,
5,Limpiar adoquín Parqueo Oficinas Central.,,Clave,Actividad,Business Center,169,169,Limpiar adoquín Parqueo Oficinas Central.,2,25/06/2025,1,27/06/2025,VERDADERO,25/06/2025,-2,Administracion,Celinda Alcivar,,Activo,,,
5,Limpiar adoquín Parqueo Oficinas Central.,,Clave,Actividad,Business Center,225,225,Limpiar adoquín Parqueo Oficinas Central.,1,20/08/2025,1,22/08/2025,VERDADERO,21/08/2025,-1,Administracion,Celinda Alcivar,,Activo,,,
5,Limpiar adoquín Parqueo Oficinas Central.,,Clave,Actividad,Business Center,211,211,Limpiar adoquín Parqueo Oficinas Central.,2,06/08/2025,1,08/08/2025,VERDADERO,06/08/2025,-2,Administracion,Celinda Alcivar,,Activo,,,
5,Limpiar adoquín Parqueo Oficinas Central.,,Clave,Actividad,Business Center,155,155,Limpiar adoquín Parqueo Oficinas Central.,2,11/06/2025,1,13/06/2025,VERDADERO,11/06/2025,-2,Administracion,Celinda Alcivar,,Activo,,,
5,Limpiar adoquín Parqueo Oficinas Central.,,Clave,Actividad,Business Center,249,249,Limpiar adoquín Parqueo Oficinas Central.,2,13/09/2025,1,15/09/2025,VERDADERO,13/09/2025,-2,Administracion,Celinda Alcivar,,Activo,,,
5,Limpiar adoquín Parqueo Oficinas Central.,,Clave,Actividad,Business Center,263,263,Limpiar adoquín Parqueo Oficinas Central.,2,27/09/2025,1,29/09/2025,VERDADERO,27/09/2025,-2,Administracion,Celinda Alcivar,,Activo,,,
5,Limpiar adoquín Parqueo Oficinas Central.,,Clave,Actividad,Business Center,344,344,Limpiar adoquín Parqueo Oficinas Central.,2,17/12/2025,1,19/12/2025,VERDADERO,17/12/2025,-2,Administracion,Celinda Alcivar,,Activo,,,Permiso de Ausencia 
5,Limpiar adoquín Parqueo Oficinas Central.,,Clave,Actividad,Business Center,302,302,Limpiar adoquín Parqueo Oficinas Central.,2,05/11/2025,1,07/11/2025,VERDADERO,05/11/2025,-2,Administracion,Celinda Alcivar,,Activo,,,
5,Limpiar adoquín Parqueo Oficinas Central.,,Clave,Actividad,Business Center,200,200,Limpiar adoquín Parqueo Oficinas Central.,2,26/07/2025,1,28/07/2025,VERDADERO,26/07/2025,-2,Administracion,Celinda Alcivar,,Activo,,,
5,Limpiar adoquín Parqueo Oficinas Central.,,Clave,Actividad,Business Center,319,319,Limpiar adoquín Parqueo Oficinas Central.,2,22/11/2025,1,24/11/2025,VERDADERO,22/11/2025,-2,Administracion,Celinda Alcivar,,Activo,,,
5,Limpiar adoquín Parqueo Oficinas Central.,,Clave,Actividad,Business Center,309,309,Limpiar adoquín Parqueo Oficinas Central.,2,12/11/2025,1,14/11/2025,VERDADERO,12/11/2025,-2,Administracion,Celinda Alcivar,,Activo,,,
5,Limpiar adoquín Parqueo Oficinas Central.,,Clave,Actividad,Business Center,158,158,Limpiar adoquín Parqueo Oficinas Central.,2,14/06/2025,1,16/06/2025,VERDADERO,14/06/2025,-2,Administracion,Celinda Alcivar,,Activo,,,
5,Limpiar adoquín Parqueo Oficinas Central.,,Clave,Actividad,Business Center,134,134,Limpiar adoquín Parqueo Oficinas Central.,2,21/05/2025,1,23/05/2025,VERDADERO,21/05/2025,-2,Administracion,Celinda Alcivar,,Activo,,,
5,Limpiar adoquín Parqueo Oficinas Central.,,Clave,Actividad,Business Center,291,291,Limpiar adoquín Parqueo Oficinas Central.,2,25/10/2025,1,27/10/2025,VERDADERO,25/10/2025,-2,Administracion,Celinda Alcivar,,Activo,,,
5,Limpiar adoquín Parqueo Oficinas Central.,,Clave,Actividad,Business Center,337,337,Limpiar adoquín Parqueo Oficinas Central.,2,10/12/2025,1,12/12/2025,VERDADERO,10/12/2025,-2,Administracion,Celinda Alcivar,,Activo,,,
5,Limpiar adoquín Parqueo Oficinas Central.,,Clave,Actividad,Business Center,347,347,Limpiar adoquín Parqueo Oficinas Central.,2,20/12/2025,1,22/12/2025,VERDADERO,20/12/2025,-2,Administracion,Celinda Alcivar,,Activo,,,
5,Limpiar adoquín Parqueo Oficinas Central.,,Clave,Actividad,Business Center,316,316,Limpiar adoquín Parqueo Oficinas Central.,2,19/11/2025,1,21/11/2025,VERDADERO,19/11/2025,-2,Administracion,Celinda Alcivar,,Activo,,,
5,Limpiar adoquín Parqueo Oficinas Central.,,Clave,Actividad,Business Center,183,183,Limpiar adoquín Parqueo Oficinas Central.,2,09/07/2025,1,11/07/2025,VERDADERO,09/07/2025,-2,Administracion,Celinda Alcivar,,Activo,,,
5,Limpiar adoquín Parqueo Oficinas Central.,,Clave,Actividad,Business Center,137,137,Limpiar adoquín Parqueo Oficinas Central.,2,24/05/2025,1,26/05/2025,VERDADERO,24/05/2025,-2,Administracion,Celinda Alcivar,,Activo,,,
5,Limpiar adoquín Parqueo Oficinas Central.,,Clave,Actividad,Business Center,270,270,Limpiar adoquín Parqueo Oficinas Central.,2,04/10/2025,1,06/10/2025,VERDADERO,04/10/2025,-2,Administracion,Celinda Alcivar,,Activo,,,
5,Limpiar adoquín Parqueo Oficinas Central.,,Clave,Actividad,Business Center,333,333,Limpiar adoquín Parqueo Oficinas Central.,2,06/12/2025,1,08/12/2025,VERDADERO,06/12/2025,-2,Administracion,Celinda Alcivar,,Activo,,,
5,Limpiar adoquín Parqueo Oficinas Central.,,Clave,Actividad,Business Center,330,330,Limpiar adoquín Parqueo Oficinas Central.,2,03/12/2025,1,05/12/2025,VERDADERO,03/12/2025,-2,Administracion,Celinda Alcivar,,Activo,,,
7,Limpiar vía de ingreso Oficina Central.,,Clave,Actividad,Business Center,6,6,Limpiar vía de ingreso Oficina Central.,,06/01/2025,1,08/01/2025,VERDADERO,06/01/2025,-2,Administracion,Celinda Alcivar,,Activo,,,
7,Limpiar vía de ingreso Oficina Central.,,Clave,Actividad,Business Center,13,13,Limpiar vía de ingreso Oficina Central.,,20/01/2025,1,22/01/2025,VERDADERO,20/01/2025,-2,Administracion,Celinda Alcivar,,Activo,,,
7,Limpiar vía de ingreso Oficina Central.,,Clave,Actividad,Business Center,20,20,Limpiar vía de ingreso Oficina Central.,1,27/01/2025,1,29/01/2025,VERDADERO,27/01/2025,-2,Administracion,Celinda Alcivar,,Activo,,,
7,Limpiar vía de ingreso Oficina Central.,,Clave,Actividad,Business Center,34,34,Limpiar vía de ingreso Oficina Central.,2,10/02/2025,1,12/02/2025,VERDADERO,10/02/2025,-2,Administracion,Celinda Alcivar,,Activo,,,
7,Limpiar vía de ingreso Oficina Central.,,Clave,Actividad,Business Center,97,97,Limpiar vía de ingreso Oficina Central.,2,14/04/2025,1,16/04/2025,VERDADERO,14/04/2025,-2,Administracion,Celinda Alcivar,,Activo,,,
7,Limpiar vía de ingreso Oficina Central.,,Clave,Actividad,Business Center,41,41,Limpiar vía de ingreso Oficina Central.,2,17/02/2025,1,19/02/2025,VERDADERO,17/02/2025,-2,Administracion,Celinda Alcivar,,Activo,,,
7,Limpiar vía de ingreso Oficina Central.,,Clave,Actividad,Business Center,69,69,Limpiar vía de ingreso Oficina Central.,2,17/03/2025,1,19/03/2025,VERDADERO,17/03/2025,-2,Administracion,Celinda Alcivar,,Activo,,,
7,Limpiar vía de ingreso Oficina Central.,,Clave,Actividad,Business Center,160,160,Limpiar vía de ingreso Oficina Central.,2,16/06/2025,1,18/06/2025,VERDADERO,16/06/2025,-2,Administracion,Celinda Alcivar,,Activo,,,
7,Limpiar vía de ingreso Oficina Central.,,Clave,Actividad,Business Center,48,48,Limpiar vía de ingreso Oficina Central.,2,24/02/2025,1,26/02/2025,VERDADERO,24/02/2025,-2,Administracion,Celinda Alcivar,,Activo,,,
7,Limpiar vía de ingreso Oficina Central.,,Clave,Actividad,Business Center,153,153,Limpiar vía de ingreso Oficina Central.,2,09/06/2025,1,11/06/2025,VERDADERO,09/06/2025,-2,Administracion,Celinda Alcivar,,Activo,,,
7,Limpiar vía de ingreso Oficina Central.,,Clave,Actividad,Business Center,27,27,Limpiar vía de ingreso Oficina Central.,1,03/02/2025,1,05/02/2025,VERDADERO,03/02/2025,-2,Administracion,Celinda Alcivar,,Activo,,,
7,Limpiar vía de ingreso Oficina Central.,,Clave,Actividad,Business Center,83,83,Limpiar vía de ingreso Oficina Central.,,31/03/2025,1,31/03/2025,VERDADERO,31/03/2025,0,Administracion,Celinda Alcivar,,Activo,,,
7,Limpiar vía de ingreso Oficina Central.,,Clave,Actividad,Business Center,125,125,Limpiar vía de ingreso Oficina Central.,2,12/05/2025,1,14/05/2025,VERDADERO,12/05/2025,-2,Administracion,Celinda Alcivar,,Activo,,,
7,Limpiar vía de ingreso Oficina Central.,,Clave,Actividad,Business Center,146,146,Limpiar vía de ingreso Oficina Central.,2,02/06/2025,1,04/06/2025,VERDADERO,02/06/2025,-2,Administracion,Celinda Alcivar,,Activo,,,
7,Limpiar vía de ingreso Oficina Central.,,Clave,Actividad,Business Center,132,132,Limpiar vía de ingreso Oficina Central.,2,19/05/2025,1,21/05/2025,VERDADERO,19/05/2025,-2,Administracion,Celinda Alcivar,,Activo,,,
7,Limpiar vía de ingreso Oficina Central.,,Clave,Actividad,Business Center,139,139,Limpiar vía de ingreso Oficina Central.,2,26/05/2025,1,28/05/2025,VERDADERO,26/05/2025,-2,Administracion,Celinda Alcivar,,Activo,,,
7,Limpiar vía de ingreso Oficina Central.,,Clave,Actividad,Business Center,188,188,Limpiar vía de ingreso Oficina Central.,2,14/07/2025,1,16/07/2025,VERDADERO,14/07/2025,-2,Administracion,Celinda Alcivar,,Activo,,,
7,Limpiar vía de ingreso Oficina Central.,,Clave,Actividad,Business Center,111,111,Limpiar vía de ingreso Oficina Central.,2,28/04/2025,1,30/04/2025,VERDADERO,28/04/2025,-2,Administracion,Celinda Alcivar,,Activo,,,
7,Limpiar vía de ingreso Oficina Central.,,Clave,Actividad,Business Center,62,62,Limpiar vía de ingreso Oficina Central.,2,10/03/2025,1,12/03/2025,VERDADERO,10/03/2025,-2,Administracion,Celinda Alcivar,,Activo,,,
7,Limpiar vía de ingreso Oficina Central.,,Clave,Actividad,Business Center,195,195,Limpiar vía de ingreso Oficina Central.,2,21/07/2025,1,23/07/2025,VERDADERO,21/07/2025,-2,Administracion,Celinda Alcivar,,Activo,,,
7,Limpiar vía de ingreso Oficina Central.,,Clave,Actividad,Business Center,104,104,Limpiar vía de ingreso Oficina Central.,2,21/04/2025,1,23/04/2025,VERDADERO,21/04/2025,-2,Administracion,Celinda Alcivar,,Activo,,,
7,Limpiar vía de ingreso Oficina Central.,,Clave,Actividad,Business Center,90,90,Limpiar vía de ingreso Oficina Central.,2,07/04/2025,1,09/04/2025,VERDADERO,07/04/2025,-2,Administracion,Celinda Alcivar,,Activo,,,
7,Limpiar vía de ingreso Oficina Central.,,Clave,Actividad,Business Center,181,181,Limpiar vía de ingreso Oficina Central.,2,07/07/2025,1,09/07/2025,VERDADERO,07/07/2025,-2,Administracion,Celinda Alcivar,,Activo,,,
7,Limpiar vía de ingreso Oficina Central.,,Clave,Actividad,Business Center,167,167,Limpiar vía de ingreso Oficina Central.,2,23/06/2025,1,25/06/2025,VERDADERO,23/06/2025,-2,Administracion,Celinda Alcivar,,Activo,,,
7,Limpiar vía de ingreso Oficina Central.,,Clave,Actividad,Business Center,286,286,Limpiar vía de ingreso Oficina Central.,2,20/10/2025,1,22/10/2025,VERDADERO,20/10/2025,-2,Administracion,Celinda Alcivar,,Activo,,,
7,Limpiar vía de ingreso Oficina Central.,,Clave,Actividad,Business Center,223,223,Limpiar vía de ingreso Oficina Central.,2,18/08/2025,1,20/08/2025,VERDADERO,18/08/2025,-2,Administracion,Celinda Alcivar,,Activo,,,
7,Limpiar vía de ingreso Oficina Central.,,Clave,Actividad,Business Center,76,76,Limpiar vía de ingreso Oficina Central.,2,24/03/2025,1,26/03/2025,VERDADERO,24/03/2025,-2,Administracion,Celinda Alcivar,,Activo,,,
7,Limpiar vía de ingreso Oficina Central.,,Clave,Actividad,Business Center,293,293,Limpiar vía de ingreso Oficina Central.,2,27/10/2025,1,29/10/2025,VERDADERO,27/10/2025,-2,Administracion,Celinda Alcivar,,Activo,,,
7,Limpiar vía de ingreso Oficina Central.,,Clave,Actividad,Business Center,209,209,Limpiar vía de ingreso Oficina Central.,2,04/08/2025,1,06/08/2025,VERDADERO,04/08/2025,-2,Administracion,Celinda Alcivar,,Activo,,,
7,Limpiar vía de ingreso Oficina Central.,,Clave,Actividad,Business Center,244,244,Limpiar vía de ingreso Oficina Central.,2,08/09/2025,1,10/09/2025,VERDADERO,08/09/2025,-2,Administracion,Celinda Alcivar,,Activo,,,
7,Limpiar vía de ingreso Oficina Central.,,Clave,Actividad,Business Center,174,174,Limpiar vía de ingreso Oficina Central.,2,30/06/2025,1,02/07/2025,VERDADERO,30/06/2025,-2,Administracion,Celinda Alcivar,,Activo,,,
7,Limpiar vía de ingreso Oficina Central.,,Clave,Actividad,Business Center,202,202,Limpiar vía de ingreso Oficina Central.,2,28/07/2025,1,30/07/2025,VERDADERO,28/07/2025,-2,Administracion,Celinda Alcivar,,Activo,,,
7,Limpiar vía de ingreso Oficina Central.,,Clave,Actividad,Business Center,349,349,Limpiar vía de ingreso Oficina Central.,2,22/12/2025,1,24/12/2025,VERDADERO,22/12/2025,-2,Administracion,Celinda Alcivar,,Activo,,,
7,Limpiar vía de ingreso Oficina Central.,,Clave,Actividad,Business Center,251,251,Limpiar vía de ingreso Oficina Central.,2,15/09/2025,1,17/09/2025,VERDADERO,15/09/2025,-2,Administracion,Celinda Alcivar,,Activo,,,
7,Limpiar vía de ingreso Oficina Central.,,Clave,Actividad,Business Center,258,258,Limpiar vía de ingreso Oficina Central.,2,22/09/2025,1,24/09/2025,VERDADERO,22/09/2025,-2,Administracion,Celinda Alcivar,,Activo,,,
7,Limpiar vía de ingreso Oficina Central.,,Clave,Actividad,Business Center,328,328,Limpiar vía de ingreso Oficina Central.,2,01/12/2025,1,03/12/2025,VERDADERO,01/12/2025,-2,Administracion,Celinda Alcivar,,Activo,,,
7,Limpiar vía de ingreso Oficina Central.,,Clave,Actividad,Business Center,230,230,Limpiar vía de ingreso Oficina Central.,2,25/08/2025,1,27/08/2025,VERDADERO,25/08/2025,-2,Administracion,Celinda Alcivar,,Activo,,,
7,Limpiar vía de ingreso Oficina Central.,,Clave,Actividad,Business Center,216,216,Limpiar vía de ingreso Oficina Central.,1,11/08/2025,1,13/08/2025,VERDADERO,11/08/2025,-2,Administracion,Celinda Alcivar,,Activo,,,Feriado 
7,Limpiar vía de ingreso Oficina Central.,,Clave,Actividad,Business Center,356,356,Limpiar vía de ingreso Oficina Central.,2,29/12/2025,1,31/12/2025,VERDADERO,29/12/2025,-2,Administracion,Celinda Alcivar,,Activo,,,
7,Limpiar vía de ingreso Oficina Central.,,Clave,Actividad,Business Center,321,321,Limpiar vía de ingreso Oficina Central.,2,24/11/2025,1,26/11/2025,VERDADERO,24/11/2025,-2,Administracion,Celinda Alcivar,,Activo,,,
7,Limpiar vía de ingreso Oficina Central.,,Clave,Actividad,Business Center,300,300,Limpiar vía de ingreso Oficina Central.,2,03/11/2025,1,05/11/2025,VERDADERO,03/11/2025,-2,Administracion,Celinda Alcivar,,Activo,,,Feriado 
7,Limpiar vía de ingreso Oficina Central.,,Clave,Actividad,Business Center,272,272,Limpiar vía de ingreso Oficina Central.,2,06/10/2025,1,08/10/2025,VERDADERO,06/10/2025,-2,Administracion,Celinda Alcivar,,Activo,,,
7,Limpiar vía de ingreso Oficina Central.,,Clave,Actividad,Business Center,307,307,Limpiar vía de ingreso Oficina Central.,2,10/11/2025,1,12/11/2025,VERDADERO,10/11/2025,-2,Administracion,Celinda Alcivar,,Activo,,,
7,Limpiar vía de ingreso Oficina Central.,,Clave,Actividad,Business Center,342,342,Limpiar vía de ingreso Oficina Central.,2,15/12/2025,1,17/12/2025,VERDADERO,15/12/2025,-2,Administracion,Celinda Alcivar,,Activo,,,
7,Limpiar vía de ingreso Oficina Central.,,Clave,Actividad,Business Center,265,265,Limpiar vía de ingreso Oficina Central.,2,29/09/2025,1,01/10/2025,VERDADERO,29/09/2025,-2,Administracion,Celinda Alcivar,,Activo,,,
7,Limpiar vía de ingreso Oficina Central.,,Clave,Actividad,Business Center,279,279,Limpiar vía de ingreso Oficina Central.,2,13/10/2025,1,15/10/2025,VERDADERO,13/10/2025,-2,Administracion,Celinda Alcivar,,Activo,,,
7,Limpiar vía de ingreso Oficina Central.,,Clave,Actividad,Business Center,314,314,Limpiar vía de ingreso Oficina Central.,2,17/11/2025,1,19/11/2025,VERDADERO,17/11/2025,-2,Administracion,Celinda Alcivar,,Activo,,,
7,Limpiar vía de ingreso Oficina Central.,,Clave,Actividad,Business Center,237,237,Limpiar vía de ingreso Oficina Central.,2,01/09/2025,1,03/09/2025,VERDADERO,01/09/2025,-2,Administracion,Celinda Alcivar,,Activo,,,
7,Limpiar vía de ingreso Oficina Central.,,Clave,Actividad,Business Center,118,118,Limpiar vía de ingreso Oficina Central.,2,05/05/2025,1,07/05/2025,VERDADERO,05/05/2025,-2,Administracion,Celinda Alcivar,,Activo,,,
7,Limpiar vía de ingreso Oficina Central.,,Clave,Actividad,Business Center,335,335,Limpiar vía de ingreso Oficina Central.,2,08/12/2025,1,10/12/2025,VERDADERO,08/12/2025,-2,Administracion,Celinda Alcivar,,Activo,,,
8,Lavar camineras de Areas Verdes Oficina Central,,Clave,Actividad,Business Center,7,7,Lavar camineras de Areas Verdes Oficina Central,,07/01/2025,1,09/01/2025,VERDADERO,07/01/2025,-2,Administracion,Celinda Alcivar,,Activo,,,
8,Lavar camineras de Areas Verdes Oficina Central,,Clave,Actividad,Business Center,49,49,Lavar camineras de Areas Verdes Oficina Central,2,25/02/2025,1,27/02/2025,VERDADERO,25/02/2025,-2,Administracion,Celinda Alcivar,,Activo,,,
8,Lavar camineras de Areas Verdes Oficina Central,,Clave,Actividad,Business Center,21,21,Lavar camineras de Areas Verdes Oficina Central,1,28/01/2025,1,30/01/2025,VERDADERO,28/01/2025,-2,Administracion,Celinda Alcivar,,Activo,,,
8,Lavar camineras de Areas Verdes Oficina Central,,Clave,Actividad,Business Center,84,84,Lavar camineras de Areas Verdes Oficina Central,,01/04/2025,1,03/04/2025,VERDADERO,01/04/2025,-2,Administracion,Celinda Alcivar,,Activo,,,
8,Lavar camineras de Areas Verdes Oficina Central,,Clave,Actividad,Business Center,77,77,Lavar camineras de Areas Verdes Oficina Central,2,25/03/2025,1,27/03/2025,VERDADERO,25/03/2025,-2,Administracion,Celinda Alcivar,,Activo,,,
8,Lavar camineras de Areas Verdes Oficina Central,,Clave,Actividad,Business Center,91,91,Lavar camineras de Areas Verdes Oficina Central,3,08/04/2025,1,10/04/2025,VERDADERO,07/04/2025,-3,Administracion,Celinda Alcivar,,Activo,,,
8,Lavar camineras de Areas Verdes Oficina Central,,Clave,Actividad,Business Center,35,35,Lavar camineras de Areas Verdes Oficina Central,2,11/02/2025,1,13/02/2025,VERDADERO,11/02/2025,-2,Administracion,Celinda Alcivar,,Activo,,,
8,Lavar camineras de Areas Verdes Oficina Central,,Clave,Actividad,Business Center,63,63,Lavar camineras de Areas Verdes Oficina Central,2,11/03/2025,1,13/03/2025,VERDADERO,11/03/2025,-2,Administracion,Celinda Alcivar,,Activo,,,
8,Lavar camineras de Areas Verdes Oficina Central,,Clave,Actividad,Business Center,42,42,Lavar camineras de Areas Verdes Oficina Central,2,18/02/2025,1,20/02/2025,VERDADERO,18/02/2025,-2,Administracion,Celinda Alcivar,,Activo,,,
8,Lavar camineras de Areas Verdes Oficina Central,,Clave,Actividad,Business Center,28,28,Lavar camineras de Areas Verdes Oficina Central,2,04/02/2025,1,06/02/2025,VERDADERO,04/02/2025,-2,Administracion,Celinda Alcivar,,Activo,,,
8,Lavar camineras de Areas Verdes Oficina Central,,Clave,Actividad,Business Center,14,14,Lavar camineras de Areas Verdes Oficina Central,2,21/01/2025,1,23/01/2025,VERDADERO,21/01/2025,-2,Administracion,Celinda Alcivar,,Activo,,,
8,Lavar camineras de Areas Verdes Oficina Central,,Clave,Actividad,Business Center,336,336,Lavar camineras de Areas Verdes Oficina Central,2,09/12/2025,1,11/12/2025,VERDADERO,09/12/2025,-2,Administracion,Celinda Alcivar,,Activo,,,
8,Lavar camineras de Areas Verdes Oficina Central,,Clave,Actividad,Business Center,161,161,Lavar camineras de Areas Verdes Oficina Central,2,17/06/2025,1,19/06/2025,VERDADERO,17/06/2025,-2,Administracion,Celinda Alcivar,,Activo,,,
8,Lavar camineras de Areas Verdes Oficina Central,,Clave,Actividad,Business Center,105,105,Lavar camineras de Areas Verdes Oficina Central,2,22/04/2025,1,24/04/2025,VERDADERO,22/04/2025,-2,Administracion,Celinda Alcivar,,Activo,,,
8,Lavar camineras de Areas Verdes Oficina Central,,Clave,Actividad,Business Center,329,329,Lavar camineras de Areas Verdes Oficina Central,2,02/12/2025,1,04/12/2025,VERDADERO,02/12/2025,-2,Administracion,Celinda Alcivar,,Activo,,,
8,Lavar camineras de Areas Verdes Oficina Central,,Clave,Actividad,Business Center,252,252,Lavar camineras de Areas Verdes Oficina Central,2,16/09/2025,1,18/09/2025,VERDADERO,16/09/2025,-2,Administracion,Celinda Alcivar,,Activo,,,
8,Lavar camineras de Areas Verdes Oficina Central,,Clave,Actividad,Business Center,154,154,Lavar camineras de Areas Verdes Oficina Central,2,10/06/2025,1,12/06/2025,VERDADERO,10/06/2025,-2,Administracion,Celinda Alcivar,,Activo,,,
8,Lavar camineras de Areas Verdes Oficina Central,,Clave,Actividad,Business Center,343,343,Lavar camineras de Areas Verdes Oficina Central,2,16/12/2025,1,18/12/2025,VERDADERO,16/12/2025,-2,Administracion,Celinda Alcivar,,Activo,,,
8,Lavar camineras de Areas Verdes Oficina Central,,Clave,Actividad,Business Center,294,294,Lavar camineras de Areas Verdes Oficina Central,2,28/10/2025,1,30/10/2025,VERDADERO,28/10/2025,-2,Administracion,Celinda Alcivar,,Activo,,,
8,Lavar camineras de Areas Verdes Oficina Central,,Clave,Actividad,Business Center,182,182,Lavar camineras de Areas Verdes Oficina Central,2,08/07/2025,1,10/07/2025,VERDADERO,08/07/2025,-2,Administracion,Celinda Alcivar,,Activo,,,
8,Lavar camineras de Areas Verdes Oficina Central,,Clave,Actividad,Business Center,315,315,Lavar camineras de Areas Verdes Oficina Central,2,18/11/2025,1,20/11/2025,VERDADERO,18/11/2025,-2,Administracion,Celinda Alcivar,,Activo,,,
8,Lavar camineras de Areas Verdes Oficina Central,,Clave,Actividad,Business Center,168,168,Lavar camineras de Areas Verdes Oficina Central,2,24/06/2025,1,26/06/2025,VERDADERO,24/06/2025,-2,Administracion,Celinda Alcivar,,Activo,,,
8,Lavar camineras de Areas Verdes Oficina Central,,Clave,Actividad,Business Center,119,119,Lavar camineras de Areas Verdes Oficina Central,2,06/05/2025,1,08/05/2025,VERDADERO,06/05/2025,-2,Administracion,Celinda Alcivar,,Activo,,,
8,Lavar camineras de Areas Verdes Oficina Central,,Clave,Actividad,Business Center,259,259,Lavar camineras de Areas Verdes Oficina Central,2,23/09/2025,1,25/09/2025,VERDADERO,23/09/2025,-2,Administracion,Celinda Alcivar,,Activo,,,
8,Lavar camineras de Areas Verdes Oficina Central,,Clave,Actividad,Business Center,70,70,Lavar camineras de Areas Verdes Oficina Central,2,18/03/2025,1,20/03/2025,VERDADERO,18/03/2025,-2,Administracion,Celinda Alcivar,,Activo,,,
8,Lavar camineras de Areas Verdes Oficina Central,,Clave,Actividad,Business Center,112,112,Lavar camineras de Areas Verdes Oficina Central,2,29/04/2025,1,01/05/2025,VERDADERO,29/04/2025,-2,Administracion,Celinda Alcivar,,Activo,,,
8,Lavar camineras de Areas Verdes Oficina Central,,Clave,Actividad,Business Center,196,196,Lavar camineras de Areas Verdes Oficina Central,2,22/07/2025,1,24/07/2025,VERDADERO,22/07/2025,-2,Administracion,Celinda Alcivar,,Activo,,,
8,Lavar camineras de Areas Verdes Oficina Central,,Clave,Actividad,Business Center,273,273,Lavar camineras de Areas Verdes Oficina Central,2,07/10/2025,1,09/10/2025,VERDADERO,07/10/2025,-2,Administracion,Celinda Alcivar,,Activo,,,
8,Lavar camineras de Areas Verdes Oficina Central,,Clave,Actividad,Business Center,266,266,Lavar camineras de Areas Verdes Oficina Central,2,30/09/2025,1,02/10/2025,VERDADERO,30/09/2025,-2,Administracion,Celinda Alcivar,,Activo,,,
8,Lavar camineras de Areas Verdes Oficina Central,,Clave,Actividad,Business Center,301,301,Lavar camineras de Areas Verdes Oficina Central,2,04/11/2025,1,06/11/2025,VERDADERO,04/11/2025,-2,Administracion,Celinda Alcivar,,Activo,,,Feriado 
8,Lavar camineras de Areas Verdes Oficina Central,,Clave,Actividad,Business Center,175,175,Lavar camineras de Areas Verdes Oficina Central,2,01/07/2025,1,03/07/2025,VERDADERO,01/07/2025,-2,Administracion,Celinda Alcivar,,Activo,,,
8,Lavar camineras de Areas Verdes Oficina Central,,Clave,Actividad,Business Center,322,322,Lavar camineras de Areas Verdes Oficina Central,2,25/11/2025,1,27/11/2025,VERDADERO,25/11/2025,-2,Administracion,Celinda Alcivar,,Activo,,,
8,Lavar camineras de Areas Verdes Oficina Central,,Clave,Actividad,Business Center,126,126,Lavar camineras de Areas Verdes Oficina Central,2,13/05/2025,1,15/05/2025,VERDADERO,13/05/2025,-2,Administracion,Celinda Alcivar,,Activo,,,
8,Lavar camineras de Areas Verdes Oficina Central,,Clave,Actividad,Business Center,231,231,Lavar camineras de Areas Verdes Oficina Central,2,26/08/2025,1,28/08/2025,VERDADERO,26/08/2025,-2,Administracion,Celinda Alcivar,,Activo,,,
8,Lavar camineras de Areas Verdes Oficina Central,,Clave,Actividad,Business Center,217,217,Lavar camineras de Areas Verdes Oficina Central,2,12/08/2025,1,14/08/2025,VERDADERO,12/08/2025,-2,Administracion,Celinda Alcivar,,Activo,,,
8,Lavar camineras de Areas Verdes Oficina Central,,Clave,Actividad,Business Center,357,357,Lavar camineras de Areas Verdes Oficina Central,2,30/12/2025,1,01/01/2026,VERDADERO,30/12/2025,-2,Administracion,Celinda Alcivar,,Activo,,,
8,Lavar camineras de Areas Verdes Oficina Central,,Clave,Actividad,Business Center,98,98,Lavar camineras de Areas Verdes Oficina Central,2,15/04/2025,1,17/04/2025,VERDADERO,15/04/2025,-2,Administracion,Celinda Alcivar,,Activo,,,
8,Lavar camineras de Areas Verdes Oficina Central,,Clave,Actividad,Business Center,224,224,Lavar camineras de Areas Verdes Oficina Central,2,19/08/2025,1,21/08/2025,VERDADERO,19/08/2025,-2,Administracion,Celinda Alcivar,,Activo,,,
8,Lavar camineras de Areas Verdes Oficina Central,,Clave,Actividad,Business Center,308,308,Lavar camineras de Areas Verdes Oficina Central,2,11/11/2025,1,13/11/2025,VERDADERO,11/11/2025,-2,Administracion,Celinda Alcivar,,Activo,,,
8,Lavar camineras de Areas Verdes Oficina Central,,Clave,Actividad,Business Center,140,140,Lavar camineras de Areas Verdes Oficina Central,2,27/05/2025,1,29/05/2025,VERDADERO,27/05/2025,-2,Administracion,Celinda Alcivar,,Activo,,,
8,Lavar camineras de Areas Verdes Oficina Central,,Clave,Actividad,Business Center,245,245,Lavar camineras de Areas Verdes Oficina Central,2,09/09/2025,1,11/09/2025,VERDADERO,09/09/2025,-2,Administracion,Celinda Alcivar,,Activo,,,
8,Lavar camineras de Areas Verdes Oficina Central,,Clave,Actividad,Business Center,133,133,Lavar camineras de Areas Verdes Oficina Central,2,20/05/2025,1,22/05/2025,VERDADERO,20/05/2025,-2,Administracion,Celinda Alcivar,,Activo,,,
8,Lavar camineras de Areas Verdes Oficina Central,,Clave,Actividad,Business Center,189,189,Lavar camineras de Areas Verdes Oficina Central,2,15/07/2025,1,17/07/2025,VERDADERO,15/07/2025,-2,Administracion,Celinda Alcivar,,Activo,,,
8,Lavar camineras de Areas Verdes Oficina Central,,Clave,Actividad,Business Center,280,280,Lavar camineras de Areas Verdes Oficina Central,2,14/10/2025,1,16/10/2025,VERDADERO,14/10/2025,-2,Administracion,Celinda Alcivar,,Activo,,,
8,Lavar camineras de Areas Verdes Oficina Central,,Clave,Actividad,Business Center,147,147,Lavar camineras de Areas Verdes Oficina Central,2,03/06/2025,1,05/06/2025,VERDADERO,03/06/2025,-2,Administracion,Celinda Alcivar,,Activo,,,
8,Lavar camineras de Areas Verdes Oficina Central,,Clave,Actividad,Business Center,238,238,Lavar camineras de Areas Verdes Oficina Central,2,02/09/2025,1,04/09/2025,VERDADERO,02/09/2025,-2,Administracion,Celinda Alcivar,,Activo,,,
8,Lavar camineras de Areas Verdes Oficina Central,,Clave,Actividad,Business Center,350,350,Lavar camineras de Areas Verdes Oficina Central,2,23/12/2025,1,25/12/2025,VERDADERO,23/12/2025,-2,Administracion,Celinda Alcivar,,Activo,,,
8,Lavar camineras de Areas Verdes Oficina Central,,Clave,Actividad,Business Center,287,287,Lavar camineras de Areas Verdes Oficina Central,2,21/10/2025,1,23/10/2025,VERDADERO,21/10/2025,-2,Administracion,Celinda Alcivar,,Activo,,,
8,Lavar camineras de Areas Verdes Oficina Central,,Clave,Actividad,Business Center,210,210,Lavar camineras de Areas Verdes Oficina Central,2,05/08/2025,1,07/08/2025,VERDADERO,05/08/2025,-2,Administracion,Celinda Alcivar,,Activo,,,
8,Lavar camineras de Areas Verdes Oficina Central,,Clave,Actividad,Business Center,203,203,Lavar camineras de Areas Verdes Oficina Central,2,29/07/2025,1,31/07/2025,VERDADERO,29/07/2025,-2,Administracion,Celinda Alcivar,,Activo,,,
10,Limpiar banqueta Oficina Central.,,Clave,Actividad,Business Center,1,1,Limpiar banqueta Oficina Central.,,07/01/2025,1,09/01/2025,VERDADERO,07/01/2025,-2,Administracion,Celinda Alcivar,,Activo,,,
10,Limpiar banqueta Oficina Central.,,Clave,Actividad,Business Center,31,31,Limpiar banqueta Oficina Central.,1,06/02/2025,1,08/02/2025,VERDADERO,06/02/2025,-2,Administracion,Celinda Alcivar,,Activo,,,
10,Limpiar banqueta Oficina Central.,,Clave,Actividad,Business Center,61,61,Limpiar banqueta Oficina Central.,2,08/03/2025,1,10/03/2025,VERDADERO,08/03/2025,-2,Administracion,Celinda Alcivar,,Activo,,,
10,Limpiar banqueta Oficina Central.,,Clave,Actividad,Business Center,91,91,Limpiar banqueta Oficina Central.,2,07/04/2025,1,09/04/2025,VERDADERO,07/04/2025,-2,Administracion,Celinda Alcivar,,Activo,,,
10,Limpiar banqueta Oficina Central.,,Clave,Actividad,Business Center,46,46,Limpiar banqueta Oficina Central.,5,21/02/2025,1,23/02/2025,VERDADERO,18/02/2025,-5,Administracion,Celinda Alcivar,,Activo,,,"La Tarea se la Realizo el Día de Hoy, 18 de Febrero!!! "
10,Limpiar banqueta Oficina Central.,,Clave,Actividad,Business Center,16,16,Limpiar banqueta Oficina Central.,2,22/01/2025,1,24/01/2025,VERDADERO,22/01/2025,-2,Administracion,Celinda Alcivar,,Activo,,,
10,Limpiar banqueta Oficina Central.,,Clave,Actividad,Business Center,106,106,Limpiar banqueta Oficina Central.,2,22/04/2025,1,24/04/2025,VERDADERO,22/04/2025,-2,Administracion,Celinda Alcivar,,Activo,,,
10,Limpiar banqueta Oficina Central.,,Clave,Actividad,Business Center,136,136,Limpiar banqueta Oficina Central.,3,22/05/2025,1,24/05/2025,VERDADERO,21/05/2025,-3,Administracion,Celinda Alcivar,,Activo,,,
10,Limpiar banqueta Oficina Central.,,Clave,Actividad,Business Center,121,121,Limpiar banqueta Oficina Central.,2,07/05/2025,1,09/05/2025,VERDADERO,07/05/2025,-2,Administracion,Celinda Alcivar,,Activo,,,
10,Limpiar banqueta Oficina Central.,,Clave,Actividad,Business Center,76,76,Limpiar banqueta Oficina Central.,7,25/03/2025,1,25/03/2025,VERDADERO,18/03/2025,-7,Administracion,Celinda Alcivar,,Activo,,,
10,Limpiar banqueta Oficina Central.,,Clave,Actividad,Business Center,166,166,Limpiar banqueta Oficina Central.,2,21/06/2025,1,23/06/2025,VERDADERO,21/06/2025,-2,Administracion,Celinda Alcivar,,Activo,,,
10,Limpiar banqueta Oficina Central.,,Clave,Actividad,Business Center,151,151,Limpiar banqueta Oficina Central.,5,06/06/2025,1,08/06/2025,VERDADERO,03/06/2025,-5,Administracion,Celinda Alcivar,,Activo,,,
10,Limpiar banqueta Oficina Central.,,Clave,Actividad,Business Center,286,286,Limpiar banqueta Oficina Central.,3,18/10/2025,1,21/10/2025,VERDADERO,18/10/2025,-3,Administracion,Celinda Alcivar,,Activo,,,
10,Limpiar banqueta Oficina Central.,,Clave,Actividad,Business Center,256,256,Limpiar banqueta Oficina Central.,1,19/09/2025,1,21/09/2025,VERDADERO,20/09/2025,-1,Administracion,Celinda Alcivar,,Activo,,,
10,Limpiar banqueta Oficina Central.,,Clave,Actividad,Business Center,196,196,Limpiar banqueta Oficina Central.,2,21/07/2025,1,23/07/2025,VERDADERO,21/07/2025,-2,Administracion,Celinda Alcivar,,Activo,,,
10,Limpiar banqueta Oficina Central.,,Clave,Actividad,Business Center,211,211,Limpiar banqueta Oficina Central.,2,05/08/2025,1,07/08/2025,VERDADERO,05/08/2025,-2,Administracion,Celinda Alcivar,,Activo,,,
10,Limpiar banqueta Oficina Central.,,Clave,Actividad,Business Center,241,241,Limpiar banqueta Oficina Central.,2,04/09/2025,1,06/09/2025,VERDADERO,04/09/2025,-2,Administracion,Celinda Alcivar,,Activo,,,
10,Limpiar banqueta Oficina Central.,,Clave,Actividad,Business Center,316,316,Limpiar banqueta Oficina Central.,0,18/11/2025,1,20/11/2025,VERDADERO,20/11/2025,0,Administracion,Celinda Alcivar,,Activo,,,
10,Limpiar banqueta Oficina Central.,,Clave,Actividad,Business Center,331,331,Limpiar banqueta Oficina Central.,2,03/12/2025,1,05/12/2025,VERDADERO,03/12/2025,-2,Administracion,Celinda Alcivar,,Activo,,,
10,Limpiar banqueta Oficina Central.,,Clave,Actividad,Business Center,346,346,Limpiar banqueta Oficina Central.,0,20/12/2025,1,20/12/2025,VERDADERO,20/12/2025,0,Administracion,Celinda Alcivar,,Activo,,,
10,Limpiar banqueta Oficina Central.,,Clave,Actividad,Business Center,271,271,Limpiar banqueta Oficina Central.,2,04/10/2025,1,06/10/2025,VERDADERO,04/10/2025,-2,Administracion,Celinda Alcivar,,Activo,,,
10,Limpiar banqueta Oficina Central.,,Clave,Actividad,Business Center,181,181,Limpiar banqueta Oficina Central.,3,05/07/2025,1,07/07/2025,VERDADERO,05/07/2025,-2,Administracion,Celinda Alcivar,,Activo,,,
10,Limpiar banqueta Oficina Central.,,Clave,Actividad,Business Center,226,226,Limpiar banqueta Oficina Central.,1,20/08/2025,1,22/08/2025,VERDADERO,21/08/2025,-1,Administracion,Celinda Alcivar,,Activo,,,
10,Limpiar banqueta Oficina Central.,,Clave,Actividad,Business Center,301,301,Limpiar banqueta Oficina Central.,2,03/11/2025,1,05/11/2025,VERDADERO,03/11/2025,-2,Administracion,Celinda Alcivar,,Activo,,,Feriado 
11,Limpiar filtros y Laguna Distribuidor de agua / Cuarto de bomba.,,Clave,Actividad,Business Center,1,1,Limpiar filtros y Laguna Distribuidor de agua / Cuarto de bomba.,,06/01/2025,1,06/01/2025,VERDADERO,06/01/2025,0,Administracion,Celinda Alcivar,,Activo,,,
11,Limpiar filtros y Laguna Distribuidor de agua / Cuarto de bomba.,,Clave,Actividad,Business Center,4,4,Limpiar filtros y Laguna Distribuidor de agua / Cuarto de bomba.,,11/01/2025,1,11/01/2025,VERDADERO,11/01/2025,0,Administracion,Celinda Alcivar,,Activo,,,
11,Limpiar filtros y Laguna Distribuidor de agua / Cuarto de bomba.,,Clave,Actividad,Business Center,6,6,Limpiar filtros y Laguna Distribuidor de agua / Cuarto de bomba.,,13/01/2025,1,13/01/2025,VERDADERO,13/01/2025,0,Administracion,Celinda Alcivar,,Activo,,,
11,Limpiar filtros y Laguna Distribuidor de agua / Cuarto de bomba.,,Clave,Actividad,Business Center,3,3,Limpiar filtros y Laguna Distribuidor de agua / Cuarto de bomba.,,10/01/2025,1,10/01/2025,VERDADERO,10/01/2025,0,Administracion,Celinda Alcivar,,Activo,,,
11,Limpiar filtros y Laguna Distribuidor de agua / Cuarto de bomba.,,Clave,Actividad,Business Center,7,7,Limpiar filtros y Laguna Distribuidor de agua / Cuarto de bomba.,,14/01/2025,1,14/01/2025,VERDADERO,14/01/2025,0,Administracion,Celinda Alcivar,,Activo,,,
11,Limpiar filtros y Laguna Distribuidor de agua / Cuarto de bomba.,,Clave,Actividad,Business Center,9,9,Limpiar filtros y Laguna Distribuidor de agua / Cuarto de bomba.,,16/01/2025,1,16/01/2025,VERDADERO,16/01/2025,0,Administracion,Celinda Alcivar,,Activo,,,
11,Limpiar filtros y Laguna Distribuidor de agua / Cuarto de bomba.,,Clave,Actividad,Business Center,10,10,Limpiar filtros y Laguna Distribuidor de agua / Cuarto de bomba.,,17/01/2025,1,17/01/2025,VERDADERO,17/01/2025,0,Administracion,Celinda Alcivar,,Activo,,,
11,Limpiar filtros y Laguna Distribuidor de agua / Cuarto de bomba.,,Clave,Actividad,Business Center,2,2,Limpiar filtros y Laguna Distribuidor de agua / Cuarto de bomba.,,09/01/2025,1,09/01/2025,VERDADERO,09/01/2025,0,Administracion,Celinda Alcivar,,Activo,,,
11,Limpiar filtros y Laguna Distribuidor de agua / Cuarto de bomba.,,Clave,Actividad,Business Center,8,8,Limpiar filtros y Laguna Distribuidor de agua / Cuarto de bomba.,,15/01/2025,1,15/01/2025,VERDADERO,15/01/2025,0,Administracion,Celinda Alcivar,,Activo,,,
11,Limpiar filtros y Laguna Distribuidor de agua / Cuarto de bomba.,,Clave,Actividad,Business Center,11,11,Limpiar filtros y Laguna Distribuidor de agua / Cuarto de bomba.,,18/01/2025,1,18/01/2025,VERDADERO,18/01/2025,0,Administracion,Celinda Alcivar,,Activo,,,
11,Limpiar filtros y Laguna Distribuidor de agua / Cuarto de bomba.,,Clave,Actividad,Business Center,14,14,Limpiar filtros y Laguna Distribuidor de agua / Cuarto de bomba.,0,21/01/2025,1,21/01/2025,VERDADERO,21/01/2025,0,Administracion,Celinda Alcivar,,Activo,,,
11,Limpiar filtros y Laguna Distribuidor de agua / Cuarto de bomba.,,Clave,Actividad,Business Center,17,17,Limpiar filtros y Laguna Distribuidor de agua / Cuarto de bomba.,0,24/01/2025,1,24/01/2025,VERDADERO,24/01/2025,0,Administracion,Celinda Alcivar,,Activo,,,
11,Limpiar filtros y Laguna Distribuidor de agua / Cuarto de bomba.,,Clave,Actividad,Business Center,23,23,Limpiar filtros y Laguna Distribuidor de agua / Cuarto de bomba.,-1,30/01/2025,1,30/01/2025,VERDADERO,31/01/2025,1,Administracion,Celinda Alcivar,,Activo,,,
11,Limpiar filtros y Laguna Distribuidor de agua / Cuarto de bomba.,,Clave,Actividad,Business Center,15,15,Limpiar filtros y Laguna Distribuidor de agua / Cuarto de bomba.,0,22/01/2025,1,22/01/2025,VERDADERO,22/01/2025,0,Administracion,Celinda Alcivar,,Activo,,,
11,Limpiar filtros y Laguna Distribuidor de agua / Cuarto de bomba.,,Clave,Actividad,Business Center,13,13,Limpiar filtros y Laguna Distribuidor de agua / Cuarto de bomba.,,20/01/2025,1,20/01/2025,VERDADERO,20/01/2025,0,Administracion,Celinda Alcivar,,Activo,,,
11,Limpiar filtros y Laguna Distribuidor de agua / Cuarto de bomba.,,Clave,Actividad,Business Center,18,18,Limpiar filtros y Laguna Distribuidor de agua / Cuarto de bomba.,-3,25/01/2025,1,25/01/2025,VERDADERO,25/01/2025,0,Administracion,Celinda Alcivar,,Activo,,,
11,Limpiar filtros y Laguna Distribuidor de agua / Cuarto de bomba.,,Clave,Actividad,Business Center,21,21,Limpiar filtros y Laguna Distribuidor de agua / Cuarto de bomba.,-1,28/01/2025,1,28/01/2025,VERDADERO,28/01/2025,0,Administracion,Celinda Alcivar,,Activo,,,
11,Limpiar filtros y Laguna Distribuidor de agua / Cuarto de bomba.,,Clave,Actividad,Business Center,16,16,Limpiar filtros y Laguna Distribuidor de agua / Cuarto de bomba.,0,23/01/2025,1,23/01/2025,VERDADERO,23/01/2025,0,Administracion,Celinda Alcivar,,Activo,,,
11,Limpiar filtros y Laguna Distribuidor de agua / Cuarto de bomba.,,Clave,Actividad,Business Center,27,27,Limpiar filtros y Laguna Distribuidor de agua / Cuarto de bomba.,-1,03/02/2025,1,03/02/2025,VERDADERO,03/02/2025,0,Administracion,Celinda Alcivar,,Activo,,,
11,Limpiar filtros y Laguna Distribuidor de agua / Cuarto de bomba.,,Clave,Actividad,Business Center,24,24,Limpiar filtros y Laguna Distribuidor de agua / Cuarto de bomba.,0,31/01/2025,1,31/01/2025,VERDADERO,31/01/2025,0,Administracion,Celinda Alcivar,,Activo,,,
11,Limpiar filtros y Laguna Distribuidor de agua / Cuarto de bomba.,,Clave,Actividad,Business Center,25,25,Limpiar filtros y Laguna Distribuidor de agua / Cuarto de bomba.,-1,01/02/2025,1,01/02/2025,VERDADERO,01/02/2025,0,Administracion,Celinda Alcivar,,Activo,,,
11,Limpiar filtros y Laguna Distribuidor de agua / Cuarto de bomba.,,Clave,Actividad,Business Center,66,66,Limpiar filtros y Laguna Distribuidor de agua / Cuarto de bomba.,0,14/03/2025,1,14/03/2025,VERDADERO,14/03/2025,0,Administracion,Celinda Alcivar,,Activo,,,
11,Limpiar filtros y Laguna Distribuidor de agua / Cuarto de bomba.,,Clave,Actividad,Business Center,28,28,Limpiar filtros y Laguna Distribuidor de agua / Cuarto de bomba.,0,04/02/2025,1,04/02/2025,VERDADERO,04/02/2025,0,Administracion,Celinda Alcivar,,Activo,,,
11,Limpiar filtros y Laguna Distribuidor de agua / Cuarto de bomba.,,Clave,Actividad,Business Center,34,34,Limpiar filtros y Laguna Distribuidor de agua / Cuarto de bomba.,0,10/02/2025,1,10/02/2025,VERDADERO,10/02/2025,0,Administracion,Celinda Alcivar,,Activo,,,
11,Limpiar filtros y Laguna Distribuidor de agua / Cuarto de bomba.,,Clave,Actividad,Business Center,31,31,Limpiar filtros y Laguna Distribuidor de agua / Cuarto de bomba.,0,07/02/2025,1,07/02/2025,VERDADERO,07/02/2025,0,Administracion,Celinda Alcivar,,Activo,,,
11,Limpiar filtros y Laguna Distribuidor de agua / Cuarto de bomba.,,Clave,Actividad,Business Center,30,30,Limpiar filtros y Laguna Distribuidor de agua / Cuarto de bomba.,-1,06/02/2025,1,06/02/2025,VERDADERO,06/02/2025,0,Administracion,Celinda Alcivar,,Activo,,,
11,Limpiar filtros y Laguna Distribuidor de agua / Cuarto de bomba.,,Clave,Actividad,Business Center,32,32,Limpiar filtros y Laguna Distribuidor de agua / Cuarto de bomba.,0,08/02/2025,1,08/02/2025,VERDADERO,08/02/2025,0,Administracion,Celinda Alcivar,,Activo,,,
11,Limpiar filtros y Laguna Distribuidor de agua / Cuarto de bomba.,,Clave,Actividad,Business Center,43,43,Limpiar filtros y Laguna Distribuidor de agua / Cuarto de bomba.,0,19/02/2025,1,19/02/2025,VERDADERO,19/02/2025,0,Administracion,Celinda Alcivar,,Activo,,,
11,Limpiar filtros y Laguna Distribuidor de agua / Cuarto de bomba.,,Clave,Actividad,Business Center,60,60,Limpiar filtros y Laguna Distribuidor de agua / Cuarto de bomba.,0,08/03/2025,1,08/03/2025,VERDADERO,08/03/2025,0,Administracion,Celinda Alcivar,,Activo,,,
11,Limpiar filtros y Laguna Distribuidor de agua / Cuarto de bomba.,,Clave,Actividad,Business Center,35,35,Limpiar filtros y Laguna Distribuidor de agua / Cuarto de bomba.,0,11/02/2025,1,11/02/2025,VERDADERO,11/02/2025,0,Administracion,Celinda Alcivar,,Activo,,,
11,Limpiar filtros y Laguna Distribuidor de agua / Cuarto de bomba.,,Clave,Actividad,Business Center,70,70,Limpiar filtros y Laguna Distribuidor de agua / Cuarto de bomba.,0,18/03/2025,1,18/03/2025,VERDADERO,18/03/2025,0,Administracion,Celinda Alcivar,,Activo,,,
11,Limpiar filtros y Laguna Distribuidor de agua / Cuarto de bomba.,,Clave,Actividad,Business Center,46,46,Limpiar filtros y Laguna Distribuidor de agua / Cuarto de bomba.,0,22/02/2025,1,22/02/2025,VERDADERO,22/02/2025,0,Administracion,Celinda Alcivar,,Activo,,,
11,Limpiar filtros y Laguna Distribuidor de agua / Cuarto de bomba.,,Clave,Actividad,Business Center,22,22,Limpiar filtros y Laguna Distribuidor de agua / Cuarto de bomba.,0,29/01/2025,1,29/01/2025,VERDADERO,29/01/2025,0,Administracion,Celinda Alcivar,,Activo,,,
11,Limpiar filtros y Laguna Distribuidor de agua / Cuarto de bomba.,,Clave,Actividad,Business Center,44,44,Limpiar filtros y Laguna Distribuidor de agua / Cuarto de bomba.,0,20/02/2025,1,20/02/2025,VERDADERO,20/02/2025,0,Administracion,Celinda Alcivar,,Activo,,,
11,Limpiar filtros y Laguna Distribuidor de agua / Cuarto de bomba.,,Clave,Actividad,Business Center,29,29,Limpiar filtros y Laguna Distribuidor de agua / Cuarto de bomba.,-2,05/02/2025,1,05/02/2025,VERDADERO,05/02/2025,0,Administracion,Celinda Alcivar,,Activo,,,
11,Limpiar filtros y Laguna Distribuidor de agua / Cuarto de bomba.,,Clave,Actividad,Business Center,39,39,Limpiar filtros y Laguna Distribuidor de agua / Cuarto de bomba.,0,15/02/2025,1,15/02/2025,VERDADERO,15/02/2025,0,Administracion,Celinda Alcivar,,Activo,,,
11,Limpiar filtros y Laguna Distribuidor de agua / Cuarto de bomba.,,Clave,Actividad,Business Center,45,45,Limpiar filtros y Laguna Distribuidor de agua / Cuarto de bomba.,0,21/02/2025,1,21/02/2025,VERDADERO,21/02/2025,0,Administracion,Celinda Alcivar,,Activo,,,
11,Limpiar filtros y Laguna Distribuidor de agua / Cuarto de bomba.,,Clave,Actividad,Business Center,20,20,Limpiar filtros y Laguna Distribuidor de agua / Cuarto de bomba.,-1,27/01/2025,1,27/01/2025,VERDADERO,27/01/2025,0,Administracion,Celinda Alcivar,,Activo,,,
11,Limpiar filtros y Laguna Distribuidor de agua / Cuarto de bomba.,,Clave,Actividad,Business Center,41,41,Limpiar filtros y Laguna Distribuidor de agua / Cuarto de bomba.,0,17/02/2025,1,17/02/2025,VERDADERO,17/02/2025,0,Administracion,Celinda Alcivar,,Activo,,,
11,Limpiar filtros y Laguna Distribuidor de agua / Cuarto de bomba.,,Clave,Actividad,Business Center,37,37,Limpiar filtros y Laguna Distribuidor de agua / Cuarto de bomba.,0,13/02/2025,1,13/02/2025,VERDADERO,13/02/2025,0,Administracion,Celinda Alcivar,,Activo,,,
11,Limpiar filtros y Laguna Distribuidor de agua / Cuarto de bomba.,,Clave,Actividad,Business Center,59,59,Limpiar filtros y Laguna Distribuidor de agua / Cuarto de bomba.,0,07/03/2025,1,07/03/2025,VERDADERO,07/03/2025,0,Administracion,Celinda Alcivar,,Activo,,,
11,Limpiar filtros y Laguna Distribuidor de agua / Cuarto de bomba.,,Clave,Actividad,Business Center,50,50,Limpiar filtros y Laguna Distribuidor de agua / Cuarto de bomba.,0,26/02/2025,1,26/02/2025,VERDADERO,26/02/2025,0,Administracion,Celinda Alcivar,,Activo,,,
11,Limpiar filtros y Laguna Distribuidor de agua / Cuarto de bomba.,,Clave,Actividad,Business Center,65,65,Limpiar filtros y Laguna Distribuidor de agua / Cuarto de bomba.,0,13/03/2025,1,13/03/2025,VERDADERO,13/03/2025,0,Administracion,Celinda Alcivar,,Activo,,,
11,Limpiar filtros y Laguna Distribuidor de agua / Cuarto de bomba.,,Clave,Actividad,Business Center,51,51,Limpiar filtros y Laguna Distribuidor de agua / Cuarto de bomba.,0,27/02/2025,1,27/02/2025,VERDADERO,27/02/2025,0,Administracion,Celinda Alcivar,,Activo,,,Vacaciones
11,Limpiar filtros y Laguna Distribuidor de agua / Cuarto de bomba.,,Clave,Actividad,Business Center,62,62,Limpiar filtros y Laguna Distribuidor de agua / Cuarto de bomba.,0,10/03/2025,1,10/03/2025,VERDADERO,10/03/2025,0,Administracion,Celinda Alcivar,,Activo,,,
11,Limpiar filtros y Laguna Distribuidor de agua / Cuarto de bomba.,,Clave,Actividad,Business Center,63,63,Limpiar filtros y Laguna Distribuidor de agua / Cuarto de bomba.,0,11/03/2025,1,11/03/2025,VERDADERO,11/03/2025,0,Administracion,Celinda Alcivar,,Activo,,,
11,Limpiar filtros y Laguna Distribuidor de agua / Cuarto de bomba.,,Clave,Actividad,Business Center,57,57,Limpiar filtros y Laguna Distribuidor de agua / Cuarto de bomba.,0,05/03/2025,1,05/03/2025,VERDADERO,05/03/2025,0,Administracion,Celinda Alcivar,,Activo,,,
11,Limpiar filtros y Laguna Distribuidor de agua / Cuarto de bomba.,,Clave,Actividad,Business Center,49,49,Limpiar filtros y Laguna Distribuidor de agua / Cuarto de bomba.,0,25/02/2025,1,25/02/2025,VERDADERO,25/02/2025,0,Administracion,Celinda Alcivar,,Activo,,,
11,Limpiar filtros y Laguna Distribuidor de agua / Cuarto de bomba.,,Clave,Actividad,Business Center,48,48,Limpiar filtros y Laguna Distribuidor de agua / Cuarto de bomba.,0,24/02/2025,1,24/02/2025,VERDADERO,24/02/2025,0,Administracion,Celinda Alcivar,,Activo,,,
11,Limpiar filtros y Laguna Distribuidor de agua / Cuarto de bomba.,,Clave,Actividad,Business Center,36,36,Limpiar filtros y Laguna Distribuidor de agua / Cuarto de bomba.,0,12/02/2025,1,12/02/2025,VERDADERO,12/02/2025,0,Administracion,Celinda Alcivar,,Activo,,,
11,Limpiar filtros y Laguna Distribuidor de agua / Cuarto de bomba.,,Clave,Actividad,Business Center,77,77,Limpiar filtros y Laguna Distribuidor de agua / Cuarto de bomba.,0,25/03/2025,1,25/03/2025,VERDADERO,25/03/2025,0,Administracion,Celinda Alcivar,,Activo,,,
11,Limpiar filtros y Laguna Distribuidor de agua / Cuarto de bomba.,,Clave,Actividad,Business Center,73,73,Limpiar filtros y Laguna Distribuidor de agua / Cuarto de bomba.,0,21/03/2025,1,21/03/2025,VERDADERO,21/03/2025,0,Administracion,Celinda Alcivar,,Activo,,,
11,Limpiar filtros y Laguna Distribuidor de agua / Cuarto de bomba.,,Clave,Actividad,Business Center,58,58,Limpiar filtros y Laguna Distribuidor de agua / Cuarto de bomba.,0,06/03/2025,1,06/03/2025,VERDADERO,06/03/2025,0,Administracion,Celinda Alcivar,,Activo,,,
11,Limpiar filtros y Laguna Distribuidor de agua / Cuarto de bomba.,,Clave,Actividad,Business Center,42,42,Limpiar filtros y Laguna Distribuidor de agua / Cuarto de bomba.,0,18/02/2025,1,18/02/2025,VERDADERO,18/02/2025,0,Administracion,Celinda Alcivar,,Activo,,,
11,Limpiar filtros y Laguna Distribuidor de agua / Cuarto de bomba.,,General,Actividad,Business Center,90,90,Limpiar filtros y Laguna Distribuidor de agua / Cuarto de bomba.,0,07/04/2025,1,07/04/2025,VERDADERO,07/04/2025,0,Administracion,Celinda Alcivar,,Activo,,,
11,Limpiar filtros y Laguna Distribuidor de agua / Cuarto de bomba.,,Clave,Actividad,Business Center,69,69,Limpiar filtros y Laguna Distribuidor de agua / Cuarto de bomba.,0,17/03/2025,1,17/03/2025,VERDADERO,17/03/2025,0,Administracion,Celinda Alcivar,,Activo,,,
11,Limpiar filtros y Laguna Distribuidor de agua / Cuarto de bomba.,,General,Actividad,Business Center,91,91,Limpiar filtros y Laguna Distribuidor de agua / Cuarto de bomba.,0,08/04/2025,1,08/04/2025,VERDADERO,08/04/2025,0,Administracion,Celinda Alcivar,,Activo,,,
11,Limpiar filtros y Laguna Distribuidor de agua / Cuarto de bomba.,,General,Actividad,Business Center,87,87,Limpiar filtros y Laguna Distribuidor de agua / Cuarto de bomba.,,04/04/2025,1,04/04/2025,VERDADERO,04/04/2025,0,Administracion,Celinda Alcivar,,Activo,,,
11,Limpiar filtros y Laguna Distribuidor de agua / Cuarto de bomba.,,General,Actividad,Business Center,99,99,Limpiar filtros y Laguna Distribuidor de agua / Cuarto de bomba.,0,16/04/2025,1,16/04/2025,VERDADERO,16/04/2025,0,Administracion,Celinda Alcivar,,Activo,,,
11,Limpiar filtros y Laguna Distribuidor de agua / Cuarto de bomba.,,Clave,Actividad,Business Center,64,64,Limpiar filtros y Laguna Distribuidor de agua / Cuarto de bomba.,0,12/03/2025,1,12/03/2025,VERDADERO,12/03/2025,0,Administracion,Celinda Alcivar,,Activo,,,
11,Limpiar filtros y Laguna Distribuidor de agua / Cuarto de bomba.,,Clave,Actividad,Business Center,38,38,Limpiar filtros y Laguna Distribuidor de agua / Cuarto de bomba.,-1,14/02/2025,1,14/02/2025,VERDADERO,14/02/2025,0,Administracion,Celinda Alcivar,,Activo,,,
11,Limpiar filtros y Laguna Distribuidor de agua / Cuarto de bomba.,,Clave,Actividad,Business Center,83,83,Limpiar filtros y Laguna Distribuidor de agua / Cuarto de bomba.,,31/03/2025,1,31/03/2025,VERDADERO,31/03/2025,0,Administracion,Celinda Alcivar,,Activo,,,
11,Limpiar filtros y Laguna Distribuidor de agua / Cuarto de bomba.,,Clave,Actividad,Business Center,67,67,Limpiar filtros y Laguna Distribuidor de agua / Cuarto de bomba.,0,15/03/2025,1,15/03/2025,VERDADERO,15/03/2025,0,Administracion,Celinda Alcivar,,Activo,,,
11,Limpiar filtros y Laguna Distribuidor de agua / Cuarto de bomba.,,Clave,Actividad,Business Center,53,53,Limpiar filtros y Laguna Distribuidor de agua / Cuarto de bomba.,0,01/03/2025,1,01/03/2025,VERDADERO,01/03/2025,0,Administracion,Celinda Alcivar,,Activo,,,
11,Limpiar filtros y Laguna Distribuidor de agua / Cuarto de bomba.,,General,Actividad,Business Center,85,85,Limpiar filtros y Laguna Distribuidor de agua / Cuarto de bomba.,,02/04/2025,1,02/04/2025,VERDADERO,02/04/2025,0,Administracion,Celinda Alcivar,,Activo,,,
11,Limpiar filtros y Laguna Distribuidor de agua / Cuarto de bomba.,,Clave,Actividad,Business Center,76,76,Limpiar filtros y Laguna Distribuidor de agua / Cuarto de bomba.,0,24/03/2025,1,24/03/2025,VERDADERO,24/03/2025,0,Administracion,Celinda Alcivar,,Activo,,,
11,Limpiar filtros y Laguna Distribuidor de agua / Cuarto de bomba.,,General,Actividad,Business Center,98,98,Limpiar filtros y Laguna Distribuidor de agua / Cuarto de bomba.,0,15/04/2025,1,15/04/2025,VERDADERO,15/04/2025,0,Administracion,Celinda Alcivar,,Activo,,,
11,Limpiar filtros y Laguna Distribuidor de agua / Cuarto de bomba.,,Clave,Actividad,Business Center,52,52,Limpiar filtros y Laguna Distribuidor de agua / Cuarto de bomba.,0,28/02/2025,1,28/02/2025,VERDADERO,28/02/2025,0,Administracion,Celinda Alcivar,,Activo,,,
11,Limpiar filtros y Laguna Distribuidor de agua / Cuarto de bomba.,,Clave,Actividad,Business Center,71,71,Limpiar filtros y Laguna Distribuidor de agua / Cuarto de bomba.,0,19/03/2025,1,19/03/2025,VERDADERO,19/03/2025,0,Administracion,Celinda Alcivar,,Activo,,,
11,Limpiar filtros y Laguna Distribuidor de agua / Cuarto de bomba.,,Clave,Actividad,Business Center,74,74,Limpiar filtros y Laguna Distribuidor de agua / Cuarto de bomba.,0,22/03/2025,1,22/03/2025,VERDADERO,22/03/2025,0,Administracion,Celinda Alcivar,,Activo,,,
11,Limpiar filtros y Laguna Distribuidor de agua / Cuarto de bomba.,,Clave,Actividad,Business Center,78,78,Limpiar filtros y Laguna Distribuidor de agua / Cuarto de bomba.,0,26/03/2025,1,26/03/2025,VERDADERO,26/03/2025,0,Administracion,Celinda Alcivar,,Activo,,,
11,Limpiar filtros y Laguna Distribuidor de agua / Cuarto de bomba.,,Clave,Actividad,Business Center,72,72,Limpiar filtros y Laguna Distribuidor de agua / Cuarto de bomba.,0,20/03/2025,1,20/03/2025,VERDADERO,20/03/2025,0,Administracion,Celinda Alcivar,,Activo,,,
11,Limpiar filtros y Laguna Distribuidor de agua / Cuarto de bomba.,,Clave,Actividad,Business Center,79,79,Limpiar filtros y Laguna Distribuidor de agua / Cuarto de bomba.,0,27/03/2025,1,27/03/2025,VERDADERO,27/03/2025,0,Administracion,Celinda Alcivar,,Activo,,,Vacaciones.
11,Limpiar filtros y Laguna Distribuidor de agua / Cuarto de bomba.,,Clave,Actividad,Business Center,80,80,Limpiar filtros y Laguna Distribuidor de agua / Cuarto de bomba.,0,28/03/2025,1,28/03/2025,VERDADERO,28/03/2025,0,Administracion,Celinda Alcivar,,Activo,,,
11,Limpiar filtros y Laguna Distribuidor de agua / Cuarto de bomba.,,General,Actividad,Business Center,92,92,Limpiar filtros y Laguna Distribuidor de agua / Cuarto de bomba.,0,09/04/2025,1,09/04/2025,VERDADERO,09/04/2025,0,Administracion,Celinda Alcivar,,Activo,,,
11,Limpiar filtros y Laguna Distribuidor de agua / Cuarto de bomba.,,General,Actividad,Business Center,106,106,Limpiar filtros y Laguna Distribuidor de agua / Cuarto de bomba.,0,23/04/2025,1,23/04/2025,VERDADERO,23/04/2025,0,Administracion,Celinda Alcivar,,Activo,,,
11,Limpiar filtros y Laguna Distribuidor de agua / Cuarto de bomba.,,General,Actividad,Business Center,100,100,Limpiar filtros y Laguna Distribuidor de agua / Cuarto de bomba.,0,17/04/2025,1,17/04/2025,VERDADERO,17/04/2025,0,Administracion,Celinda Alcivar,,Activo,,,
11,Limpiar filtros y Laguna Distribuidor de agua / Cuarto de bomba.,,General,Actividad,Business Center,101,101,Limpiar filtros y Laguna Distribuidor de agua / Cuarto de bomba.,-3,18/04/2025,1,18/04/2025,VERDADERO,18/04/2025,0,Administracion,Celinda Alcivar,,Activo,,,Feriado
11,Limpiar filtros y Laguna Distribuidor de agua / Cuarto de bomba.,,General,Actividad,Business Center,105,105,Limpiar filtros y Laguna Distribuidor de agua / Cuarto de bomba.,0,22/04/2025,1,22/04/2025,VERDADERO,22/04/2025,0,Administracion,Celinda Alcivar,,Activo,,,
11,Limpiar filtros y Laguna Distribuidor de agua / Cuarto de bomba.,,General,Actividad,Business Center,88,88,Limpiar filtros y Laguna Distribuidor de agua / Cuarto de bomba.,,05/04/2025,1,05/04/2025,VERDADERO,05/04/2025,0,Administracion,Celinda Alcivar,,Activo,,,
11,Limpiar filtros y Laguna Distribuidor de agua / Cuarto de bomba.,,General,Actividad,Business Center,102,102,Limpiar filtros y Laguna Distribuidor de agua / Cuarto de bomba.,-2,19/04/2025,1,19/04/2025,VERDADERO,19/04/2025,0,Administracion,Celinda Alcivar,,Activo,,,Feriado 
11,Limpiar filtros y Laguna Distribuidor de agua / Cuarto de bomba.,,General,Actividad,Business Center,111,111,Limpiar filtros y Laguna Distribuidor de agua / Cuarto de bomba.,0,28/04/2025,1,28/04/2025,VERDADERO,28/04/2025,0,Administracion,Celinda Alcivar,,Activo,,,
11,Limpiar filtros y Laguna Distribuidor de agua / Cuarto de bomba.,,General,Actividad,Business Center,112,112,Limpiar filtros y Laguna Distribuidor de agua / Cuarto de bomba.,0,29/04/2025,1,29/04/2025,VERDADERO,29/04/2025,0,Administracion,Celinda Alcivar,,Activo,,,
11,Limpiar filtros y Laguna Distribuidor de agua / Cuarto de bomba.,,General,Actividad,Business Center,109,109,Limpiar filtros y Laguna Distribuidor de agua / Cuarto de bomba.,0,26/04/2025,1,26/04/2025,VERDADERO,26/04/2025,0,Administracion,Celinda Alcivar,,Activo,,,
11,Limpiar filtros y Laguna Distribuidor de agua / Cuarto de bomba.,,General,Actividad,Business Center,95,95,Limpiar filtros y Laguna Distribuidor de agua / Cuarto de bomba.,0,12/04/2025,1,12/04/2025,VERDADERO,12/04/2025,0,Administracion,Celinda Alcivar,,Activo,,,
11,Limpiar filtros y Laguna Distribuidor de agua / Cuarto de bomba.,,General,Actividad,Business Center,114,114,Limpiar filtros y Laguna Distribuidor de agua / Cuarto de bomba.,0,01/05/2025,1,01/05/2025,VERDADERO,01/05/2025,0,Administracion,Celinda Alcivar,,Activo,,,
11,Limpiar filtros y Laguna Distribuidor de agua / Cuarto de bomba.,,General,Actividad,Business Center,121,121,Limpiar filtros y Laguna Distribuidor de agua / Cuarto de bomba.,0,08/05/2025,1,08/05/2025,VERDADERO,08/05/2025,0,Administracion,Celinda Alcivar,,Activo,,,
11,Limpiar filtros y Laguna Distribuidor de agua / Cuarto de bomba.,,General,Actividad,Business Center,97,97,Limpiar filtros y Laguna Distribuidor de agua / Cuarto de bomba.,0,14/04/2025,1,14/04/2025,VERDADERO,14/04/2025,0,Administracion,Celinda Alcivar,,Activo,,,
11,Limpiar filtros y Laguna Distribuidor de agua / Cuarto de bomba.,,General,Actividad,Business Center,119,119,Limpiar filtros y Laguna Distribuidor de agua / Cuarto de bomba.,0,06/05/2025,1,06/05/2025,VERDADERO,06/05/2025,0,Administracion,Celinda Alcivar,,Activo,,,
11,Limpiar filtros y Laguna Distribuidor de agua / Cuarto de bomba.,,General,Actividad,Business Center,116,116,Limpiar filtros y Laguna Distribuidor de agua / Cuarto de bomba.,1,03/05/2025,1,03/05/2025,VERDADERO,03/05/2025,0,Administracion,Celinda Alcivar,,Activo,,,
11,Limpiar filtros y Laguna Distribuidor de agua / Cuarto de bomba.,,General,Actividad,Business Center,94,94,Limpiar filtros y Laguna Distribuidor de agua / Cuarto de bomba.,0,11/04/2025,1,11/04/2025,VERDADERO,11/04/2025,0,Administracion,Celinda Alcivar,,Activo,,,
11,Limpiar filtros y Laguna Distribuidor de agua / Cuarto de bomba.,,General,Actividad,Business Center,120,120,Limpiar filtros y Laguna Distribuidor de agua / Cuarto de bomba.,0,07/05/2025,1,07/05/2025,VERDADERO,07/05/2025,0,Administracion,Celinda Alcivar,,Activo,,,
11,Limpiar filtros y Laguna Distribuidor de agua / Cuarto de bomba.,,General,Actividad,Business Center,118,118,Limpiar filtros y Laguna Distribuidor de agua / Cuarto de bomba.,0,05/05/2025,1,05/05/2025,VERDADERO,05/05/2025,0,Administracion,Celinda Alcivar,,Activo,,,
11,Limpiar filtros y Laguna Distribuidor de agua / Cuarto de bomba.,,General,Actividad,Business Center,107,107,Limpiar filtros y Laguna Distribuidor de agua / Cuarto de bomba.,0,24/04/2025,1,24/04/2025,VERDADERO,24/04/2025,0,Administracion,Celinda Alcivar,,Activo,,,
11,Limpiar filtros y Laguna Distribuidor de agua / Cuarto de bomba.,,General,Actividad,Business Center,123,123,Limpiar filtros y Laguna Distribuidor de agua / Cuarto de bomba.,0,10/05/2025,1,10/05/2025,VERDADERO,10/05/2025,0,Administracion,Celinda Alcivar,,Activo,,,
11,Limpiar filtros y Laguna Distribuidor de agua / Cuarto de bomba.,,General,Actividad,Business Center,104,104,Limpiar filtros y Laguna Distribuidor de agua / Cuarto de bomba.,0,21/04/2025,1,21/04/2025,VERDADERO,21/04/2025,0,Administracion,Celinda Alcivar,,Activo,,,
11,Limpiar filtros y Laguna Distribuidor de agua / Cuarto de bomba.,,General,Actividad,Business Center,127,127,Limpiar filtros y Laguna Distribuidor de agua / Cuarto de bomba.,0,14/05/2025,1,14/05/2025,VERDADERO,14/05/2025,0,Administracion,Celinda Alcivar,,Activo,,,
11,Limpiar filtros y Laguna Distribuidor de agua / Cuarto de bomba.,,Clave,Actividad,Business Center,81,81,Limpiar filtros y Laguna Distribuidor de agua / Cuarto de bomba.,0,29/03/2025,1,29/03/2025,VERDADERO,29/03/2025,0,Administracion,Celinda Alcivar,,Activo,,,
11,Limpiar filtros y Laguna Distribuidor de agua / Cuarto de bomba.,,General,Actividad,Business Center,122,122,Limpiar filtros y Laguna Distribuidor de agua / Cuarto de bomba.,0,09/05/2025,1,09/05/2025,VERDADERO,09/05/2025,0,Administracion,Celinda Alcivar,,Activo,,,
11,Limpiar filtros y Laguna Distribuidor de agua / Cuarto de bomba.,,General,Actividad,Business Center,125,125,Limpiar filtros y Laguna Distribuidor de agua / Cuarto de bomba.,0,12/05/2025,1,12/05/2025,VERDADERO,12/05/2025,0,Administracion,Celinda Alcivar,,Activo,,,
11,Limpiar filtros y Laguna Distribuidor de agua / Cuarto de bomba.,,General,Actividad,Business Center,115,115,Limpiar filtros y Laguna Distribuidor de agua / Cuarto de bomba.,0,02/05/2025,1,02/05/2025,VERDADERO,02/05/2025,0,Administracion,Celinda Alcivar,,Activo,,,Feriado
11,Limpiar filtros y Laguna Distribuidor de agua / Cuarto de bomba.,,General,Actividad,Business Center,126,126,Limpiar filtros y Laguna Distribuidor de agua / Cuarto de bomba.,0,13/05/2025,1,13/05/2025,VERDADERO,13/05/2025,0,Administracion,Celinda Alcivar,,Activo,,,
11,Limpiar filtros y Laguna Distribuidor de agua / Cuarto de bomba.,,General,Actividad,Business Center,108,108,Limpiar filtros y Laguna Distribuidor de agua / Cuarto de bomba.,-1,25/04/2025,1,25/04/2025,VERDADERO,25/04/2025,0,Administracion,Celinda Alcivar,,Activo,,,
11,Limpiar filtros y Laguna Distribuidor de agua / Cuarto de bomba.,,General,Actividad,Business Center,129,129,Limpiar filtros y Laguna Distribuidor de agua / Cuarto de bomba.,0,16/05/2025,1,16/05/2025,VERDADERO,16/05/2025,0,Administracion,Celinda Alcivar,,Activo,,,
11,Limpiar filtros y Laguna Distribuidor de agua / Cuarto de bomba.,,General,Actividad,Business Center,132,132,Limpiar filtros y Laguna Distribuidor de agua / Cuarto de bomba.,0,19/05/2025,1,19/05/2025,VERDADERO,19/05/2025,0,Administracion,Celinda Alcivar,,Activo,,,
11,Limpiar filtros y Laguna Distribuidor de agua / Cuarto de bomba.,,General,Actividad,Business Center,130,130,Limpiar filtros y Laguna Distribuidor de agua / Cuarto de bomba.,0,17/05/2025,1,17/05/2025,VERDADERO,17/05/2025,0,Administracion,Celinda Alcivar,,Activo,,,
11,Limpiar filtros y Laguna Distribuidor de agua / Cuarto de bomba.,,General,Actividad,Business Center,113,113,Limpiar filtros y Laguna Distribuidor de agua / Cuarto de bomba.,0,30/04/2025,1,30/04/2025,VERDADERO,30/04/2025,0,Administracion,Celinda Alcivar,,Activo,,,
11,Limpiar filtros y Laguna Distribuidor de agua / Cuarto de bomba.,,General,Actividad,Business Center,86,86,Limpiar filtros y Laguna Distribuidor de agua / Cuarto de bomba.,,03/04/2025,1,03/04/2025,VERDADERO,03/04/2025,0,Administracion,Celinda Alcivar,,Activo,,,
11,Limpiar filtros y Laguna Distribuidor de agua / Cuarto de bomba.,,General,Actividad,Business Center,84,84,Limpiar filtros y Laguna Distribuidor de agua / Cuarto de bomba.,,01/04/2025,1,01/04/2025,VERDADERO,01/04/2025,0,Administracion,Celinda Alcivar,,Activo,,,
11,Limpiar filtros y Laguna Distribuidor de agua / Cuarto de bomba.,,General,Actividad,Business Center,136,136,Limpiar filtros y Laguna Distribuidor de agua / Cuarto de bomba.,-1,23/05/2025,1,23/05/2025,VERDADERO,23/05/2025,0,Administracion,Celinda Alcivar,,Activo,,,Feriado
11,Limpiar filtros y Laguna Distribuidor de agua / Cuarto de bomba.,,General,Actividad,Business Center,135,135,Limpiar filtros y Laguna Distribuidor de agua / Cuarto de bomba.,0,22/05/2025,1,22/05/2025,VERDADERO,22/05/2025,0,Administracion,Celinda Alcivar,,Activo,,,
11,Limpiar filtros y Laguna Distribuidor de agua / Cuarto de bomba.,,General,Actividad,Business Center,134,134,Limpiar filtros y Laguna Distribuidor de agua / Cuarto de bomba.,0,21/05/2025,1,21/05/2025,VERDADERO,21/05/2025,0,Administracion,Celinda Alcivar,,Activo,,,
11,Limpiar filtros y Laguna Distribuidor de agua / Cuarto de bomba.,,General,Actividad,Business Center,128,128,Limpiar filtros y Laguna Distribuidor de agua / Cuarto de bomba.,0,15/05/2025,1,15/05/2025,VERDADERO,15/05/2025,0,Administracion,Celinda Alcivar,,Activo,,,
11,Limpiar filtros y Laguna Distribuidor de agua / Cuarto de bomba.,,General,Actividad,Business Center,133,133,Limpiar filtros y Laguna Distribuidor de agua / Cuarto de bomba.,0,20/05/2025,1,20/05/2025,VERDADERO,20/05/2025,0,Administracion,Celinda Alcivar,,Activo,,,
11,Limpiar filtros y Laguna Distribuidor de agua / Cuarto de bomba.,,General,Actividad,Business Center,139,139,Limpiar filtros y Laguna Distribuidor de agua / Cuarto de bomba.,0,26/05/2025,1,26/05/2025,VERDADERO,26/05/2025,0,Administracion,Celinda Alcivar,,Activo,,,
11,Limpiar filtros y Laguna Distribuidor de agua / Cuarto de bomba.,,General,Actividad,Business Center,140,140,Limpiar filtros y Laguna Distribuidor de agua / Cuarto de bomba.,0,27/05/2025,1,27/05/2025,VERDADERO,27/05/2025,0,Administracion,Celinda Alcivar,,Activo,,,
11,Limpiar filtros y Laguna Distribuidor de agua / Cuarto de bomba.,,General,Actividad,Business Center,141,141,Limpiar filtros y Laguna Distribuidor de agua / Cuarto de bomba.,0,28/05/2025,1,28/05/2025,VERDADERO,28/05/2025,0,Administracion,Celinda Alcivar,,Activo,,,
11,Limpiar filtros y Laguna Distribuidor de agua / Cuarto de bomba.,,General,Actividad,Business Center,144,144,Limpiar filtros y Laguna Distribuidor de agua / Cuarto de bomba.,0,31/05/2025,1,31/05/2025,VERDADERO,31/05/2025,0,Administracion,Celinda Alcivar,,Activo,,,
11,Limpiar filtros y Laguna Distribuidor de agua / Cuarto de bomba.,,General,Actividad,Business Center,93,93,Limpiar filtros y Laguna Distribuidor de agua / Cuarto de bomba.,0,10/04/2025,1,10/04/2025,VERDADERO,10/04/2025,0,Administracion,Celinda Alcivar,,Activo,,,
11,Limpiar filtros y Laguna Distribuidor de agua / Cuarto de bomba.,,General,Actividad,Business Center,143,143,Limpiar filtros y Laguna Distribuidor de agua / Cuarto de bomba.,0,30/05/2025,1,30/05/2025,VERDADERO,30/05/2025,0,Administracion,Celinda Alcivar,,Activo,,,
11,Limpiar filtros y Laguna Distribuidor de agua / Cuarto de bomba.,,General,Actividad,Business Center,142,142,Limpiar filtros y Laguna Distribuidor de agua / Cuarto de bomba.,0,29/05/2025,1,29/05/2025,VERDADERO,29/05/2025,0,Administracion,Celinda Alcivar,,Activo,,,
11,Limpiar filtros y Laguna Distribuidor de agua / Cuarto de bomba.,,General,Actividad,Business Center,149,149,Limpiar filtros y Laguna Distribuidor de agua / Cuarto de bomba.,0,05/06/2025,1,05/06/2025,VERDADERO,05/06/2025,0,Administracion,Celinda Alcivar,,Activo,,,
11,Limpiar filtros y Laguna Distribuidor de agua / Cuarto de bomba.,,General,Actividad,Business Center,147,147,Limpiar filtros y Laguna Distribuidor de agua / Cuarto de bomba.,0,03/06/2025,1,03/06/2025,VERDADERO,03/06/2025,0,Administracion,Celinda Alcivar,,Activo,,,
11,Limpiar filtros y Laguna Distribuidor de agua / Cuarto de bomba.,,General,Actividad,Business Center,153,153,Limpiar filtros y Laguna Distribuidor de agua / Cuarto de bomba.,0,09/06/2025,1,09/06/2025,VERDADERO,09/06/2025,0,Administracion,Celinda Alcivar,,Activo,,,
11,Limpiar filtros y Laguna Distribuidor de agua / Cuarto de bomba.,,General,Actividad,Business Center,155,155,Limpiar filtros y Laguna Distribuidor de agua / Cuarto de bomba.,0,11/06/2025,1,11/06/2025,VERDADERO,11/06/2025,0,Administracion,Celinda Alcivar,,Activo,,,
11,Limpiar filtros y Laguna Distribuidor de agua / Cuarto de bomba.,,General,Actividad,Business Center,151,151,Limpiar filtros y Laguna Distribuidor de agua / Cuarto de bomba.,0,07/06/2025,1,07/06/2025,VERDADERO,07/06/2025,0,Administracion,Celinda Alcivar,,Activo,,,
11,Limpiar filtros y Laguna Distribuidor de agua / Cuarto de bomba.,,General,Actividad,Business Center,146,146,Limpiar filtros y Laguna Distribuidor de agua / Cuarto de bomba.,0,02/06/2025,1,02/06/2025,VERDADERO,02/06/2025,0,Administracion,Celinda Alcivar,,Activo,,,
11,Limpiar filtros y Laguna Distribuidor de agua / Cuarto de bomba.,,General,Actividad,Business Center,154,154,Limpiar filtros y Laguna Distribuidor de agua / Cuarto de bomba.,0,10/06/2025,1,10/06/2025,VERDADERO,10/06/2025,0,Administracion,Celinda Alcivar,,Activo,,,
11,Limpiar filtros y Laguna Distribuidor de agua / Cuarto de bomba.,,General,Actividad,Business Center,162,162,Limpiar filtros y Laguna Distribuidor de agua / Cuarto de bomba.,-1,18/06/2025,1,18/06/2025,VERDADERO,18/06/2025,0,Administracion,Celinda Alcivar,,Activo,,,
11,Limpiar filtros y Laguna Distribuidor de agua / Cuarto de bomba.,,General,Actividad,Business Center,161,161,Limpiar filtros y Laguna Distribuidor de agua / Cuarto de bomba.,0,17/06/2025,1,17/06/2025,VERDADERO,17/06/2025,0,Administracion,Celinda Alcivar,,Activo,,,
11,Limpiar filtros y Laguna Distribuidor de agua / Cuarto de bomba.,,General,Actividad,Business Center,164,164,Limpiar filtros y Laguna Distribuidor de agua / Cuarto de bomba.,0,20/06/2025,1,20/06/2025,VERDADERO,20/06/2025,0,Administracion,Celinda Alcivar,,Activo,,,
11,Limpiar filtros y Laguna Distribuidor de agua / Cuarto de bomba.,,General,Actividad,Business Center,163,163,Limpiar filtros y Laguna Distribuidor de agua / Cuarto de bomba.,0,19/06/2025,1,19/06/2025,VERDADERO,19/06/2025,0,Administracion,Celinda Alcivar,,Activo,,,
11,Limpiar filtros y Laguna Distribuidor de agua / Cuarto de bomba.,,General,Actividad,Business Center,160,160,Limpiar filtros y Laguna Distribuidor de agua / Cuarto de bomba.,0,16/06/2025,1,16/06/2025,VERDADERO,16/06/2025,0,Administracion,Celinda Alcivar,,Activo,,,
11,Limpiar filtros y Laguna Distribuidor de agua / Cuarto de bomba.,,General,Actividad,Business Center,158,158,Limpiar filtros y Laguna Distribuidor de agua / Cuarto de bomba.,0,14/06/2025,1,14/06/2025,VERDADERO,14/06/2025,0,Administracion,Celinda Alcivar,,Activo,,,
11,Limpiar filtros y Laguna Distribuidor de agua / Cuarto de bomba.,,General,Actividad,Business Center,157,157,Limpiar filtros y Laguna Distribuidor de agua / Cuarto de bomba.,0,13/06/2025,1,13/06/2025,VERDADERO,13/06/2025,0,Administracion,Celinda Alcivar,,Activo,,,
11,Limpiar filtros y Laguna Distribuidor de agua / Cuarto de bomba.,,General,Actividad,Business Center,169,169,Limpiar filtros y Laguna Distribuidor de agua / Cuarto de bomba.,0,25/06/2025,1,25/06/2025,VERDADERO,25/06/2025,0,Administracion,Celinda Alcivar,,Activo,,,
11,Limpiar filtros y Laguna Distribuidor de agua / Cuarto de bomba.,,General,Actividad,Business Center,168,168,Limpiar filtros y Laguna Distribuidor de agua / Cuarto de bomba.,0,24/06/2025,1,24/06/2025,VERDADERO,24/06/2025,0,Administracion,Celinda Alcivar,,Activo,,,
11,Limpiar filtros y Laguna Distribuidor de agua / Cuarto de bomba.,,General,Actividad,Business Center,170,170,Limpiar filtros y Laguna Distribuidor de agua / Cuarto de bomba.,0,26/06/2025,1,26/06/2025,VERDADERO,26/06/2025,0,Administracion,Celinda Alcivar,,Activo,,,
11,Limpiar filtros y Laguna Distribuidor de agua / Cuarto de bomba.,,General,Actividad,Business Center,137,137,Limpiar filtros y Laguna Distribuidor de agua / Cuarto de bomba.,0,24/05/2025,1,24/05/2025,VERDADERO,24/05/2025,0,Administracion,Celinda Alcivar,,Activo,,,
11,Limpiar filtros y Laguna Distribuidor de agua / Cuarto de bomba.,,General,Actividad,Business Center,150,150,Limpiar filtros y Laguna Distribuidor de agua / Cuarto de bomba.,0,06/06/2025,1,06/06/2025,VERDADERO,06/06/2025,0,Administracion,Celinda Alcivar,,Activo,,,
11,Limpiar filtros y Laguna Distribuidor de agua / Cuarto de bomba.,,General,Actividad,Business Center,172,172,Limpiar filtros y Laguna Distribuidor de agua / Cuarto de bomba.,0,28/06/2025,1,28/06/2025,VERDADERO,28/06/2025,0,Administracion,Celinda Alcivar,,Activo,,,
11,Limpiar filtros y Laguna Distribuidor de agua / Cuarto de bomba.,,General,Actividad,Business Center,148,148,Limpiar filtros y Laguna Distribuidor de agua / Cuarto de bomba.,0,04/06/2025,1,04/06/2025,VERDADERO,04/06/2025,0,Administracion,Celinda Alcivar,,Activo,,,
11,Limpiar filtros y Laguna Distribuidor de agua / Cuarto de bomba.,,General,Actividad,Business Center,156,156,Limpiar filtros y Laguna Distribuidor de agua / Cuarto de bomba.,0,12/06/2025,1,12/06/2025,VERDADERO,12/06/2025,0,Administracion,Celinda Alcivar,,Activo,,,
11,Limpiar filtros y Laguna Distribuidor de agua / Cuarto de bomba.,,General,Actividad,Business Center,175,175,Limpiar filtros y Laguna Distribuidor de agua / Cuarto de bomba.,0,01/07/2025,1,01/07/2025,VERDADERO,01/07/2025,0,Administracion,Celinda Alcivar,,Activo,,,
11,Limpiar filtros y Laguna Distribuidor de agua / Cuarto de bomba.,,General,Actividad,Business Center,167,167,Limpiar filtros y Laguna Distribuidor de agua / Cuarto de bomba.,0,23/06/2025,1,23/06/2025,VERDADERO,23/06/2025,0,Administracion,Celinda Alcivar,,Activo,,,
11,Limpiar filtros y Laguna Distribuidor de agua / Cuarto de bomba.,,General,Actividad,Business Center,165,165,Limpiar filtros y Laguna Distribuidor de agua / Cuarto de bomba.,0,21/06/2025,1,21/06/2025,VERDADERO,21/06/2025,0,Administracion,Celinda Alcivar,,Activo,,,
11,Limpiar filtros y Laguna Distribuidor de agua / Cuarto de bomba.,,General,Actividad,Business Center,174,174,Limpiar filtros y Laguna Distribuidor de agua / Cuarto de bomba.,0,30/06/2025,1,30/06/2025,VERDADERO,30/06/2025,0,Administracion,Celinda Alcivar,,Activo,,,
11,Limpiar filtros y Laguna Distribuidor de agua / Cuarto de bomba.,,General,Actividad,Business Center,178,178,Limpiar filtros y Laguna Distribuidor de agua / Cuarto de bomba.,0,04/07/2025,1,04/07/2025,VERDADERO,04/07/2025,0,Administracion,Celinda Alcivar,,Activo,,,
11,Limpiar filtros y Laguna Distribuidor de agua / Cuarto de bomba.,,General,Actividad,Business Center,177,177,Limpiar filtros y Laguna Distribuidor de agua / Cuarto de bomba.,0,03/07/2025,1,03/07/2025,VERDADERO,03/07/2025,0,Administracion,Celinda Alcivar,,Activo,,,
11,Limpiar filtros y Laguna Distribuidor de agua / Cuarto de bomba.,,General,Actividad,Business Center,176,176,Limpiar filtros y Laguna Distribuidor de agua / Cuarto de bomba.,0,02/07/2025,1,02/07/2025,VERDADERO,02/07/2025,0,Administracion,Celinda Alcivar,,Activo,,,
11,Limpiar filtros y Laguna Distribuidor de agua / Cuarto de bomba.,,General,Actividad,Business Center,171,171,Limpiar filtros y Laguna Distribuidor de agua / Cuarto de bomba.,0,27/06/2025,1,27/06/2025,VERDADERO,27/06/2025,0,Administracion,Celinda Alcivar,,Activo,,,
11,Limpiar filtros y Laguna Distribuidor de agua / Cuarto de bomba.,,General,Actividad,Business Center,190,190,Limpiar filtros y Laguna Distribuidor de agua / Cuarto de bomba.,0,16/07/2025,1,16/07/2025,VERDADERO,16/07/2025,0,Administracion,Celinda Alcivar,,Activo,,,
11,Limpiar filtros y Laguna Distribuidor de agua / Cuarto de bomba.,,General,Actividad,Business Center,182,182,Limpiar filtros y Laguna Distribuidor de agua / Cuarto de bomba.,0,08/07/2025,1,08/07/2025,VERDADERO,08/07/2025,0,Administracion,Celinda Alcivar,,Activo,,,
11,Limpiar filtros y Laguna Distribuidor de agua / Cuarto de bomba.,,General,Actividad,Business Center,183,183,Limpiar filtros y Laguna Distribuidor de agua / Cuarto de bomba.,0,09/07/2025,1,09/07/2025,VERDADERO,09/07/2025,0,Administracion,Celinda Alcivar,,Activo,,,
11,Limpiar filtros y Laguna Distribuidor de agua / Cuarto de bomba.,,General,Actividad,Business Center,181,181,Limpiar filtros y Laguna Distribuidor de agua / Cuarto de bomba.,0,07/07/2025,1,07/07/2025,VERDADERO,07/07/2025,0,Administracion,Celinda Alcivar,,Activo,,,
11,Limpiar filtros y Laguna Distribuidor de agua / Cuarto de bomba.,,General,Actividad,Business Center,193,193,Limpiar filtros y Laguna Distribuidor de agua / Cuarto de bomba.,0,19/07/2025,1,19/07/2025,VERDADERO,19/07/2025,0,Administracion,Celinda Alcivar,,Activo,,,
11,Limpiar filtros y Laguna Distribuidor de agua / Cuarto de bomba.,,General,Actividad,Business Center,192,192,Limpiar filtros y Laguna Distribuidor de agua / Cuarto de bomba.,0,18/07/2025,1,18/07/2025,VERDADERO,18/07/2025,0,Administracion,Celinda Alcivar,,Activo,,,
11,Limpiar filtros y Laguna Distribuidor de agua / Cuarto de bomba.,,General,Actividad,Business Center,179,179,Limpiar filtros y Laguna Distribuidor de agua / Cuarto de bomba.,0,05/07/2025,1,05/07/2025,VERDADERO,05/07/2025,0,Administracion,Celinda Alcivar,,Activo,,,
11,Limpiar filtros y Laguna Distribuidor de agua / Cuarto de bomba.,,General,Actividad,Business Center,196,196,Limpiar filtros y Laguna Distribuidor de agua / Cuarto de bomba.,0,22/07/2025,1,22/07/2025,VERDADERO,22/07/2025,0,Administracion,Celinda Alcivar,,Activo,,,
11,Limpiar filtros y Laguna Distribuidor de agua / Cuarto de bomba.,,General,Actividad,Business Center,197,197,Limpiar filtros y Laguna Distribuidor de agua / Cuarto de bomba.,0,23/07/2025,1,23/07/2025,VERDADERO,23/07/2025,0,Administracion,Celinda Alcivar,,Activo,,,
11,Limpiar filtros y Laguna Distribuidor de agua / Cuarto de bomba.,,General,Actividad,Business Center,198,198,Limpiar filtros y Laguna Distribuidor de agua / Cuarto de bomba.,0,24/07/2025,1,24/07/2025,VERDADERO,24/07/2025,0,Administracion,Celinda Alcivar,,Activo,,,
11,Limpiar filtros y Laguna Distribuidor de agua / Cuarto de bomba.,,General,Actividad,Business Center,199,199,Limpiar filtros y Laguna Distribuidor de agua / Cuarto de bomba.,0,25/07/2025,1,25/07/2025,VERDADERO,25/07/2025,0,Administracion,Celinda Alcivar,,Activo,,,
11,Limpiar filtros y Laguna Distribuidor de agua / Cuarto de bomba.,,General,Actividad,Business Center,200,200,Limpiar filtros y Laguna Distribuidor de agua / Cuarto de bomba.,0,26/07/2025,1,26/07/2025,VERDADERO,26/07/2025,0,Administracion,Celinda Alcivar,,Activo,,,
11,Limpiar filtros y Laguna Distribuidor de agua / Cuarto de bomba.,,General,Actividad,Business Center,184,184,Limpiar filtros y Laguna Distribuidor de agua / Cuarto de bomba.,0,10/07/2025,1,10/07/2025,VERDADERO,10/07/2025,0,Administracion,Celinda Alcivar,,Activo,,,
11,Limpiar filtros y Laguna Distribuidor de agua / Cuarto de bomba.,,General,Actividad,Business Center,185,185,Limpiar filtros y Laguna Distribuidor de agua / Cuarto de bomba.,0,11/07/2025,1,11/07/2025,VERDADERO,11/07/2025,0,Administracion,Celinda Alcivar,,Activo,,,
11,Limpiar filtros y Laguna Distribuidor de agua / Cuarto de bomba.,,General,Actividad,Business Center,191,191,Limpiar filtros y Laguna Distribuidor de agua / Cuarto de bomba.,0,17/07/2025,1,17/07/2025,VERDADERO,17/07/2025,0,Administracion,Celinda Alcivar,,Activo,,,
11,Limpiar filtros y Laguna Distribuidor de agua / Cuarto de bomba.,,General,Actividad,Business Center,186,186,Limpiar filtros y Laguna Distribuidor de agua / Cuarto de bomba.,0,12/07/2025,1,12/07/2025,VERDADERO,12/07/2025,0,Administracion,Celinda Alcivar,,Activo,,,
11,Limpiar filtros y Laguna Distribuidor de agua / Cuarto de bomba.,,General,Actividad,Business Center,195,195,Limpiar filtros y Laguna Distribuidor de agua / Cuarto de bomba.,0,21/07/2025,1,21/07/2025,VERDADERO,21/07/2025,0,Administracion,Celinda Alcivar,,Activo,,,
11,Limpiar filtros y Laguna Distribuidor de agua / Cuarto de bomba.,,General,Actividad,Business Center,202,202,Limpiar filtros y Laguna Distribuidor de agua / Cuarto de bomba.,0,28/07/2025,1,28/07/2025,VERDADERO,28/07/2025,0,Administracion,Celinda Alcivar,,Activo,,,
11,Limpiar filtros y Laguna Distribuidor de agua / Cuarto de bomba.,,General,Actividad,Business Center,209,209,Limpiar filtros y Laguna Distribuidor de agua / Cuarto de bomba.,0,04/08/2025,1,04/08/2025,VERDADERO,04/08/2025,0,Administracion,Celinda Alcivar,,Activo,,,
11,Limpiar filtros y Laguna Distribuidor de agua / Cuarto de bomba.,,General,Actividad,Business Center,203,203,Limpiar filtros y Laguna Distribuidor de agua / Cuarto de bomba.,0,29/07/2025,1,29/07/2025,VERDADERO,29/07/2025,0,Administracion,Celinda Alcivar,,Activo,,,
11,Limpiar filtros y Laguna Distribuidor de agua / Cuarto de bomba.,,General,Actividad,Business Center,205,205,Limpiar filtros y Laguna Distribuidor de agua / Cuarto de bomba.,0,31/07/2025,1,31/07/2025,VERDADERO,31/07/2025,0,Administracion,Celinda Alcivar,,Activo,,,
11,Limpiar filtros y Laguna Distribuidor de agua / Cuarto de bomba.,,General,Actividad,Business Center,207,207,Limpiar filtros y Laguna Distribuidor de agua / Cuarto de bomba.,0,02/08/2025,1,02/08/2025,VERDADERO,02/08/2025,0,Administracion,Celinda Alcivar,,Activo,,,
11,Limpiar filtros y Laguna Distribuidor de agua / Cuarto de bomba.,,General,Actividad,Business Center,189,189,Limpiar filtros y Laguna Distribuidor de agua / Cuarto de bomba.,0,15/07/2025,1,15/07/2025,VERDADERO,15/07/2025,0,Administracion,Celinda Alcivar,,Activo,,,
11,Limpiar filtros y Laguna Distribuidor de agua / Cuarto de bomba.,,General,Actividad,Business Center,188,188,Limpiar filtros y Laguna Distribuidor de agua / Cuarto de bomba.,0,14/07/2025,1,14/07/2025,VERDADERO,14/07/2025,0,Administracion,Celinda Alcivar,,Activo,,,
11,Limpiar filtros y Laguna Distribuidor de agua / Cuarto de bomba.,,General,Actividad,Business Center,210,210,Limpiar filtros y Laguna Distribuidor de agua / Cuarto de bomba.,0,05/08/2025,1,05/08/2025,VERDADERO,05/08/2025,0,Administracion,Celinda Alcivar,,Activo,,,
11,Limpiar filtros y Laguna Distribuidor de agua / Cuarto de bomba.,,General,Actividad,Business Center,204,204,Limpiar filtros y Laguna Distribuidor de agua / Cuarto de bomba.,0,30/07/2025,1,30/07/2025,VERDADERO,30/07/2025,0,Administracion,Celinda Alcivar,,Activo,,,
11,Limpiar filtros y Laguna Distribuidor de agua / Cuarto de bomba.,,General,Actividad,Business Center,218,218,Limpiar filtros y Laguna Distribuidor de agua / Cuarto de bomba.,0,13/08/2025,1,13/08/2025,VERDADERO,13/08/2025,0,Administracion,Celinda Alcivar,,Activo,,,
11,Limpiar filtros y Laguna Distribuidor de agua / Cuarto de bomba.,,General,Actividad,Business Center,211,211,Limpiar filtros y Laguna Distribuidor de agua / Cuarto de bomba.,0,06/08/2025,1,06/08/2025,VERDADERO,06/08/2025,0,Administracion,Celinda Alcivar,,Activo,,,
11,Limpiar filtros y Laguna Distribuidor de agua / Cuarto de bomba.,,General,Actividad,Business Center,224,224,Limpiar filtros y Laguna Distribuidor de agua / Cuarto de bomba.,0,19/08/2025,1,19/08/2025,VERDADERO,19/08/2025,0,Administracion,Celinda Alcivar,,Activo,,,
11,Limpiar filtros y Laguna Distribuidor de agua / Cuarto de bomba.,,General,Actividad,Business Center,212,212,Limpiar filtros y Laguna Distribuidor de agua / Cuarto de bomba.,0,07/08/2025,1,07/08/2025,VERDADERO,07/08/2025,0,Administracion,Celinda Alcivar,,Activo,,,
11,Limpiar filtros y Laguna Distribuidor de agua / Cuarto de bomba.,,General,Actividad,Business Center,220,220,Limpiar filtros y Laguna Distribuidor de agua / Cuarto de bomba.,0,15/08/2025,1,15/08/2025,VERDADERO,15/08/2025,0,Administracion,Celinda Alcivar,,Activo,,,
11,Limpiar filtros y Laguna Distribuidor de agua / Cuarto de bomba.,,General,Actividad,Business Center,206,206,Limpiar filtros y Laguna Distribuidor de agua / Cuarto de bomba.,-1,01/08/2025,1,01/08/2025,VERDADERO,01/08/2025,0,Administracion,Celinda Alcivar,,Activo,,,
11,Limpiar filtros y Laguna Distribuidor de agua / Cuarto de bomba.,,General,Actividad,Business Center,225,225,Limpiar filtros y Laguna Distribuidor de agua / Cuarto de bomba.,-1,20/08/2025,1,20/08/2025,VERDADERO,20/08/2025,0,Administracion,Celinda Alcivar,,Activo,,,
11,Limpiar filtros y Laguna Distribuidor de agua / Cuarto de bomba.,,General,Actividad,Business Center,221,221,Limpiar filtros y Laguna Distribuidor de agua / Cuarto de bomba.,0,16/08/2025,1,16/08/2025,VERDADERO,16/08/2025,0,Administracion,Celinda Alcivar,,Activo,,,
11,Limpiar filtros y Laguna Distribuidor de agua / Cuarto de bomba.,,General,Actividad,Business Center,213,213,Limpiar filtros y Laguna Distribuidor de agua / Cuarto de bomba.,0,08/08/2025,1,08/08/2025,VERDADERO,08/08/2025,0,Administracion,Celinda Alcivar,,Activo,,,
11,Limpiar filtros y Laguna Distribuidor de agua / Cuarto de bomba.,,General,Actividad,Business Center,228,228,Limpiar filtros y Laguna Distribuidor de agua / Cuarto de bomba.,0,23/08/2025,1,23/08/2025,VERDADERO,23/08/2025,0,Administracion,Celinda Alcivar,,Activo,,,
11,Limpiar filtros y Laguna Distribuidor de agua / Cuarto de bomba.,,General,Actividad,Business Center,235,235,Limpiar filtros y Laguna Distribuidor de agua / Cuarto de bomba.,0,30/08/2025,1,30/08/2025,VERDADERO,30/08/2025,0,Administracion,Celinda Alcivar,,Activo,,,
11,Limpiar filtros y Laguna Distribuidor de agua / Cuarto de bomba.,,General,Actividad,Business Center,217,217,Limpiar filtros y Laguna Distribuidor de agua / Cuarto de bomba.,0,12/08/2025,1,12/08/2025,VERDADERO,12/08/2025,0,Administracion,Celinda Alcivar,,Activo,,,
11,Limpiar filtros y Laguna Distribuidor de agua / Cuarto de bomba.,,General,Actividad,Business Center,234,234,Limpiar filtros y Laguna Distribuidor de agua / Cuarto de bomba.,0,29/08/2025,1,29/08/2025,VERDADERO,29/08/2025,0,Administracion,Celinda Alcivar,,Activo,,,
11,Limpiar filtros y Laguna Distribuidor de agua / Cuarto de bomba.,,General,Actividad,Business Center,216,216,Limpiar filtros y Laguna Distribuidor de agua / Cuarto de bomba.,-1,11/08/2025,1,11/08/2025,VERDADERO,11/08/2025,0,Administracion,Celinda Alcivar,,Activo,,,Feriado 
11,Limpiar filtros y Laguna Distribuidor de agua / Cuarto de bomba.,,General,Actividad,Business Center,214,214,Limpiar filtros y Laguna Distribuidor de agua / Cuarto de bomba.,0,09/08/2025,1,09/08/2025,VERDADERO,09/08/2025,0,Administracion,Celinda Alcivar,,Activo,,,
11,Limpiar filtros y Laguna Distribuidor de agua / Cuarto de bomba.,,General,Actividad,Business Center,219,219,Limpiar filtros y Laguna Distribuidor de agua / Cuarto de bomba.,0,14/08/2025,1,14/08/2025,VERDADERO,14/08/2025,0,Administracion,Celinda Alcivar,,Activo,,,
11,Limpiar filtros y Laguna Distribuidor de agua / Cuarto de bomba.,,General,Actividad,Business Center,227,227,Limpiar filtros y Laguna Distribuidor de agua / Cuarto de bomba.,0,22/08/2025,1,22/08/2025,VERDADERO,22/08/2025,0,Administracion,Celinda Alcivar,,Activo,,,
11,Limpiar filtros y Laguna Distribuidor de agua / Cuarto de bomba.,,General,Actividad,Business Center,246,246,Limpiar filtros y Laguna Distribuidor de agua / Cuarto de bomba.,0,10/09/2025,1,10/09/2025,VERDADERO,10/09/2025,0,Administracion,Celinda Alcivar,,Activo,,,
11,Limpiar filtros y Laguna Distribuidor de agua / Cuarto de bomba.,,General,Actividad,Business Center,245,245,Limpiar filtros y Laguna Distribuidor de agua / Cuarto de bomba.,0,09/09/2025,1,09/09/2025,VERDADERO,09/09/2025,0,Administracion,Celinda Alcivar,,Activo,,,
11,Limpiar filtros y Laguna Distribuidor de agua / Cuarto de bomba.,,General,Actividad,Business Center,230,230,Limpiar filtros y Laguna Distribuidor de agua / Cuarto de bomba.,0,25/08/2025,1,25/08/2025,VERDADERO,25/08/2025,0,Administracion,Celinda Alcivar,,Activo,,,
11,Limpiar filtros y Laguna Distribuidor de agua / Cuarto de bomba.,,General,Actividad,Business Center,238,238,Limpiar filtros y Laguna Distribuidor de agua / Cuarto de bomba.,0,02/09/2025,1,02/09/2025,VERDADERO,02/09/2025,0,Administracion,Celinda Alcivar,,Activo,,,
11,Limpiar filtros y Laguna Distribuidor de agua / Cuarto de bomba.,,General,Actividad,Business Center,223,223,Limpiar filtros y Laguna Distribuidor de agua / Cuarto de bomba.,0,18/08/2025,1,18/08/2025,VERDADERO,18/08/2025,0,Administracion,Celinda Alcivar,,Activo,,,
11,Limpiar filtros y Laguna Distribuidor de agua / Cuarto de bomba.,,General,Actividad,Business Center,237,237,Limpiar filtros y Laguna Distribuidor de agua / Cuarto de bomba.,0,01/09/2025,1,01/09/2025,VERDADERO,01/09/2025,0,Administracion,Celinda Alcivar,,Activo,,,
11,Limpiar filtros y Laguna Distribuidor de agua / Cuarto de bomba.,,General,Actividad,Business Center,240,240,Limpiar filtros y Laguna Distribuidor de agua / Cuarto de bomba.,0,04/09/2025,1,04/09/2025,VERDADERO,04/09/2025,0,Administracion,Celinda Alcivar,,Activo,,,
11,Limpiar filtros y Laguna Distribuidor de agua / Cuarto de bomba.,,General,Actividad,Business Center,241,241,Limpiar filtros y Laguna Distribuidor de agua / Cuarto de bomba.,0,05/09/2025,1,05/09/2025,VERDADERO,05/09/2025,0,Administracion,Celinda Alcivar,,Activo,,,
11,Limpiar filtros y Laguna Distribuidor de agua / Cuarto de bomba.,,General,Actividad,Business Center,233,233,Limpiar filtros y Laguna Distribuidor de agua / Cuarto de bomba.,0,28/08/2025,1,28/08/2025,VERDADERO,28/08/2025,0,Administracion,Celinda Alcivar,,Activo,,,
11,Limpiar filtros y Laguna Distribuidor de agua / Cuarto de bomba.,,General,Actividad,Business Center,226,226,Limpiar filtros y Laguna Distribuidor de agua / Cuarto de bomba.,0,21/08/2025,1,21/08/2025,VERDADERO,21/08/2025,0,Administracion,Celinda Alcivar,,Activo,,,
11,Limpiar filtros y Laguna Distribuidor de agua / Cuarto de bomba.,,General,Actividad,Business Center,232,232,Limpiar filtros y Laguna Distribuidor de agua / Cuarto de bomba.,0,27/08/2025,1,27/08/2025,VERDADERO,27/08/2025,0,Administracion,Celinda Alcivar,,Activo,,,
11,Limpiar filtros y Laguna Distribuidor de agua / Cuarto de bomba.,,General,Actividad,Business Center,249,249,Limpiar filtros y Laguna Distribuidor de agua / Cuarto de bomba.,0,13/09/2025,1,13/09/2025,VERDADERO,13/09/2025,0,Administracion,Celinda Alcivar,,Activo,,,
11,Limpiar filtros y Laguna Distribuidor de agua / Cuarto de bomba.,,General,Actividad,Business Center,242,242,Limpiar filtros y Laguna Distribuidor de agua / Cuarto de bomba.,0,06/09/2025,1,06/09/2025,VERDADERO,06/09/2025,0,Administracion,Celinda Alcivar,,Activo,,,
11,Limpiar filtros y Laguna Distribuidor de agua / Cuarto de bomba.,,General,Actividad,Business Center,252,252,Limpiar filtros y Laguna Distribuidor de agua / Cuarto de bomba.,0,16/09/2025,1,16/09/2025,VERDADERO,16/09/2025,0,Administracion,Celinda Alcivar,,Activo,,,
11,Limpiar filtros y Laguna Distribuidor de agua / Cuarto de bomba.,,General,Actividad,Business Center,239,239,Limpiar filtros y Laguna Distribuidor de agua / Cuarto de bomba.,0,03/09/2025,1,03/09/2025,VERDADERO,03/09/2025,0,Administracion,Celinda Alcivar,,Activo,,,
11,Limpiar filtros y Laguna Distribuidor de agua / Cuarto de bomba.,,General,Actividad,Business Center,231,231,Limpiar filtros y Laguna Distribuidor de agua / Cuarto de bomba.,0,26/08/2025,1,26/08/2025,VERDADERO,26/08/2025,0,Administracion,Celinda Alcivar,,Activo,,,
11,Limpiar filtros y Laguna Distribuidor de agua / Cuarto de bomba.,,General,Actividad,Business Center,248,248,Limpiar filtros y Laguna Distribuidor de agua / Cuarto de bomba.,0,12/09/2025,1,12/09/2025,VERDADERO,12/09/2025,0,Administracion,Celinda Alcivar,,Activo,,,
11,Limpiar filtros y Laguna Distribuidor de agua / Cuarto de bomba.,,General,Actividad,Business Center,247,247,Limpiar filtros y Laguna Distribuidor de agua / Cuarto de bomba.,0,11/09/2025,1,11/09/2025,VERDADERO,11/09/2025,0,Administracion,Celinda Alcivar,,Activo,,,
11,Limpiar filtros y Laguna Distribuidor de agua / Cuarto de bomba.,,General,Actividad,Business Center,256,256,Limpiar filtros y Laguna Distribuidor de agua / Cuarto de bomba.,0,20/09/2025,1,20/09/2025,VERDADERO,20/09/2025,0,Administracion,Celinda Alcivar,,Activo,,,
11,Limpiar filtros y Laguna Distribuidor de agua / Cuarto de bomba.,,General,Actividad,Business Center,255,255,Limpiar filtros y Laguna Distribuidor de agua / Cuarto de bomba.,0,19/09/2025,1,19/09/2025,VERDADERO,19/09/2025,0,Administracion,Celinda Alcivar,,Activo,,,
11,Limpiar filtros y Laguna Distribuidor de agua / Cuarto de bomba.,,General,Actividad,Business Center,260,260,Limpiar filtros y Laguna Distribuidor de agua / Cuarto de bomba.,0,24/09/2025,1,24/09/2025,VERDADERO,24/09/2025,0,Administracion,Celinda Alcivar,,Activo,,,
11,Limpiar filtros y Laguna Distribuidor de agua / Cuarto de bomba.,,General,Actividad,Business Center,261,261,Limpiar filtros y Laguna Distribuidor de agua / Cuarto de bomba.,0,25/09/2025,1,25/09/2025,VERDADERO,25/09/2025,0,Administracion,Celinda Alcivar,,Activo,,,
11,Limpiar filtros y Laguna Distribuidor de agua / Cuarto de bomba.,,General,Actividad,Business Center,251,251,Limpiar filtros y Laguna Distribuidor de agua / Cuarto de bomba.,0,15/09/2025,1,15/09/2025,VERDADERO,15/09/2025,0,Administracion,Celinda Alcivar,,Activo,,,
11,Limpiar filtros y Laguna Distribuidor de agua / Cuarto de bomba.,,General,Actividad,Business Center,244,244,Limpiar filtros y Laguna Distribuidor de agua / Cuarto de bomba.,0,08/09/2025,1,08/09/2025,VERDADERO,08/09/2025,0,Administracion,Celinda Alcivar,,Activo,,,
11,Limpiar filtros y Laguna Distribuidor de agua / Cuarto de bomba.,,General,Actividad,Business Center,253,253,Limpiar filtros y Laguna Distribuidor de agua / Cuarto de bomba.,0,17/09/2025,1,17/09/2025,VERDADERO,17/09/2025,0,Administracion,Celinda Alcivar,,Activo,,,
11,Limpiar filtros y Laguna Distribuidor de agua / Cuarto de bomba.,,General,Actividad,Business Center,254,254,Limpiar filtros y Laguna Distribuidor de agua / Cuarto de bomba.,0,18/09/2025,1,18/09/2025,VERDADERO,18/09/2025,0,Administracion,Celinda Alcivar,,Activo,,,
11,Limpiar filtros y Laguna Distribuidor de agua / Cuarto de bomba.,,General,Actividad,Business Center,259,259,Limpiar filtros y Laguna Distribuidor de agua / Cuarto de bomba.,0,23/09/2025,1,23/09/2025,VERDADERO,23/09/2025,0,Administracion,Celinda Alcivar,,Activo,,,
11,Limpiar filtros y Laguna Distribuidor de agua / Cuarto de bomba.,,General,Actividad,Business Center,258,258,Limpiar filtros y Laguna Distribuidor de agua / Cuarto de bomba.,0,22/09/2025,1,22/09/2025,VERDADERO,22/09/2025,0,Administracion,Celinda Alcivar,,Activo,,,
11,Limpiar filtros y Laguna Distribuidor de agua / Cuarto de bomba.,,General,Actividad,Business Center,274,274,Limpiar filtros y Laguna Distribuidor de agua / Cuarto de bomba.,0,08/10/2025,1,08/10/2025,VERDADERO,08/10/2025,0,Administracion,Celinda Alcivar,,Activo,,,
11,Limpiar filtros y Laguna Distribuidor de agua / Cuarto de bomba.,,General,Actividad,Business Center,268,268,Limpiar filtros y Laguna Distribuidor de agua / Cuarto de bomba.,0,02/10/2025,1,02/10/2025,VERDADERO,02/10/2025,0,Administracion,Celinda Alcivar,,Activo,,,
11,Limpiar filtros y Laguna Distribuidor de agua / Cuarto de bomba.,,General,Actividad,Business Center,267,267,Limpiar filtros y Laguna Distribuidor de agua / Cuarto de bomba.,0,01/10/2025,1,01/10/2025,VERDADERO,01/10/2025,0,Administracion,Celinda Alcivar,,Activo,,,
11,Limpiar filtros y Laguna Distribuidor de agua / Cuarto de bomba.,,General,Actividad,Business Center,270,270,Limpiar filtros y Laguna Distribuidor de agua / Cuarto de bomba.,0,04/10/2025,1,04/10/2025,VERDADERO,04/10/2025,0,Administracion,Celinda Alcivar,,Activo,,,
11,Limpiar filtros y Laguna Distribuidor de agua / Cuarto de bomba.,,General,Actividad,Business Center,263,263,Limpiar filtros y Laguna Distribuidor de agua / Cuarto de bomba.,0,27/09/2025,1,27/09/2025,VERDADERO,27/09/2025,0,Administracion,Celinda Alcivar,,Activo,,,
11,Limpiar filtros y Laguna Distribuidor de agua / Cuarto de bomba.,,General,Actividad,Business Center,265,265,Limpiar filtros y Laguna Distribuidor de agua / Cuarto de bomba.,0,29/09/2025,1,29/09/2025,VERDADERO,29/09/2025,0,Administracion,Celinda Alcivar,,Activo,,,
11,Limpiar filtros y Laguna Distribuidor de agua / Cuarto de bomba.,,General,Actividad,Business Center,262,262,Limpiar filtros y Laguna Distribuidor de agua / Cuarto de bomba.,0,26/09/2025,1,26/09/2025,VERDADERO,26/09/2025,0,Administracion,Celinda Alcivar,,Activo,,,
11,Limpiar filtros y Laguna Distribuidor de agua / Cuarto de bomba.,,General,Actividad,Business Center,280,280,Limpiar filtros y Laguna Distribuidor de agua / Cuarto de bomba.,0,14/10/2025,1,14/10/2025,VERDADERO,14/10/2025,0,Administracion,Celinda Alcivar,,Activo,,,
11,Limpiar filtros y Laguna Distribuidor de agua / Cuarto de bomba.,,General,Actividad,Business Center,281,281,Limpiar filtros y Laguna Distribuidor de agua / Cuarto de bomba.,0,15/10/2025,1,15/10/2025,VERDADERO,15/10/2025,0,Administracion,Celinda Alcivar,,Activo,,,
11,Limpiar filtros y Laguna Distribuidor de agua / Cuarto de bomba.,,General,Actividad,Business Center,282,282,Limpiar filtros y Laguna Distribuidor de agua / Cuarto de bomba.,0,16/10/2025,1,16/10/2025,VERDADERO,16/10/2025,0,Administracion,Celinda Alcivar,,Activo,,,
11,Limpiar filtros y Laguna Distribuidor de agua / Cuarto de bomba.,,General,Actividad,Business Center,276,276,Limpiar filtros y Laguna Distribuidor de agua / Cuarto de bomba.,0,10/10/2025,1,10/10/2025,VERDADERO,10/10/2025,0,Administracion,Celinda Alcivar,,Activo,,,Feriado
11,Limpiar filtros y Laguna Distribuidor de agua / Cuarto de bomba.,,General,Actividad,Business Center,272,272,Limpiar filtros y Laguna Distribuidor de agua / Cuarto de bomba.,0,06/10/2025,1,06/10/2025,VERDADERO,06/10/2025,0,Administracion,Celinda Alcivar,,Activo,,,
11,Limpiar filtros y Laguna Distribuidor de agua / Cuarto de bomba.,,General,Actividad,Business Center,275,275,Limpiar filtros y Laguna Distribuidor de agua / Cuarto de bomba.,0,09/10/2025,1,09/10/2025,VERDADERO,09/10/2025,0,Administracion,Celinda Alcivar,,Activo,,,Feriado 
11,Limpiar filtros y Laguna Distribuidor de agua / Cuarto de bomba.,,General,Actividad,Business Center,266,266,Limpiar filtros y Laguna Distribuidor de agua / Cuarto de bomba.,0,30/09/2025,1,30/09/2025,VERDADERO,30/09/2025,0,Administracion,Celinda Alcivar,,Activo,,,
11,Limpiar filtros y Laguna Distribuidor de agua / Cuarto de bomba.,,General,Actividad,Business Center,277,277,Limpiar filtros y Laguna Distribuidor de agua / Cuarto de bomba.,0,11/10/2025,1,11/10/2025,VERDADERO,11/10/2025,0,Administracion,Celinda Alcivar,,Activo,,,
11,Limpiar filtros y Laguna Distribuidor de agua / Cuarto de bomba.,,General,Actividad,Business Center,283,283,Limpiar filtros y Laguna Distribuidor de agua / Cuarto de bomba.,0,17/10/2025,1,17/10/2025,VERDADERO,17/10/2025,0,Administracion,Celinda Alcivar,,Activo,,,
11,Limpiar filtros y Laguna Distribuidor de agua / Cuarto de bomba.,,General,Actividad,Business Center,273,273,Limpiar filtros y Laguna Distribuidor de agua / Cuarto de bomba.,0,07/10/2025,1,07/10/2025,VERDADERO,07/10/2025,0,Administracion,Celinda Alcivar,,Activo,,,
11,Limpiar filtros y Laguna Distribuidor de agua / Cuarto de bomba.,,General,Actividad,Business Center,286,286,Limpiar filtros y Laguna Distribuidor de agua / Cuarto de bomba.,0,20/10/2025,1,20/10/2025,VERDADERO,20/10/2025,0,Administracion,Celinda Alcivar,,Activo,,,
11,Limpiar filtros y Laguna Distribuidor de agua / Cuarto de bomba.,,General,Actividad,Business Center,287,287,Limpiar filtros y Laguna Distribuidor de agua / Cuarto de bomba.,0,21/10/2025,1,21/10/2025,VERDADERO,21/10/2025,0,Administracion,Celinda Alcivar,,Activo,,,
11,Limpiar filtros y Laguna Distribuidor de agua / Cuarto de bomba.,,General,Actividad,Business Center,279,279,Limpiar filtros y Laguna Distribuidor de agua / Cuarto de bomba.,0,13/10/2025,1,13/10/2025,VERDADERO,13/10/2025,0,Administracion,Celinda Alcivar,,Activo,,,
11,Limpiar filtros y Laguna Distribuidor de agua / Cuarto de bomba.,,General,Actividad,Business Center,269,269,Limpiar filtros y Laguna Distribuidor de agua / Cuarto de bomba.,0,03/10/2025,1,03/10/2025,VERDADERO,03/10/2025,0,Administracion,Celinda Alcivar,,Activo,,,
11,Limpiar filtros y Laguna Distribuidor de agua / Cuarto de bomba.,,General,Actividad,Business Center,291,291,Limpiar filtros y Laguna Distribuidor de agua / Cuarto de bomba.,0,25/10/2025,1,25/10/2025,VERDADERO,25/10/2025,0,Administracion,Celinda Alcivar,,Activo,,,
11,Limpiar filtros y Laguna Distribuidor de agua / Cuarto de bomba.,,General,Actividad,Business Center,290,290,Limpiar filtros y Laguna Distribuidor de agua / Cuarto de bomba.,0,24/10/2025,1,24/10/2025,VERDADERO,24/10/2025,0,Administracion,Celinda Alcivar,,Activo,,,
11,Limpiar filtros y Laguna Distribuidor de agua / Cuarto de bomba.,,General,Actividad,Business Center,295,295,Limpiar filtros y Laguna Distribuidor de agua / Cuarto de bomba.,0,29/10/2025,1,29/10/2025,VERDADERO,29/10/2025,0,Administracion,Celinda Alcivar,,Activo,,,
11,Limpiar filtros y Laguna Distribuidor de agua / Cuarto de bomba.,,General,Actividad,Business Center,289,289,Limpiar filtros y Laguna Distribuidor de agua / Cuarto de bomba.,0,23/10/2025,1,23/10/2025,VERDADERO,23/10/2025,0,Administracion,Celinda Alcivar,,Activo,,,
11,Limpiar filtros y Laguna Distribuidor de agua / Cuarto de bomba.,,General,Actividad,Business Center,284,284,Limpiar filtros y Laguna Distribuidor de agua / Cuarto de bomba.,0,18/10/2025,1,18/10/2025,VERDADERO,18/10/2025,0,Administracion,Celinda Alcivar,,Activo,,,
11,Limpiar filtros y Laguna Distribuidor de agua / Cuarto de bomba.,,General,Actividad,Business Center,288,288,Limpiar filtros y Laguna Distribuidor de agua / Cuarto de bomba.,0,22/10/2025,1,22/10/2025,VERDADERO,22/10/2025,0,Administracion,Celinda Alcivar,,Activo,,,
11,Limpiar filtros y Laguna Distribuidor de agua / Cuarto de bomba.,,General,Actividad,Business Center,296,296,Limpiar filtros y Laguna Distribuidor de agua / Cuarto de bomba.,0,30/10/2025,1,30/10/2025,VERDADERO,30/10/2025,0,Administracion,Celinda Alcivar,,Activo,,,
11,Limpiar filtros y Laguna Distribuidor de agua / Cuarto de bomba.,,General,Actividad,Business Center,304,304,Limpiar filtros y Laguna Distribuidor de agua / Cuarto de bomba.,0,07/11/2025,1,07/11/2025,VERDADERO,07/11/2025,0,Administracion,Celinda Alcivar,,Activo,,,
11,Limpiar filtros y Laguna Distribuidor de agua / Cuarto de bomba.,,General,Actividad,Business Center,311,311,Limpiar filtros y Laguna Distribuidor de agua / Cuarto de bomba.,0,14/11/2025,1,14/11/2025,VERDADERO,14/11/2025,0,Administracion,Celinda Alcivar,,Activo,,,
11,Limpiar filtros y Laguna Distribuidor de agua / Cuarto de bomba.,,General,Actividad,Business Center,310,310,Limpiar filtros y Laguna Distribuidor de agua / Cuarto de bomba.,0,13/11/2025,1,13/11/2025,VERDADERO,13/11/2025,0,Administracion,Celinda Alcivar,,Activo,,,
11,Limpiar filtros y Laguna Distribuidor de agua / Cuarto de bomba.,,General,Actividad,Business Center,293,293,Limpiar filtros y Laguna Distribuidor de agua / Cuarto de bomba.,0,27/10/2025,1,27/10/2025,VERDADERO,27/10/2025,0,Administracion,Celinda Alcivar,,Activo,,,
11,Limpiar filtros y Laguna Distribuidor de agua / Cuarto de bomba.,,General,Actividad,Business Center,298,298,Limpiar filtros y Laguna Distribuidor de agua / Cuarto de bomba.,0,01/11/2025,1,01/11/2025,VERDADERO,01/11/2025,0,Administracion,Celinda Alcivar,,Activo,,,
11,Limpiar filtros y Laguna Distribuidor de agua / Cuarto de bomba.,,General,Actividad,Business Center,300,300,Limpiar filtros y Laguna Distribuidor de agua / Cuarto de bomba.,0,03/11/2025,1,03/11/2025,VERDADERO,03/11/2025,0,Administracion,Celinda Alcivar,,Activo,,,Feriado
11,Limpiar filtros y Laguna Distribuidor de agua / Cuarto de bomba.,,General,Actividad,Business Center,308,308,Limpiar filtros y Laguna Distribuidor de agua / Cuarto de bomba.,0,11/11/2025,1,11/11/2025,VERDADERO,11/11/2025,0,Administracion,Celinda Alcivar,,Activo,,,
11,Limpiar filtros y Laguna Distribuidor de agua / Cuarto de bomba.,,General,Actividad,Business Center,297,297,Limpiar filtros y Laguna Distribuidor de agua / Cuarto de bomba.,-1,31/10/2025,1,31/10/2025,VERDADERO,31/10/2025,0,Administracion,Celinda Alcivar,,Activo,,,
11,Limpiar filtros y Laguna Distribuidor de agua / Cuarto de bomba.,,General,Actividad,Business Center,294,294,Limpiar filtros y Laguna Distribuidor de agua / Cuarto de bomba.,0,28/10/2025,1,28/10/2025,VERDADERO,28/10/2025,0,Administracion,Celinda Alcivar,,Activo,,,
11,Limpiar filtros y Laguna Distribuidor de agua / Cuarto de bomba.,,General,Actividad,Business Center,312,312,Limpiar filtros y Laguna Distribuidor de agua / Cuarto de bomba.,0,15/11/2025,1,15/11/2025,VERDADERO,15/11/2025,0,Administracion,Celinda Alcivar,,Activo,,,
11,Limpiar filtros y Laguna Distribuidor de agua / Cuarto de bomba.,,General,Actividad,Business Center,302,302,Limpiar filtros y Laguna Distribuidor de agua / Cuarto de bomba.,0,05/11/2025,1,05/11/2025,VERDADERO,05/11/2025,0,Administracion,Celinda Alcivar,,Activo,,,
11,Limpiar filtros y Laguna Distribuidor de agua / Cuarto de bomba.,,General,Actividad,Business Center,303,303,Limpiar filtros y Laguna Distribuidor de agua / Cuarto de bomba.,0,06/11/2025,1,06/11/2025,VERDADERO,06/11/2025,0,Administracion,Celinda Alcivar,,Activo,,,
11,Limpiar filtros y Laguna Distribuidor de agua / Cuarto de bomba.,,General,Actividad,Business Center,307,307,Limpiar filtros y Laguna Distribuidor de agua / Cuarto de bomba.,0,10/11/2025,1,10/11/2025,VERDADERO,10/11/2025,0,Administracion,Celinda Alcivar,,Activo,,,
11,Limpiar filtros y Laguna Distribuidor de agua / Cuarto de bomba.,,General,Actividad,Business Center,301,301,Limpiar filtros y Laguna Distribuidor de agua / Cuarto de bomba.,0,04/11/2025,1,04/11/2025,VERDADERO,04/11/2025,0,Administracion,Celinda Alcivar,,Activo,,,Feriado 
11,Limpiar filtros y Laguna Distribuidor de agua / Cuarto de bomba.,,General,Actividad,Business Center,321,321,Limpiar filtros y Laguna Distribuidor de agua / Cuarto de bomba.,0,24/11/2025,1,24/11/2025,VERDADERO,24/11/2025,0,Administracion,Celinda Alcivar,,Activo,,,
11,Limpiar filtros y Laguna Distribuidor de agua / Cuarto de bomba.,,General,Actividad,Business Center,322,322,Limpiar filtros y Laguna Distribuidor de agua / Cuarto de bomba.,0,25/11/2025,1,25/11/2025,VERDADERO,25/11/2025,0,Administracion,Celinda Alcivar,,Activo,,,
11,Limpiar filtros y Laguna Distribuidor de agua / Cuarto de bomba.,,General,Actividad,Business Center,325,325,Limpiar filtros y Laguna Distribuidor de agua / Cuarto de bomba.,0,28/11/2025,1,28/11/2025,VERDADERO,28/11/2025,0,Administracion,Celinda Alcivar,,Activo,,,
11,Limpiar filtros y Laguna Distribuidor de agua / Cuarto de bomba.,,General,Actividad,Business Center,319,319,Limpiar filtros y Laguna Distribuidor de agua / Cuarto de bomba.,0,22/11/2025,1,22/11/2025,VERDADERO,22/11/2025,0,Administracion,Celinda Alcivar,,Activo,,,
11,Limpiar filtros y Laguna Distribuidor de agua / Cuarto de bomba.,,General,Actividad,Business Center,314,314,Limpiar filtros y Laguna Distribuidor de agua / Cuarto de bomba.,0,17/11/2025,1,17/11/2025,VERDADERO,17/11/2025,0,Administracion,Celinda Alcivar,,Activo,,,
11,Limpiar filtros y Laguna Distribuidor de agua / Cuarto de bomba.,,General,Actividad,Business Center,329,329,Limpiar filtros y Laguna Distribuidor de agua / Cuarto de bomba.,0,02/12/2025,1,02/12/2025,VERDADERO,02/12/2025,0,Administracion,Celinda Alcivar,,Activo,,,
11,Limpiar filtros y Laguna Distribuidor de agua / Cuarto de bomba.,,General,Actividad,Business Center,328,328,Limpiar filtros y Laguna Distribuidor de agua / Cuarto de bomba.,0,01/12/2025,1,01/12/2025,VERDADERO,01/12/2025,0,Administracion,Celinda Alcivar,,Activo,,,
11,Limpiar filtros y Laguna Distribuidor de agua / Cuarto de bomba.,,General,Actividad,Business Center,316,316,Limpiar filtros y Laguna Distribuidor de agua / Cuarto de bomba.,0,19/11/2025,1,19/11/2025,VERDADERO,19/11/2025,0,Administracion,Celinda Alcivar,,Activo,,,
11,Limpiar filtros y Laguna Distribuidor de agua / Cuarto de bomba.,,General,Actividad,Business Center,323,323,Limpiar filtros y Laguna Distribuidor de agua / Cuarto de bomba.,0,26/11/2025,1,26/11/2025,VERDADERO,26/11/2025,0,Administracion,Celinda Alcivar,,Activo,,,
11,Limpiar filtros y Laguna Distribuidor de agua / Cuarto de bomba.,,General,Actividad,Business Center,305,305,Limpiar filtros y Laguna Distribuidor de agua / Cuarto de bomba.,0,08/11/2025,1,08/11/2025,VERDADERO,08/11/2025,0,Administracion,Celinda Alcivar,,Activo,,,
11,Limpiar filtros y Laguna Distribuidor de agua / Cuarto de bomba.,,General,Actividad,Business Center,317,317,Limpiar filtros y Laguna Distribuidor de agua / Cuarto de bomba.,0,20/11/2025,1,20/11/2025,VERDADERO,20/11/2025,0,Administracion,Celinda Alcivar,,Activo,,,
11,Limpiar filtros y Laguna Distribuidor de agua / Cuarto de bomba.,,General,Actividad,Business Center,330,330,Limpiar filtros y Laguna Distribuidor de agua / Cuarto de bomba.,0,03/12/2025,1,03/12/2025,VERDADERO,03/12/2025,0,Administracion,Celinda Alcivar,,Activo,,,
11,Limpiar filtros y Laguna Distribuidor de agua / Cuarto de bomba.,,General,Actividad,Business Center,318,318,Limpiar filtros y Laguna Distribuidor de agua / Cuarto de bomba.,0,21/11/2025,1,21/11/2025,VERDADERO,21/11/2025,0,Administracion,Celinda Alcivar,,Activo,,,
11,Limpiar filtros y Laguna Distribuidor de agua / Cuarto de bomba.,,General,Actividad,Business Center,326,326,Limpiar filtros y Laguna Distribuidor de agua / Cuarto de bomba.,0,29/11/2025,1,29/11/2025,VERDADERO,29/11/2025,0,Administracion,Celinda Alcivar,,Activo,,,
11,Limpiar filtros y Laguna Distribuidor de agua / Cuarto de bomba.,,General,Actividad,Business Center,331,331,Limpiar filtros y Laguna Distribuidor de agua / Cuarto de bomba.,0,04/12/2025,1,04/12/2025,VERDADERO,04/12/2025,0,Administracion,Celinda Alcivar,,Activo,,,
11,Limpiar filtros y Laguna Distribuidor de agua / Cuarto de bomba.,,General,Actividad,Business Center,333,333,Limpiar filtros y Laguna Distribuidor de agua / Cuarto de bomba.,0,06/12/2025,1,06/12/2025,VERDADERO,06/12/2025,0,Administracion,Celinda Alcivar,,Activo,,,
11,Limpiar filtros y Laguna Distribuidor de agua / Cuarto de bomba.,,General,Actividad,Business Center,309,309,Limpiar filtros y Laguna Distribuidor de agua / Cuarto de bomba.,0,12/11/2025,1,12/11/2025,VERDADERO,12/11/2025,0,Administracion,Celinda Alcivar,,Activo,,,
11,Limpiar filtros y Laguna Distribuidor de agua / Cuarto de bomba.,,General,Actividad,Business Center,340,340,Limpiar filtros y Laguna Distribuidor de agua / Cuarto de bomba.,0,13/12/2025,1,13/12/2025,VERDADERO,13/12/2025,0,Administracion,Celinda Alcivar,,Activo,,,
11,Limpiar filtros y Laguna Distribuidor de agua / Cuarto de bomba.,,General,Actividad,Business Center,315,315,Limpiar filtros y Laguna Distribuidor de agua / Cuarto de bomba.,0,18/11/2025,1,18/11/2025,VERDADERO,18/11/2025,0,Administracion,Celinda Alcivar,,Activo,,,
11,Limpiar filtros y Laguna Distribuidor de agua / Cuarto de bomba.,,General,Actividad,Business Center,338,338,Limpiar filtros y Laguna Distribuidor de agua / Cuarto de bomba.,0,11/12/2025,1,11/12/2025,VERDADERO,11/12/2025,0,Administracion,Celinda Alcivar,,Activo,,,
11,Limpiar filtros y Laguna Distribuidor de agua / Cuarto de bomba.,,General,Actividad,Business Center,339,339,Limpiar filtros y Laguna Distribuidor de agua / Cuarto de bomba.,-1,12/12/2025,1,12/12/2025,VERDADERO,12/12/2025,0,Administracion,Celinda Alcivar,,Activo,,,
11,Limpiar filtros y Laguna Distribuidor de agua / Cuarto de bomba.,,General,Actividad,Business Center,336,336,Limpiar filtros y Laguna Distribuidor de agua / Cuarto de bomba.,0,09/12/2025,1,09/12/2025,VERDADERO,09/12/2025,0,Administracion,Celinda Alcivar,,Activo,,,
11,Limpiar filtros y Laguna Distribuidor de agua / Cuarto de bomba.,,General,Actividad,Business Center,324,324,Limpiar filtros y Laguna Distribuidor de agua / Cuarto de bomba.,0,27/11/2025,1,27/11/2025,VERDADERO,27/11/2025,0,Administracion,Celinda Alcivar,,Activo,,,
11,Limpiar filtros y Laguna Distribuidor de agua / Cuarto de bomba.,,General,Actividad,Business Center,335,335,Limpiar filtros y Laguna Distribuidor de agua / Cuarto de bomba.,0,08/12/2025,1,08/12/2025,VERDADERO,08/12/2025,0,Administracion,Celinda Alcivar,,Activo,,,
11,Limpiar filtros y Laguna Distribuidor de agua / Cuarto de bomba.,,General,Actividad,Business Center,332,332,Limpiar filtros y Laguna Distribuidor de agua / Cuarto de bomba.,0,05/12/2025,1,05/12/2025,VERDADERO,05/12/2025,0,Administracion,Celinda Alcivar,,Activo,,,
11,Limpiar filtros y Laguna Distribuidor de agua / Cuarto de bomba.,,General,Actividad,Business Center,337,337,Limpiar filtros y Laguna Distribuidor de agua / Cuarto de bomba.,0,10/12/2025,1,10/12/2025,VERDADERO,10/12/2025,0,Administracion,Celinda Alcivar,,Activo,,,
11,Limpiar filtros y Laguna Distribuidor de agua / Cuarto de bomba.,,General,Actividad,Business Center,346,346,Limpiar filtros y Laguna Distribuidor de agua / Cuarto de bomba.,0,19/12/2025,1,19/12/2025,VERDADERO,19/12/2025,0,Administracion,Celinda Alcivar,,Activo,,,
11,Limpiar filtros y Laguna Distribuidor de agua / Cuarto de bomba.,,General,Actividad,Business Center,357,357,Limpiar filtros y Laguna Distribuidor de agua / Cuarto de bomba.,0,30/12/2025,1,30/12/2025,VERDADERO,30/12/2025,0,Administracion,Celinda Alcivar,,Activo,,,
11,Limpiar filtros y Laguna Distribuidor de agua / Cuarto de bomba.,,General,Actividad,Business Center,349,349,Limpiar filtros y Laguna Distribuidor de agua / Cuarto de bomba.,0,22/12/2025,1,22/12/2025,VERDADERO,22/12/2025,0,Administracion,Celinda Alcivar,,Activo,,,
11,Limpiar filtros y Laguna Distribuidor de agua / Cuarto de bomba.,,General,Actividad,Business Center,343,343,Limpiar filtros y Laguna Distribuidor de agua / Cuarto de bomba.,0,16/12/2025,1,16/12/2025,VERDADERO,16/12/2025,0,Administracion,Celinda Alcivar,,Activo,,,
11,Limpiar filtros y Laguna Distribuidor de agua / Cuarto de bomba.,,General,Actividad,Business Center,345,345,Limpiar filtros y Laguna Distribuidor de agua / Cuarto de bomba.,0,18/12/2025,1,18/12/2025,VERDADERO,18/12/2025,0,Administracion,Celinda Alcivar,,Activo,,,
11,Limpiar filtros y Laguna Distribuidor de agua / Cuarto de bomba.,,General,Actividad,Business Center,354,354,Limpiar filtros y Laguna Distribuidor de agua / Cuarto de bomba.,0,27/12/2025,1,27/12/2025,VERDADERO,27/12/2025,0,Administracion,Celinda Alcivar,,Activo,,,
11,Limpiar filtros y Laguna Distribuidor de agua / Cuarto de bomba.,,General,Actividad,Business Center,352,352,Limpiar filtros y Laguna Distribuidor de agua / Cuarto de bomba.,0,25/12/2025,1,25/12/2025,VERDADERO,25/12/2025,0,Administracion,Celinda Alcivar,,Activo,,,Feriado
11,Limpiar filtros y Laguna Distribuidor de agua / Cuarto de bomba.,,General,Actividad,Business Center,344,344,Limpiar filtros y Laguna Distribuidor de agua / Cuarto de bomba.,0,17/12/2025,1,17/12/2025,VERDADERO,17/12/2025,0,Administracion,Celinda Alcivar,,Activo,,,Permiso de Ausencia 
11,Limpiar filtros y Laguna Distribuidor de agua / Cuarto de bomba.,,General,Actividad,Business Center,342,342,Limpiar filtros y Laguna Distribuidor de agua / Cuarto de bomba.,0,15/12/2025,1,15/12/2025,VERDADERO,15/12/2025,0,Administracion,Celinda Alcivar,,Activo,,,
11,Limpiar filtros y Laguna Distribuidor de agua / Cuarto de bomba.,,General,Actividad,Business Center,350,350,Limpiar filtros y Laguna Distribuidor de agua / Cuarto de bomba.,0,23/12/2025,1,23/12/2025,VERDADERO,23/12/2025,0,Administracion,Celinda Alcivar,,Activo,,,
11,Limpiar filtros y Laguna Distribuidor de agua / Cuarto de bomba.,,General,Actividad,Business Center,353,353,Limpiar filtros y Laguna Distribuidor de agua / Cuarto de bomba.,0,26/12/2025,1,26/12/2025,VERDADERO,26/12/2025,0,Administracion,Celinda Alcivar,,Activo,,,
11,Limpiar filtros y Laguna Distribuidor de agua / Cuarto de bomba.,,General,Actividad,Business Center,351,351,Limpiar filtros y Laguna Distribuidor de agua / Cuarto de bomba.,0,24/12/2025,1,24/12/2025,VERDADERO,24/12/2025,0,Administracion,Celinda Alcivar,,Activo,,,
11,Limpiar filtros y Laguna Distribuidor de agua / Cuarto de bomba.,,General,Actividad,Business Center,347,347,Limpiar filtros y Laguna Distribuidor de agua / Cuarto de bomba.,0,20/12/2025,1,20/12/2025,VERDADERO,20/12/2025,0,Administracion,Celinda Alcivar,,Activo,,,
11,Limpiar filtros y Laguna Distribuidor de agua / Cuarto de bomba.,,General,Actividad,Business Center,356,356,Limpiar filtros y Laguna Distribuidor de agua / Cuarto de bomba.,0,29/12/2025,1,29/12/2025,VERDADERO,29/12/2025,0,Administracion,Celinda Alcivar,,Activo,,,
12,Limpiar vidrios y perfiles de las puertas de la Oficina Central/ Entrada Principal.,,Clave,Actividad,Business Center,1,1,Limpiar vidrios y perfiles de las puertas de la Oficina Central/ Entrada Principal.,,09/01/2025,1,11/01/2025,VERDADERO,09/01/2025,-2,Administracion,Celinda Alcivar,,Activo,,,
12,Limpiar vidrios y perfiles de las puertas de la Oficina Central/ Entrada Principal.,,Clave,Actividad,Business Center,16,16,Limpiar vidrios y perfiles de las puertas de la Oficina Central/ Entrada Principal.,2,24/01/2025,1,26/01/2025,VERDADERO,24/01/2025,-2,Administracion,Celinda Alcivar,,Activo,,,
12,Limpiar vidrios y perfiles de las puertas de la Oficina Central/ Entrada Principal.,,Clave,Actividad,Business Center,31,31,Limpiar vidrios y perfiles de las puertas de la Oficina Central/ Entrada Principal.,2,08/02/2025,1,10/02/2025,VERDADERO,08/02/2025,-2,Administracion,Celinda Alcivar,,Activo,,,
12,Limpiar vidrios y perfiles de las puertas de la Oficina Central/ Entrada Principal.,,Clave,Actividad,Business Center,61,61,Limpiar vidrios y perfiles de las puertas de la Oficina Central/ Entrada Principal.,2,10/03/2025,1,12/03/2025,VERDADERO,10/03/2025,-2,Administracion,Celinda Alcivar,,Activo,,,
12,Limpiar vidrios y perfiles de las puertas de la Oficina Central/ Entrada Principal.,,Clave,Actividad,Business Center,46,46,Limpiar vidrios y perfiles de las puertas de la Oficina Central/ Entrada Principal.,1,20/02/2025,2,21/02/2025,VERDADERO,20/02/2025,-1,Administracion,Celinda Alcivar,,Activo,,,
12,Limpiar vidrios y perfiles de las puertas de la Oficina Central/ Entrada Principal.,,Clave,Actividad,Business Center,121,121,Limpiar vidrios y perfiles de las puertas de la Oficina Central/ Entrada Principal.,2,09/05/2025,1,11/05/2025,VERDADERO,09/05/2025,-2,Administracion,Celinda Alcivar,,Activo,,,
12,Limpiar vidrios y perfiles de las puertas de la Oficina Central/ Entrada Principal.,,Clave,Actividad,Business Center,91,91,Limpiar vidrios y perfiles de las puertas de la Oficina Central/ Entrada Principal.,2,09/04/2025,1,11/04/2025,VERDADERO,09/04/2025,-2,Administracion,Celinda Alcivar,,Activo,,,
12,Limpiar vidrios y perfiles de las puertas de la Oficina Central/ Entrada Principal.,,Clave,Actividad,Business Center,106,106,Limpiar vidrios y perfiles de las puertas de la Oficina Central/ Entrada Principal.,2,24/04/2025,1,26/04/2025,VERDADERO,24/04/2025,-2,Administracion,Celinda Alcivar,,Activo,,,
12,Limpiar vidrios y perfiles de las puertas de la Oficina Central/ Entrada Principal.,,Clave,Actividad,Business Center,76,76,Limpiar vidrios y perfiles de las puertas de la Oficina Central/ Entrada Principal.,2,25/03/2025,1,27/03/2025,VERDADERO,25/03/2025,-2,Administracion,Celinda Alcivar,,Activo,,,
12,Limpiar vidrios y perfiles de las puertas de la Oficina Central/ Entrada Principal.,,Clave,Actividad,Business Center,226,226,Limpiar vidrios y perfiles de las puertas de la Oficina Central/ Entrada Principal.,2,22/08/2025,1,24/08/2025,VERDADERO,22/08/2025,-2,Administracion,Celinda Alcivar,,Activo,,,
12,Limpiar vidrios y perfiles de las puertas de la Oficina Central/ Entrada Principal.,,Clave,Actividad,Business Center,181,181,Limpiar vidrios y perfiles de las puertas de la Oficina Central/ Entrada Principal.,1,08/07/2025,1,10/07/2025,VERDADERO,09/07/2025,-1,Administracion,Celinda Alcivar,,Activo,,,
12,Limpiar vidrios y perfiles de las puertas de la Oficina Central/ Entrada Principal.,,Clave,Actividad,Business Center,211,211,Limpiar vidrios y perfiles de las puertas de la Oficina Central/ Entrada Principal.,2,07/08/2025,1,09/08/2025,VERDADERO,07/08/2025,-2,Administracion,Celinda Alcivar,,Activo,,,
12,Limpiar vidrios y perfiles de las puertas de la Oficina Central/ Entrada Principal.,,Clave,Actividad,Business Center,151,151,Limpiar vidrios y perfiles de las puertas de la Oficina Central/ Entrada Principal.,0,10/06/2025,1,11/06/2025,VERDADERO,10/06/2025,-1,Administracion,Celinda Alcivar,,Activo,,,
12,Limpiar vidrios y perfiles de las puertas de la Oficina Central/ Entrada Principal.,,Clave,Actividad,Business Center,241,241,Limpiar vidrios y perfiles de las puertas de la Oficina Central/ Entrada Principal.,2,06/09/2025,1,08/09/2025,VERDADERO,06/09/2025,-2,Administracion,Celinda Alcivar,,Activo,,,Hicieron cambio de la Puerta de Vidrio.
12,Limpiar vidrios y perfiles de las puertas de la Oficina Central/ Entrada Principal.,,Clave,Actividad,Business Center,331,331,Limpiar vidrios y perfiles de las puertas de la Oficina Central/ Entrada Principal.,2,05/12/2025,1,07/12/2025,VERDADERO,05/12/2025,-2,Administracion,Celinda Alcivar,,Activo,,,
12,Limpiar vidrios y perfiles de las puertas de la Oficina Central/ Entrada Principal.,,Clave,Actividad,Business Center,136,136,Limpiar vidrios y perfiles de las puertas de la Oficina Central/ Entrada Principal.,2,24/05/2025,1,26/05/2025,VERDADERO,24/05/2025,-2,Administracion,Celinda Alcivar,,Activo,,,
12,Limpiar vidrios y perfiles de las puertas de la Oficina Central/ Entrada Principal.,,Clave,Actividad,Business Center,316,316,Limpiar vidrios y perfiles de las puertas de la Oficina Central/ Entrada Principal.,0,20/11/2025,1,22/11/2025,VERDADERO,22/11/2025,0,Administracion,Celinda Alcivar,,Activo,,,
12,Limpiar vidrios y perfiles de las puertas de la Oficina Central/ Entrada Principal.,,Clave,Actividad,Business Center,346,346,Limpiar vidrios y perfiles de las puertas de la Oficina Central/ Entrada Principal.,2,20/12/2025,1,22/12/2025,VERDADERO,20/12/2025,-2,Administracion,Celinda Alcivar,,Activo,,,
12,Limpiar vidrios y perfiles de las puertas de la Oficina Central/ Entrada Principal.,,Clave,Actividad,Business Center,286,286,Limpiar vidrios y perfiles de las puertas de la Oficina Central/ Entrada Principal.,2,21/10/2025,1,23/10/2025,VERDADERO,21/10/2025,-2,Administracion,Celinda Alcivar,,Activo,,,
12,Limpiar vidrios y perfiles de las puertas de la Oficina Central/ Entrada Principal.,,Clave,Actividad,Business Center,271,271,Limpiar vidrios y perfiles de las puertas de la Oficina Central/ Entrada Principal.,1,06/10/2025,1,08/10/2025,VERDADERO,06/10/2025,-2,Administracion,Celinda Alcivar,,Activo,,,
12,Limpiar vidrios y perfiles de las puertas de la Oficina Central/ Entrada Principal.,,Clave,Actividad,Business Center,166,166,Limpiar vidrios y perfiles de las puertas de la Oficina Central/ Entrada Principal.,2,23/06/2025,1,25/06/2025,VERDADERO,23/06/2025,-2,Administracion,Celinda Alcivar,,Activo,,,
12,Limpiar vidrios y perfiles de las puertas de la Oficina Central/ Entrada Principal.,,Clave,Actividad,Business Center,196,196,Limpiar vidrios y perfiles de las puertas de la Oficina Central/ Entrada Principal.,2,23/07/2025,1,25/07/2025,VERDADERO,23/07/2025,-2,Administracion,Celinda Alcivar,,Activo,,,
12,Limpiar vidrios y perfiles de las puertas de la Oficina Central/ Entrada Principal.,,Clave,Actividad,Business Center,301,301,Limpiar vidrios y perfiles de las puertas de la Oficina Central/ Entrada Principal.,1,05/11/2025,1,07/11/2025,VERDADERO,06/11/2025,-1,Administracion,Celinda Alcivar,,Activo,,,
13,"Replantar en macetas, suculentas y pegado de numeros para entrega de obsequios a clientes / General",,Clave,Actividad,Business Center,35,35,"Replantar en macetas, suculentas y pegado de numeros para entrega de obsequios a clientes / General",,11/02/2025,1,11/02/2025,VERDADERO,11/02/2025,0,Administracion,Celinda Alcivar,,Activo,,,N/A Ventas no ha solicitado macetas
13,"Replantar en macetas, suculentas y pegado de numeros para entrega de obsequios a clientes / General",,Clave,Actividad,Business Center,37,37,"Replantar en macetas, suculentas y pegado de numeros para entrega de obsequios a clientes / General",,13/02/2025,1,13/02/2025,VERDADERO,13/02/2025,0,Administracion,Celinda Alcivar,,Activo,,,N/A Ventas no ha solicitado macetas
13,"Replantar en macetas, suculentas y pegado de numeros para entrega de obsequios a clientes / General",,Clave,Actividad,Business Center,39,39,"Replantar en macetas, suculentas y pegado de numeros para entrega de obsequios a clientes / General",,15/02/2025,1,15/02/2025,VERDADERO,15/02/2025,0,Administracion,Celinda Alcivar,,Activo,,,N/A ventas no ha solicitado macetas
13,"Replantar en macetas, suculentas y pegado de numeros para entrega de obsequios a clientes / General",,Clave,Actividad,Business Center,38,38,"Replantar en macetas, suculentas y pegado de numeros para entrega de obsequios a clientes / General",-1,14/02/2025,1,14/02/2025,VERDADERO,14/02/2025,0,Administracion,Celinda Alcivar,,Activo,,,
13,"Replantar en macetas, suculentas y pegado de numeros para entrega de obsequios a clientes / General",,Clave,Actividad,Business Center,43,43,"Replantar en macetas, suculentas y pegado de numeros para entrega de obsequios a clientes / General",0,19/02/2025,1,19/02/2025,VERDADERO,19/02/2025,0,Administracion,Celinda Alcivar,,Activo,,,No Solicitaron Macetas el Dia de Hoy
13,"Replantar en macetas, suculentas y pegado de numeros para entrega de obsequios a clientes / General",,Clave,Actividad,Business Center,1,1,"Replantar en macetas, suculentas y pegado de numeros para entrega de obsequios a clientes / General",,07/01/2025,1,07/01/2025,VERDADERO,07/01/2025,0,Administracion,Celinda Alcivar,,Activo,,,N/A porque no hubo solicitud de Ventas
13,"Replantar en macetas, suculentas y pegado de numeros para entrega de obsequios a clientes / General",,Clave,Actividad,Business Center,41,41,"Replantar en macetas, suculentas y pegado de numeros para entrega de obsequios a clientes / General",0,17/02/2025,1,17/02/2025,VERDADERO,17/02/2025,0,Administracion,Celinda Alcivar,,Activo,,,
13,"Replantar en macetas, suculentas y pegado de numeros para entrega de obsequios a clientes / General",,Clave,Actividad,Business Center,44,44,"Replantar en macetas, suculentas y pegado de numeros para entrega de obsequios a clientes / General",0,20/02/2025,1,20/02/2025,VERDADERO,20/02/2025,0,Administracion,Celinda Alcivar,,Activo,,,No Solicitaron Macetas hoy
13,"Replantar en macetas, suculentas y pegado de numeros para entrega de obsequios a clientes / General",,Clave,Actividad,Business Center,42,42,"Replantar en macetas, suculentas y pegado de numeros para entrega de obsequios a clientes / General",0,18/02/2025,1,18/02/2025,VERDADERO,18/02/2025,0,Administracion,Celinda Alcivar,,Activo,,,No Solicitaron Macetas este Dia
13,"Replantar en macetas, suculentas y pegado de numeros para entrega de obsequios a clientes / General",,Clave,Actividad,Business Center,45,45,"Replantar en macetas, suculentas y pegado de numeros para entrega de obsequios a clientes / General",0,21/02/2025,1,21/02/2025,VERDADERO,21/02/2025,0,Administracion,Celinda Alcivar,,Activo,,,
13,"Replantar en macetas, suculentas y pegado de numeros para entrega de obsequios a clientes / General",,Clave,Actividad,Business Center,25,25,"Replantar en macetas, suculentas y pegado de numeros para entrega de obsequios a clientes / General",,01/02/2025,1,01/02/2025,VERDADERO,01/02/2025,0,Administracion,Celinda Alcivar,,Activo,,,n/a ventas no hizo requerimiento de maceta
13,"Replantar en macetas, suculentas y pegado de numeros para entrega de obsequios a clientes / General",,Clave,Actividad,Business Center,36,36,"Replantar en macetas, suculentas y pegado de numeros para entrega de obsequios a clientes / General",,12/02/2025,1,12/02/2025,VERDADERO,12/02/2025,0,Administracion,Celinda Alcivar,,Activo,,,N/A Ventras no ha solicitado macetas
13,"Replantar en macetas, suculentas y pegado de numeros para entrega de obsequios a clientes / General",,Clave,Actividad,Business Center,51,51,"Replantar en macetas, suculentas y pegado de numeros para entrega de obsequios a clientes / General",0,27/02/2025,1,27/02/2025,VERDADERO,27/02/2025,0,Administracion,Celinda Alcivar,,Activo,,,Vacaciones 
13,"Replantar en macetas, suculentas y pegado de numeros para entrega de obsequios a clientes / General",,Clave,Actividad,Business Center,23,23,"Replantar en macetas, suculentas y pegado de numeros para entrega de obsequios a clientes / General",,30/01/2025,1,30/01/2025,VERDADERO,30/01/2025,0,Administracion,Celinda Alcivar,,Activo,,,n/a no hubo requerimiento de ventas
13,"Replantar en macetas, suculentas y pegado de numeros para entrega de obsequios a clientes / General",,Clave,Actividad,Business Center,46,46,"Replantar en macetas, suculentas y pegado de numeros para entrega de obsequios a clientes / General",0,22/02/2025,1,22/02/2025,VERDADERO,22/02/2025,0,Administracion,Celinda Alcivar,,Activo,,,No Solicitaron Macetas para el día de hoy. 
13,"Replantar en macetas, suculentas y pegado de numeros para entrega de obsequios a clientes / General",,Clave,Actividad,Business Center,50,50,"Replantar en macetas, suculentas y pegado de numeros para entrega de obsequios a clientes / General",0,26/02/2025,1,26/02/2025,VERDADERO,26/02/2025,0,Administracion,Celinda Alcivar,,Activo,,,
13,"Replantar en macetas, suculentas y pegado de numeros para entrega de obsequios a clientes / General",,Clave,Actividad,Business Center,49,49,"Replantar en macetas, suculentas y pegado de numeros para entrega de obsequios a clientes / General",0,25/02/2025,1,25/02/2025,VERDADERO,25/02/2025,0,Administracion,Celinda Alcivar,,Activo,,,
13,"Replantar en macetas, suculentas y pegado de numeros para entrega de obsequios a clientes / General",,Clave,Actividad,Business Center,65,65,"Replantar en macetas, suculentas y pegado de numeros para entrega de obsequios a clientes / General",0,13/03/2025,1,13/03/2025,VERDADERO,13/03/2025,0,Administracion,Celinda Alcivar,,Activo,,,
13,"Replantar en macetas, suculentas y pegado de numeros para entrega de obsequios a clientes / General",,Clave,Actividad,Business Center,67,67,"Replantar en macetas, suculentas y pegado de numeros para entrega de obsequios a clientes / General",0,15/03/2025,1,15/03/2025,VERDADERO,15/03/2025,0,Administracion,Celinda Alcivar,,Activo,,,
13,"Replantar en macetas, suculentas y pegado de numeros para entrega de obsequios a clientes / General",,Clave,Actividad,Business Center,59,59,"Replantar en macetas, suculentas y pegado de numeros para entrega de obsequios a clientes / General",0,07/03/2025,1,07/03/2025,VERDADERO,07/03/2025,0,Administracion,Celinda Alcivar,,Activo,,,
13,"Replantar en macetas, suculentas y pegado de numeros para entrega de obsequios a clientes / General",,Clave,Actividad,Business Center,52,52,"Replantar en macetas, suculentas y pegado de numeros para entrega de obsequios a clientes / General",0,28/02/2025,1,28/02/2025,VERDADERO,28/02/2025,0,Administracion,Celinda Alcivar,,Activo,,,
13,"Replantar en macetas, suculentas y pegado de numeros para entrega de obsequios a clientes / General",,Clave,Actividad,Business Center,3,3,"Replantar en macetas, suculentas y pegado de numeros para entrega de obsequios a clientes / General",,10/01/2025,1,10/01/2025,VERDADERO,10/01/2025,0,Administracion,Celinda Alcivar,,Activo,,,"N/A, no existe requerimiento de Ventas"
13,"Replantar en macetas, suculentas y pegado de numeros para entrega de obsequios a clientes / General",,Clave,Actividad,Business Center,66,66,"Replantar en macetas, suculentas y pegado de numeros para entrega de obsequios a clientes / General",0,14/03/2025,1,14/03/2025,VERDADERO,14/03/2025,0,Administracion,Celinda Alcivar,,Activo,,,
13,"Replantar en macetas, suculentas y pegado de numeros para entrega de obsequios a clientes / General",,Clave,Actividad,Business Center,62,62,"Replantar en macetas, suculentas y pegado de numeros para entrega de obsequios a clientes / General",0,10/03/2025,1,10/03/2025,VERDADERO,10/03/2025,0,Administracion,Celinda Alcivar,,Activo,,,
13,"Replantar en macetas, suculentas y pegado de numeros para entrega de obsequios a clientes / General",,Clave,Actividad,Business Center,2,2,"Replantar en macetas, suculentas y pegado de numeros para entrega de obsequios a clientes / General",,09/01/2025,1,09/01/2025,VERDADERO,09/01/2025,0,Administracion,Celinda Alcivar,,Activo,,,"N/A, porque ventas no ha realizado requerimiento "
13,"Replantar en macetas, suculentas y pegado de numeros para entrega de obsequios a clientes / General",,Clave,Actividad,Business Center,63,63,"Replantar en macetas, suculentas y pegado de numeros para entrega de obsequios a clientes / General",0,11/03/2025,1,11/03/2025,VERDADERO,11/03/2025,0,Administracion,Celinda Alcivar,,Activo,,,
13,"Replantar en macetas, suculentas y pegado de numeros para entrega de obsequios a clientes / General",,Clave,Actividad,Business Center,58,58,"Replantar en macetas, suculentas y pegado de numeros para entrega de obsequios a clientes / General",0,06/03/2025,1,06/03/2025,VERDADERO,06/03/2025,0,Administracion,Celinda Alcivar,,Activo,,,
13,"Replantar en macetas, suculentas y pegado de numeros para entrega de obsequios a clientes / General",,Clave,Actividad,Business Center,57,57,"Replantar en macetas, suculentas y pegado de numeros para entrega de obsequios a clientes / General",0,05/03/2025,1,05/03/2025,VERDADERO,05/03/2025,0,Administracion,Celinda Alcivar,,Activo,,,No Solicitaron Macetas para el día de hoy 
13,"Replantar en macetas, suculentas y pegado de numeros para entrega de obsequios a clientes / General",,Clave,Actividad,Business Center,64,64,"Replantar en macetas, suculentas y pegado de numeros para entrega de obsequios a clientes / General",0,12/03/2025,1,12/03/2025,VERDADERO,12/03/2025,0,Administracion,Celinda Alcivar,,Activo,,,
13,"Replantar en macetas, suculentas y pegado de numeros para entrega de obsequios a clientes / General",,Clave,Actividad,Business Center,48,48,"Replantar en macetas, suculentas y pegado de numeros para entrega de obsequios a clientes / General",0,24/02/2025,1,24/02/2025,VERDADERO,24/02/2025,0,Administracion,Celinda Alcivar,,Activo,,,No Solicitaron Macetas para el día de hoy 
13,"Replantar en macetas, suculentas y pegado de numeros para entrega de obsequios a clientes / General",,Clave,Actividad,Business Center,6,6,"Replantar en macetas, suculentas y pegado de numeros para entrega de obsequios a clientes / General",,13/01/2025,1,13/01/2025,VERDADERO,13/01/2025,0,Administracion,Celinda Alcivar,,Activo,,,N/A Ventas no ha requerido macetas 
13,"Replantar en macetas, suculentas y pegado de numeros para entrega de obsequios a clientes / General",,General,Actividad,Business Center,97,97,"Replantar en macetas, suculentas y pegado de numeros para entrega de obsequios a clientes / General",0,14/04/2025,1,14/04/2025,VERDADERO,14/04/2025,0,Administracion,Celinda Alcivar,,Activo,,,No Solicitaron Macetas hoy.
13,"Replantar en macetas, suculentas y pegado de numeros para entrega de obsequios a clientes / General",,Clave,Actividad,Business Center,13,13,"Replantar en macetas, suculentas y pegado de numeros para entrega de obsequios a clientes / General",,20/01/2025,1,20/01/2025,VERDADERO,20/01/2025,0,Administracion,Celinda Alcivar,,Activo,,,n/a Ventas no ha requerido maceta
13,"Replantar en macetas, suculentas y pegado de numeros para entrega de obsequios a clientes / General",,Clave,Actividad,Business Center,11,11,"Replantar en macetas, suculentas y pegado de numeros para entrega de obsequios a clientes / General",,18/01/2025,1,18/01/2025,VERDADERO,18/01/2025,0,Administracion,Celinda Alcivar,,Activo,,,N/A Ventas no ha requerido macetas
13,"Replantar en macetas, suculentas y pegado de numeros para entrega de obsequios a clientes / General",,Clave,Actividad,Business Center,69,69,"Replantar en macetas, suculentas y pegado de numeros para entrega de obsequios a clientes / General",0,17/03/2025,1,17/03/2025,VERDADERO,17/03/2025,0,Administracion,Celinda Alcivar,,Activo,,,
13,"Replantar en macetas, suculentas y pegado de numeros para entrega de obsequios a clientes / General",,Clave,Actividad,Business Center,76,76,"Replantar en macetas, suculentas y pegado de numeros para entrega de obsequios a clientes / General",0,24/03/2025,1,24/03/2025,VERDADERO,24/03/2025,0,Administracion,Celinda Alcivar,,Activo,,,
13,"Replantar en macetas, suculentas y pegado de numeros para entrega de obsequios a clientes / General",,Clave,Actividad,Business Center,74,74,"Replantar en macetas, suculentas y pegado de numeros para entrega de obsequios a clientes / General",0,22/03/2025,1,22/03/2025,VERDADERO,22/03/2025,0,Administracion,Celinda Alcivar,,Activo,,,
13,"Replantar en macetas, suculentas y pegado de numeros para entrega de obsequios a clientes / General",,General,Actividad,Business Center,88,88,"Replantar en macetas, suculentas y pegado de numeros para entrega de obsequios a clientes / General",,05/04/2025,1,05/04/2025,VERDADERO,05/04/2025,0,Administracion,Celinda Alcivar,,Activo,,,
13,"Replantar en macetas, suculentas y pegado de numeros para entrega de obsequios a clientes / General",,General,Actividad,Business Center,92,92,"Replantar en macetas, suculentas y pegado de numeros para entrega de obsequios a clientes / General",0,09/04/2025,1,09/04/2025,VERDADERO,09/04/2025,0,Administracion,Celinda Alcivar,,Activo,,,No Solicitaron Macetas hoy.
13,"Replantar en macetas, suculentas y pegado de numeros para entrega de obsequios a clientes / General",,General,Actividad,Business Center,95,95,"Replantar en macetas, suculentas y pegado de numeros para entrega de obsequios a clientes / General",0,12/04/2025,1,12/04/2025,VERDADERO,12/04/2025,0,Administracion,Celinda Alcivar,,Activo,,,No Solicitaron Macetas Hoy.
13,"Replantar en macetas, suculentas y pegado de numeros para entrega de obsequios a clientes / General",,General,Actividad,Business Center,98,98,"Replantar en macetas, suculentas y pegado de numeros para entrega de obsequios a clientes / General",0,15/04/2025,1,15/04/2025,VERDADERO,15/04/2025,0,Administracion,Celinda Alcivar,,Activo,,,No Solicitaron Macetas hoy.
13,"Replantar en macetas, suculentas y pegado de numeros para entrega de obsequios a clientes / General",,General,Actividad,Business Center,90,90,"Replantar en macetas, suculentas y pegado de numeros para entrega de obsequios a clientes / General",0,07/04/2025,1,07/04/2025,VERDADERO,07/04/2025,0,Administracion,Celinda Alcivar,,Activo,,,No Solicitaron Macetas el día de hoy.
13,"Replantar en macetas, suculentas y pegado de numeros para entrega de obsequios a clientes / General",,Clave,Actividad,Business Center,16,16,"Replantar en macetas, suculentas y pegado de numeros para entrega de obsequios a clientes / General",,23/01/2025,1,23/01/2025,VERDADERO,23/01/2025,0,Administracion,Celinda Alcivar,,Activo,,,N/A No hubo requerimiento de ventas
13,"Replantar en macetas, suculentas y pegado de numeros para entrega de obsequios a clientes / General",,General,Actividad,Business Center,86,86,"Replantar en macetas, suculentas y pegado de numeros para entrega de obsequios a clientes / General",,03/04/2025,1,03/04/2025,VERDADERO,03/04/2025,0,Administracion,Celinda Alcivar,,Activo,,,
13,"Replantar en macetas, suculentas y pegado de numeros para entrega de obsequios a clientes / General",,Clave,Actividad,Business Center,17,17,"Replantar en macetas, suculentas y pegado de numeros para entrega de obsequios a clientes / General",,24/01/2025,1,24/01/2025,VERDADERO,24/01/2025,0,Administracion,Celinda Alcivar,,Activo,,,n/a no hubo requerimieto de ventas
13,"Replantar en macetas, suculentas y pegado de numeros para entrega de obsequios a clientes / General",,General,Actividad,Business Center,100,100,"Replantar en macetas, suculentas y pegado de numeros para entrega de obsequios a clientes / General",0,17/04/2025,1,17/04/2025,VERDADERO,17/04/2025,0,Administracion,Celinda Alcivar,,Activo,,,No Solicitaron Macetas hoy.
13,"Replantar en macetas, suculentas y pegado de numeros para entrega de obsequios a clientes / General",,Clave,Actividad,Business Center,78,78,"Replantar en macetas, suculentas y pegado de numeros para entrega de obsequios a clientes / General",0,26/03/2025,1,26/03/2025,VERDADERO,26/03/2025,0,Administracion,Celinda Alcivar,,Activo,,,
13,"Replantar en macetas, suculentas y pegado de numeros para entrega de obsequios a clientes / General",,Clave,Actividad,Business Center,15,15,"Replantar en macetas, suculentas y pegado de numeros para entrega de obsequios a clientes / General",,22/01/2025,1,22/01/2025,VERDADERO,22/01/2025,0,Administracion,Celinda Alcivar,,Activo,,,"N/A, no hubo requerimiento de Ventas"
13,"Replantar en macetas, suculentas y pegado de numeros para entrega de obsequios a clientes / General",,General,Actividad,Business Center,99,99,"Replantar en macetas, suculentas y pegado de numeros para entrega de obsequios a clientes / General",0,16/04/2025,1,16/04/2025,VERDADERO,16/04/2025,0,Administracion,Celinda Alcivar,,Activo,,,No Solicitaron Macetas hoy.
13,"Replantar en macetas, suculentas y pegado de numeros para entrega de obsequios a clientes / General",,General,Actividad,Business Center,87,87,"Replantar en macetas, suculentas y pegado de numeros para entrega de obsequios a clientes / General",,04/04/2025,1,04/04/2025,VERDADERO,04/04/2025,0,Administracion,Celinda Alcivar,,Activo,,,No solicitaron macetas de parte de ventas
13,"Replantar en macetas, suculentas y pegado de numeros para entrega de obsequios a clientes / General",,Clave,Actividad,Business Center,8,8,"Replantar en macetas, suculentas y pegado de numeros para entrega de obsequios a clientes / General",,15/01/2025,1,15/01/2025,VERDADERO,15/01/2025,0,Administracion,Celinda Alcivar,,Activo,,,N/A Ventas no ha requerido macetas.
13,"Replantar en macetas, suculentas y pegado de numeros para entrega de obsequios a clientes / General",,Clave,Actividad,Business Center,22,22,"Replantar en macetas, suculentas y pegado de numeros para entrega de obsequios a clientes / General",,29/01/2025,1,29/01/2025,VERDADERO,29/01/2025,0,Administracion,Celinda Alcivar,,Activo,,,n/a no hubo requerimiento de ventas
13,"Replantar en macetas, suculentas y pegado de numeros para entrega de obsequios a clientes / General",,Clave,Actividad,Business Center,10,10,"Replantar en macetas, suculentas y pegado de numeros para entrega de obsequios a clientes / General",,17/01/2025,1,17/01/2025,VERDADERO,17/01/2025,0,Administracion,Celinda Alcivar,,Activo,,,N/A Ventas no ha realizado requerimiento de macetas
13,"Replantar en macetas, suculentas y pegado de numeros para entrega de obsequios a clientes / General",,Clave,Actividad,Business Center,81,81,"Replantar en macetas, suculentas y pegado de numeros para entrega de obsequios a clientes / General",0,29/03/2025,1,29/03/2025,VERDADERO,29/03/2025,0,Administracion,Celinda Alcivar,,Activo,,,No Solicitaron Macetas 
13,"Replantar en macetas, suculentas y pegado de numeros para entrega de obsequios a clientes / General",,Clave,Actividad,Business Center,80,80,"Replantar en macetas, suculentas y pegado de numeros para entrega de obsequios a clientes / General",0,28/03/2025,1,28/03/2025,VERDADERO,28/03/2025,0,Administracion,Celinda Alcivar,,Activo,,,
13,"Replantar en macetas, suculentas y pegado de numeros para entrega de obsequios a clientes / General",,Clave,Actividad,Business Center,21,21,"Replantar en macetas, suculentas y pegado de numeros para entrega de obsequios a clientes / General",,28/01/2025,1,28/01/2025,VERDADERO,28/01/2025,0,Administracion,Celinda Alcivar,,Activo,,,N/A no hubo requerimiento de ventas
13,"Replantar en macetas, suculentas y pegado de numeros para entrega de obsequios a clientes / General",,Clave,Actividad,Business Center,72,72,"Replantar en macetas, suculentas y pegado de numeros para entrega de obsequios a clientes / General",0,20/03/2025,1,20/03/2025,VERDADERO,20/03/2025,0,Administracion,Celinda Alcivar,,Activo,,,No Solicitaron Macetas.
13,"Replantar en macetas, suculentas y pegado de numeros para entrega de obsequios a clientes / General",,General,Actividad,Business Center,85,85,"Replantar en macetas, suculentas y pegado de numeros para entrega de obsequios a clientes / General",,02/04/2025,1,02/04/2025,VERDADERO,02/04/2025,0,Administracion,Celinda Alcivar,,Activo,,,No hubo requerimiento de macetas
13,"Replantar en macetas, suculentas y pegado de numeros para entrega de obsequios a clientes / General",,Clave,Actividad,Business Center,24,24,"Replantar en macetas, suculentas y pegado de numeros para entrega de obsequios a clientes / General",0,31/01/2025,1,31/01/2025,VERDADERO,31/01/2025,0,Administracion,Celinda Alcivar,,Activo,,,
13,"Replantar en macetas, suculentas y pegado de numeros para entrega de obsequios a clientes / General",,General,Actividad,Business Center,93,93,"Replantar en macetas, suculentas y pegado de numeros para entrega de obsequios a clientes / General",0,10/04/2025,1,10/04/2025,VERDADERO,10/04/2025,0,Administracion,Celinda Alcivar,,Activo,,,
13,"Replantar en macetas, suculentas y pegado de numeros para entrega de obsequios a clientes / General",,Clave,Actividad,Business Center,31,31,"Replantar en macetas, suculentas y pegado de numeros para entrega de obsequios a clientes / General",,07/02/2025,1,07/02/2025,VERDADERO,07/02/2025,0,Administracion,Celinda Alcivar,,Activo,,,N/A VENTAS NO HA SOLICITADO MACETAS
13,"Replantar en macetas, suculentas y pegado de numeros para entrega de obsequios a clientes / General",,Clave,Actividad,Business Center,28,28,"Replantar en macetas, suculentas y pegado de numeros para entrega de obsequios a clientes / General",,04/02/2025,1,04/02/2025,VERDADERO,04/02/2025,0,Administracion,Celinda Alcivar,,Activo,,,n/a ventas no hizo requerimiento de maceta
13,"Replantar en macetas, suculentas y pegado de numeros para entrega de obsequios a clientes / General",,Clave,Actividad,Business Center,29,29,"Replantar en macetas, suculentas y pegado de numeros para entrega de obsequios a clientes / General",,05/02/2025,1,05/02/2025,VERDADERO,05/02/2025,0,Administracion,Celinda Alcivar,,Activo,,,N/A Ventas no solicito macetas
13,"Replantar en macetas, suculentas y pegado de numeros para entrega de obsequios a clientes / General",,Clave,Actividad,Business Center,70,70,"Replantar en macetas, suculentas y pegado de numeros para entrega de obsequios a clientes / General",0,18/03/2025,1,18/03/2025,VERDADERO,18/03/2025,0,Administracion,Celinda Alcivar,,Activo,,,
13,"Replantar en macetas, suculentas y pegado de numeros para entrega de obsequios a clientes / General",,Clave,Actividad,Business Center,71,71,"Replantar en macetas, suculentas y pegado de numeros para entrega de obsequios a clientes / General",0,19/03/2025,1,19/03/2025,VERDADERO,19/03/2025,0,Administracion,Celinda Alcivar,,Activo,,,
13,"Replantar en macetas, suculentas y pegado de numeros para entrega de obsequios a clientes / General",,Clave,Actividad,Business Center,9,9,"Replantar en macetas, suculentas y pegado de numeros para entrega de obsequios a clientes / General",,16/01/2025,1,16/01/2025,VERDADERO,16/01/2025,0,Administracion,Celinda Alcivar,,Activo,,,N/A Ventas no solicita maceta
13,"Replantar en macetas, suculentas y pegado de numeros para entrega de obsequios a clientes / General",,Clave,Actividad,Business Center,32,32,"Replantar en macetas, suculentas y pegado de numeros para entrega de obsequios a clientes / General",,08/02/2025,1,08/02/2025,VERDADERO,08/02/2025,0,Administracion,Celinda Alcivar,,Activo,,,N/A Ventas no ha solicitado macetas
13,"Replantar en macetas, suculentas y pegado de numeros para entrega de obsequios a clientes / General",,Clave,Actividad,Business Center,14,14,"Replantar en macetas, suculentas y pegado de numeros para entrega de obsequios a clientes / General",,21/01/2025,1,21/01/2025,VERDADERO,21/01/2025,0,Administracion,Celinda Alcivar,,Activo,,,n/a Ventas no ha solicitado macetas
13,"Replantar en macetas, suculentas y pegado de numeros para entrega de obsequios a clientes / General",,Clave,Actividad,Business Center,77,77,"Replantar en macetas, suculentas y pegado de numeros para entrega de obsequios a clientes / General",0,25/03/2025,1,25/03/2025,VERDADERO,25/03/2025,0,Administracion,Celinda Alcivar,,Activo,,,
13,"Replantar en macetas, suculentas y pegado de numeros para entrega de obsequios a clientes / General",,Clave,Actividad,Business Center,18,18,"Replantar en macetas, suculentas y pegado de numeros para entrega de obsequios a clientes / General",,25/01/2025,1,25/01/2025,VERDADERO,25/01/2025,0,Administracion,Celinda Alcivar,,Activo,,,N/A no hubo requerimiento de ventas
13,"Replantar en macetas, suculentas y pegado de numeros para entrega de obsequios a clientes / General",,General,Actividad,Business Center,114,114,"Replantar en macetas, suculentas y pegado de numeros para entrega de obsequios a clientes / General",0,01/05/2025,1,01/05/2025,VERDADERO,01/05/2025,0,Administracion,Celinda Alcivar,,Activo,,,No Solicitaron Macetas hoy 
13,"Replantar en macetas, suculentas y pegado de numeros para entrega de obsequios a clientes / General",,General,Actividad,Business Center,112,112,"Replantar en macetas, suculentas y pegado de numeros para entrega de obsequios a clientes / General",0,29/04/2025,1,29/04/2025,VERDADERO,29/04/2025,0,Administracion,Celinda Alcivar,,Activo,,,No Solicitaron Macetas hoy.
13,"Replantar en macetas, suculentas y pegado de numeros para entrega de obsequios a clientes / General",,General,Actividad,Business Center,113,113,"Replantar en macetas, suculentas y pegado de numeros para entrega de obsequios a clientes / General",0,30/04/2025,1,30/04/2025,VERDADERO,30/04/2025,0,Administracion,Celinda Alcivar,,Activo,,,No Solicitaron Macetas hoy 
13,"Replantar en macetas, suculentas y pegado de numeros para entrega de obsequios a clientes / General",,Clave,Actividad,Business Center,79,79,"Replantar en macetas, suculentas y pegado de numeros para entrega de obsequios a clientes / General",0,27/03/2025,1,27/03/2025,VERDADERO,27/03/2025,0,Administracion,Celinda Alcivar,,Activo,,,Vacaciones.
13,"Replantar en macetas, suculentas y pegado de numeros para entrega de obsequios a clientes / General",,Clave,Actividad,Business Center,7,7,"Replantar en macetas, suculentas y pegado de numeros para entrega de obsequios a clientes / General",,14/01/2025,1,14/01/2025,VERDADERO,14/01/2025,0,Administracion,Celinda Alcivar,,Activo,,,N/A no hay requerimiento de ventas
13,"Replantar en macetas, suculentas y pegado de numeros para entrega de obsequios a clientes / General",,General,Actividad,Business Center,107,107,"Replantar en macetas, suculentas y pegado de numeros para entrega de obsequios a clientes / General",0,24/04/2025,1,24/04/2025,VERDADERO,24/04/2025,0,Administracion,Celinda Alcivar,,Activo,,,
13,"Replantar en macetas, suculentas y pegado de numeros para entrega de obsequios a clientes / General",,Clave,Actividad,Business Center,83,83,"Replantar en macetas, suculentas y pegado de numeros para entrega de obsequios a clientes / General",,31/03/2025,1,31/03/2025,VERDADERO,31/03/2025,0,Administracion,Celinda Alcivar,,Activo,,,
13,"Replantar en macetas, suculentas y pegado de numeros para entrega de obsequios a clientes / General",,Clave,Actividad,Business Center,34,34,"Replantar en macetas, suculentas y pegado de numeros para entrega de obsequios a clientes / General",,10/02/2025,1,10/02/2025,VERDADERO,10/02/2025,0,Administracion,Celinda Alcivar,,Activo,,,n/a ventas no ha solicitado macetas
13,"Replantar en macetas, suculentas y pegado de numeros para entrega de obsequios a clientes / General",,General,Actividad,Business Center,94,94,"Replantar en macetas, suculentas y pegado de numeros para entrega de obsequios a clientes / General",0,11/04/2025,1,11/04/2025,VERDADERO,11/04/2025,0,Administracion,Celinda Alcivar,,Activo,,,
13,"Replantar en macetas, suculentas y pegado de numeros para entrega de obsequios a clientes / General",,General,Actividad,Business Center,104,104,"Replantar en macetas, suculentas y pegado de numeros para entrega de obsequios a clientes / General",0,21/04/2025,1,21/04/2025,VERDADERO,21/04/2025,0,Administracion,Celinda Alcivar,,Activo,,,No Solicitaron Macetas hoy.
13,"Replantar en macetas, suculentas y pegado de numeros para entrega de obsequios a clientes / General",,Clave,Actividad,Business Center,27,27,"Replantar en macetas, suculentas y pegado de numeros para entrega de obsequios a clientes / General",,03/02/2025,1,03/02/2025,VERDADERO,03/02/2025,0,Administracion,Celinda Alcivar,,Activo,,,n/a ventas no hizo requerimiento de maceta
13,"Replantar en macetas, suculentas y pegado de numeros para entrega de obsequios a clientes / General",,Clave,Actividad,Business Center,20,20,"Replantar en macetas, suculentas y pegado de numeros para entrega de obsequios a clientes / General",,27/01/2025,1,27/01/2025,VERDADERO,27/01/2025,0,Administracion,Celinda Alcivar,,Activo,,,N/A no hubo requerimiento de ventas
13,"Replantar en macetas, suculentas y pegado de numeros para entrega de obsequios a clientes / General",,General,Actividad,Business Center,91,91,"Replantar en macetas, suculentas y pegado de numeros para entrega de obsequios a clientes / General",0,08/04/2025,1,08/04/2025,VERDADERO,08/04/2025,0,Administracion,Celinda Alcivar,,Activo,,,
13,"Replantar en macetas, suculentas y pegado de numeros para entrega de obsequios a clientes / General",,Clave,Actividad,Business Center,60,60,"Replantar en macetas, suculentas y pegado de numeros para entrega de obsequios a clientes / General",0,08/03/2025,1,08/03/2025,VERDADERO,08/03/2025,0,Administracion,Celinda Alcivar,,Activo,,,
13,"Replantar en macetas, suculentas y pegado de numeros para entrega de obsequios a clientes / General",,General,Actividad,Business Center,116,116,"Replantar en macetas, suculentas y pegado de numeros para entrega de obsequios a clientes / General",1,03/05/2025,1,03/05/2025,VERDADERO,03/05/2025,0,Administracion,Celinda Alcivar,,Activo,,,No Solicitaron Macetas hoy.
13,"Replantar en macetas, suculentas y pegado de numeros para entrega de obsequios a clientes / General",,General,Actividad,Business Center,118,118,"Replantar en macetas, suculentas y pegado de numeros para entrega de obsequios a clientes / General",0,05/05/2025,1,05/05/2025,VERDADERO,05/05/2025,0,Administracion,Celinda Alcivar,,Activo,,,No Solicitaron Macetas hoy 
13,"Replantar en macetas, suculentas y pegado de numeros para entrega de obsequios a clientes / General",,General,Actividad,Business Center,106,106,"Replantar en macetas, suculentas y pegado de numeros para entrega de obsequios a clientes / General",0,23/04/2025,1,23/04/2025,VERDADERO,23/04/2025,0,Administracion,Celinda Alcivar,,Activo,,,No Solicitaron Macetas hoy.
13,"Replantar en macetas, suculentas y pegado de numeros para entrega de obsequios a clientes / General",,General,Actividad,Business Center,105,105,"Replantar en macetas, suculentas y pegado de numeros para entrega de obsequios a clientes / General",0,22/04/2025,1,22/04/2025,VERDADERO,22/04/2025,0,Administracion,Celinda Alcivar,,Activo,,,
13,"Replantar en macetas, suculentas y pegado de numeros para entrega de obsequios a clientes / General",,General,Actividad,Business Center,84,84,"Replantar en macetas, suculentas y pegado de numeros para entrega de obsequios a clientes / General",,01/04/2025,1,01/04/2025,VERDADERO,01/04/2025,0,Administracion,Celinda Alcivar,,Activo,,,No hubo requerimiento de maceta
13,"Replantar en macetas, suculentas y pegado de numeros para entrega de obsequios a clientes / General",,Clave,Actividad,Business Center,4,4,"Replantar en macetas, suculentas y pegado de numeros para entrega de obsequios a clientes / General",,11/01/2025,1,11/01/2025,VERDADERO,11/01/2025,0,Administracion,Celinda Alcivar,,Activo,,,N/A Ventas no ha requerido 
13,"Replantar en macetas, suculentas y pegado de numeros para entrega de obsequios a clientes / General",,General,Actividad,Business Center,102,102,"Replantar en macetas, suculentas y pegado de numeros para entrega de obsequios a clientes / General",-2,19/04/2025,1,19/04/2025,VERDADERO,19/04/2025,0,Administracion,Celinda Alcivar,,Activo,,,Feriado 
13,"Replantar en macetas, suculentas y pegado de numeros para entrega de obsequios a clientes / General",,General,Actividad,Business Center,101,101,"Replantar en macetas, suculentas y pegado de numeros para entrega de obsequios a clientes / General",-3,18/04/2025,1,18/04/2025,VERDADERO,18/04/2025,0,Administracion,Celinda Alcivar,,Activo,,,Feriado
13,"Replantar en macetas, suculentas y pegado de numeros para entrega de obsequios a clientes / General",,General,Actividad,Business Center,109,109,"Replantar en macetas, suculentas y pegado de numeros para entrega de obsequios a clientes / General",0,26/04/2025,1,26/04/2025,VERDADERO,26/04/2025,0,Administracion,Celinda Alcivar,,Activo,,,
13,"Replantar en macetas, suculentas y pegado de numeros para entrega de obsequios a clientes / General",,General,Actividad,Business Center,111,111,"Replantar en macetas, suculentas y pegado de numeros para entrega de obsequios a clientes / General",0,28/04/2025,1,28/04/2025,VERDADERO,28/04/2025,0,Administracion,Celinda Alcivar,,Activo,,,No Solicitaron Macetas hoy.
13,"Replantar en macetas, suculentas y pegado de numeros para entrega de obsequios a clientes / General",,General,Actividad,Business Center,119,119,"Replantar en macetas, suculentas y pegado de numeros para entrega de obsequios a clientes / General",0,06/05/2025,1,06/05/2025,VERDADERO,06/05/2025,0,Administracion,Celinda Alcivar,,Activo,,,No Solicitaron Macetas hoy.
13,"Replantar en macetas, suculentas y pegado de numeros para entrega de obsequios a clientes / General",,General,Actividad,Business Center,108,108,"Replantar en macetas, suculentas y pegado de numeros para entrega de obsequios a clientes / General",-1,25/04/2025,1,25/04/2025,VERDADERO,25/04/2025,0,Administracion,Celinda Alcivar,,Activo,,,No Solicitaron Macetas.
13,"Replantar en macetas, suculentas y pegado de numeros para entrega de obsequios a clientes / General",,General,Actividad,Business Center,126,126,"Replantar en macetas, suculentas y pegado de numeros para entrega de obsequios a clientes / General",0,13/05/2025,1,13/05/2025,VERDADERO,13/05/2025,0,Administracion,Celinda Alcivar,,Activo,,,No Solicitaron Macetas hoy 
13,"Replantar en macetas, suculentas y pegado de numeros para entrega de obsequios a clientes / General",,General,Actividad,Business Center,121,121,"Replantar en macetas, suculentas y pegado de numeros para entrega de obsequios a clientes / General",0,08/05/2025,1,08/05/2025,VERDADERO,08/05/2025,0,Administracion,Celinda Alcivar,,Activo,,,No Solicitaron Macetas hoy 
13,"Replantar en macetas, suculentas y pegado de numeros para entrega de obsequios a clientes / General",,General,Actividad,Business Center,115,115,"Replantar en macetas, suculentas y pegado de numeros para entrega de obsequios a clientes / General",0,02/05/2025,1,02/05/2025,VERDADERO,02/05/2025,0,Administracion,Celinda Alcivar,,Activo,,,Feriado 
13,"Replantar en macetas, suculentas y pegado de numeros para entrega de obsequios a clientes / General",,Clave,Actividad,Business Center,73,73,"Replantar en macetas, suculentas y pegado de numeros para entrega de obsequios a clientes / General",0,21/03/2025,1,21/03/2025,VERDADERO,21/03/2025,0,Administracion,Celinda Alcivar,,Activo,,,No Solicitaron Macetas.
13,"Replantar en macetas, suculentas y pegado de numeros para entrega de obsequios a clientes / General",,General,Actividad,Business Center,123,123,"Replantar en macetas, suculentas y pegado de numeros para entrega de obsequios a clientes / General",0,10/05/2025,1,10/05/2025,VERDADERO,10/05/2025,0,Administracion,Celinda Alcivar,,Activo,,,
13,"Replantar en macetas, suculentas y pegado de numeros para entrega de obsequios a clientes / General",,General,Actividad,Business Center,125,125,"Replantar en macetas, suculentas y pegado de numeros para entrega de obsequios a clientes / General",0,12/05/2025,1,12/05/2025,VERDADERO,12/05/2025,0,Administracion,Celinda Alcivar,,Activo,,,No Solicitaron Macetas hoy.
13,"Replantar en macetas, suculentas y pegado de numeros para entrega de obsequios a clientes / General",,General,Actividad,Business Center,127,127,"Replantar en macetas, suculentas y pegado de numeros para entrega de obsequios a clientes / General",0,14/05/2025,1,14/05/2025,VERDADERO,14/05/2025,0,Administracion,Celinda Alcivar,,Activo,,,No Solicitaron Macetas hoy 
13,"Replantar en macetas, suculentas y pegado de numeros para entrega de obsequios a clientes / General",,General,Actividad,Business Center,148,148,"Replantar en macetas, suculentas y pegado de numeros para entrega de obsequios a clientes / General",0,04/06/2025,1,04/06/2025,VERDADERO,04/06/2025,0,Administracion,Celinda Alcivar,,Activo,,,No Solicitaron Macetas hoy 
13,"Replantar en macetas, suculentas y pegado de numeros para entrega de obsequios a clientes / General",,General,Actividad,Business Center,146,146,"Replantar en macetas, suculentas y pegado de numeros para entrega de obsequios a clientes / General",0,02/06/2025,1,02/06/2025,VERDADERO,02/06/2025,0,Administracion,Celinda Alcivar,,Activo,,,No Solicitaron Macetas hoy.
13,"Replantar en macetas, suculentas y pegado de numeros para entrega de obsequios a clientes / General",,General,Actividad,Business Center,133,133,"Replantar en macetas, suculentas y pegado de numeros para entrega de obsequios a clientes / General",0,20/05/2025,1,20/05/2025,VERDADERO,20/05/2025,0,Administracion,Celinda Alcivar,,Activo,,,No Solicitaron Macetas hoy 
13,"Replantar en macetas, suculentas y pegado de numeros para entrega de obsequios a clientes / General",,General,Actividad,Business Center,143,143,"Replantar en macetas, suculentas y pegado de numeros para entrega de obsequios a clientes / General",0,30/05/2025,1,30/05/2025,VERDADERO,30/05/2025,0,Administracion,Celinda Alcivar,,Activo,,,No Solicitaron Macetas hoy 
13,"Replantar en macetas, suculentas y pegado de numeros para entrega de obsequios a clientes / General",,General,Actividad,Business Center,136,136,"Replantar en macetas, suculentas y pegado de numeros para entrega de obsequios a clientes / General",-1,23/05/2025,1,23/05/2025,VERDADERO,23/05/2025,0,Administracion,Celinda Alcivar,,Activo,,,Feriado 
13,"Replantar en macetas, suculentas y pegado de numeros para entrega de obsequios a clientes / General",,General,Actividad,Business Center,132,132,"Replantar en macetas, suculentas y pegado de numeros para entrega de obsequios a clientes / General",0,19/05/2025,1,19/05/2025,VERDADERO,19/05/2025,0,Administracion,Celinda Alcivar,,Activo,,,No Solicitaron Macetas hoy.
13,"Replantar en macetas, suculentas y pegado de numeros para entrega de obsequios a clientes / General",,Clave,Actividad,Business Center,30,30,"Replantar en macetas, suculentas y pegado de numeros para entrega de obsequios a clientes / General",,06/02/2025,1,06/02/2025,VERDADERO,06/02/2025,0,Administracion,Celinda Alcivar,,Activo,,,N/A VENTAS NO SOLICITO MACETAS
13,"Replantar en macetas, suculentas y pegado de numeros para entrega de obsequios a clientes / General",,General,Actividad,Business Center,144,144,"Replantar en macetas, suculentas y pegado de numeros para entrega de obsequios a clientes / General",0,31/05/2025,1,31/05/2025,VERDADERO,31/05/2025,0,Administracion,Celinda Alcivar,,Activo,,,No Solicitaron Macetas hoy 
13,"Replantar en macetas, suculentas y pegado de numeros para entrega de obsequios a clientes / General",,General,Actividad,Business Center,140,140,"Replantar en macetas, suculentas y pegado de numeros para entrega de obsequios a clientes / General",0,27/05/2025,1,27/05/2025,VERDADERO,27/05/2025,0,Administracion,Celinda Alcivar,,Activo,,,No Solicitaron Macetas hoy 
13,"Replantar en macetas, suculentas y pegado de numeros para entrega de obsequios a clientes / General",,General,Actividad,Business Center,129,129,"Replantar en macetas, suculentas y pegado de numeros para entrega de obsequios a clientes / General",0,16/05/2025,1,16/05/2025,VERDADERO,16/05/2025,0,Administracion,Celinda Alcivar,,Activo,,,No Solicitaron Macetas hoy 
13,"Replantar en macetas, suculentas y pegado de numeros para entrega de obsequios a clientes / General",,General,Actividad,Business Center,135,135,"Replantar en macetas, suculentas y pegado de numeros para entrega de obsequios a clientes / General",0,22/05/2025,1,22/05/2025,VERDADERO,22/05/2025,0,Administracion,Celinda Alcivar,,Activo,,,No Solicitaron Macetas hoy 
13,"Replantar en macetas, suculentas y pegado de numeros para entrega de obsequios a clientes / General",,General,Actividad,Business Center,122,122,"Replantar en macetas, suculentas y pegado de numeros para entrega de obsequios a clientes / General",0,09/05/2025,1,09/05/2025,VERDADERO,09/05/2025,0,Administracion,Celinda Alcivar,,Activo,,,
13,"Replantar en macetas, suculentas y pegado de numeros para entrega de obsequios a clientes / General",,General,Actividad,Business Center,134,134,"Replantar en macetas, suculentas y pegado de numeros para entrega de obsequios a clientes / General",0,21/05/2025,1,21/05/2025,VERDADERO,21/05/2025,0,Administracion,Celinda Alcivar,,Activo,,,No Solicitaron Macetas hoy 
13,"Replantar en macetas, suculentas y pegado de numeros para entrega de obsequios a clientes / General",,General,Actividad,Business Center,142,142,"Replantar en macetas, suculentas y pegado de numeros para entrega de obsequios a clientes / General",0,29/05/2025,1,29/05/2025,VERDADERO,29/05/2025,0,Administracion,Celinda Alcivar,,Activo,,,No Solicitaron Macetas hoy 
13,"Replantar en macetas, suculentas y pegado de numeros para entrega de obsequios a clientes / General",,General,Actividad,Business Center,153,153,"Replantar en macetas, suculentas y pegado de numeros para entrega de obsequios a clientes / General",0,09/06/2025,1,09/06/2025,VERDADERO,09/06/2025,0,Administracion,Celinda Alcivar,,Activo,,,No Solicitaron Macetas hoy 
13,"Replantar en macetas, suculentas y pegado de numeros para entrega de obsequios a clientes / General",,General,Actividad,Business Center,162,162,"Replantar en macetas, suculentas y pegado de numeros para entrega de obsequios a clientes / General",-1,18/06/2025,1,18/06/2025,VERDADERO,18/06/2025,0,Administracion,Celinda Alcivar,,Activo,,,No Solicitaron Macetas hoy 
13,"Replantar en macetas, suculentas y pegado de numeros para entrega de obsequios a clientes / General",,General,Actividad,Business Center,163,163,"Replantar en macetas, suculentas y pegado de numeros para entrega de obsequios a clientes / General",0,19/06/2025,1,19/06/2025,VERDADERO,19/06/2025,0,Administracion,Celinda Alcivar,,Activo,,,No Solicitaron Macetas hoy 
13,"Replantar en macetas, suculentas y pegado de numeros para entrega de obsequios a clientes / General",,General,Actividad,Business Center,160,160,"Replantar en macetas, suculentas y pegado de numeros para entrega de obsequios a clientes / General",0,16/06/2025,1,16/06/2025,VERDADERO,16/06/2025,0,Administracion,Celinda Alcivar,,Activo,,,No Solicitaron Macetas hoy 
13,"Replantar en macetas, suculentas y pegado de numeros para entrega de obsequios a clientes / General",,General,Actividad,Business Center,151,151,"Replantar en macetas, suculentas y pegado de numeros para entrega de obsequios a clientes / General",0,07/06/2025,1,07/06/2025,VERDADERO,07/06/2025,0,Administracion,Celinda Alcivar,,Activo,,,
13,"Replantar en macetas, suculentas y pegado de numeros para entrega de obsequios a clientes / General",,General,Actividad,Business Center,147,147,"Replantar en macetas, suculentas y pegado de numeros para entrega de obsequios a clientes / General",0,03/06/2025,1,03/06/2025,VERDADERO,03/06/2025,0,Administracion,Celinda Alcivar,,Activo,,,No Solicitaron Macetas hoy 
13,"Replantar en macetas, suculentas y pegado de numeros para entrega de obsequios a clientes / General",,General,Actividad,Business Center,149,149,"Replantar en macetas, suculentas y pegado de numeros para entrega de obsequios a clientes / General",0,05/06/2025,1,05/06/2025,VERDADERO,05/06/2025,0,Administracion,Celinda Alcivar,,Activo,,,
13,"Replantar en macetas, suculentas y pegado de numeros para entrega de obsequios a clientes / General",,General,Actividad,Business Center,139,139,"Replantar en macetas, suculentas y pegado de numeros para entrega de obsequios a clientes / General",0,26/05/2025,1,26/05/2025,VERDADERO,26/05/2025,0,Administracion,Celinda Alcivar,,Activo,,,No Solicitaron Macetas hoy
13,"Replantar en macetas, suculentas y pegado de numeros para entrega de obsequios a clientes / General",,General,Actividad,Business Center,161,161,"Replantar en macetas, suculentas y pegado de numeros para entrega de obsequios a clientes / General",0,17/06/2025,1,17/06/2025,VERDADERO,17/06/2025,0,Administracion,Celinda Alcivar,,Activo,,,No Solicitaron Macetas hoy 
13,"Replantar en macetas, suculentas y pegado de numeros para entrega de obsequios a clientes / General",,General,Actividad,Business Center,120,120,"Replantar en macetas, suculentas y pegado de numeros para entrega de obsequios a clientes / General",0,07/05/2025,1,07/05/2025,VERDADERO,07/05/2025,0,Administracion,Celinda Alcivar,,Activo,,,No Solicitaron Macetas hoy 
13,"Replantar en macetas, suculentas y pegado de numeros para entrega de obsequios a clientes / General",,General,Actividad,Business Center,128,128,"Replantar en macetas, suculentas y pegado de numeros para entrega de obsequios a clientes / General",0,15/05/2025,1,15/05/2025,VERDADERO,15/05/2025,0,Administracion,Celinda Alcivar,,Activo,,,No Solicitaron Macetas hoy 
13,"Replantar en macetas, suculentas y pegado de numeros para entrega de obsequios a clientes / General",,General,Actividad,Business Center,137,137,"Replantar en macetas, suculentas y pegado de numeros para entrega de obsequios a clientes / General",0,24/05/2025,1,24/05/2025,VERDADERO,24/05/2025,0,Administracion,Celinda Alcivar,,Activo,,,
13,"Replantar en macetas, suculentas y pegado de numeros para entrega de obsequios a clientes / General",,General,Actividad,Business Center,155,155,"Replantar en macetas, suculentas y pegado de numeros para entrega de obsequios a clientes / General",0,11/06/2025,1,11/06/2025,VERDADERO,11/06/2025,0,Administracion,Celinda Alcivar,,Activo,,,No Solicitaron Macetas hoy 
13,"Replantar en macetas, suculentas y pegado de numeros para entrega de obsequios a clientes / General",,General,Actividad,Business Center,154,154,"Replantar en macetas, suculentas y pegado de numeros para entrega de obsequios a clientes / General",0,10/06/2025,1,10/06/2025,VERDADERO,10/06/2025,0,Administracion,Celinda Alcivar,,Activo,,,No Solicitaron Macetas hoy 
13,"Replantar en macetas, suculentas y pegado de numeros para entrega de obsequios a clientes / General",,General,Actividad,Business Center,156,156,"Replantar en macetas, suculentas y pegado de numeros para entrega de obsequios a clientes / General",0,12/06/2025,1,12/06/2025,VERDADERO,12/06/2025,0,Administracion,Celinda Alcivar,,Activo,,,
13,"Replantar en macetas, suculentas y pegado de numeros para entrega de obsequios a clientes / General",,General,Actividad,Business Center,157,157,"Replantar en macetas, suculentas y pegado de numeros para entrega de obsequios a clientes / General",0,13/06/2025,1,13/06/2025,VERDADERO,13/06/2025,0,Administracion,Celinda Alcivar,,Activo,,,No Solicitaron Macetas hoy 
13,"Replantar en macetas, suculentas y pegado de numeros para entrega de obsequios a clientes / General",,General,Actividad,Business Center,158,158,"Replantar en macetas, suculentas y pegado de numeros para entrega de obsequios a clientes / General",0,14/06/2025,1,14/06/2025,VERDADERO,14/06/2025,0,Administracion,Celinda Alcivar,,Activo,,,
13,"Replantar en macetas, suculentas y pegado de numeros para entrega de obsequios a clientes / General",,General,Actividad,Business Center,164,164,"Replantar en macetas, suculentas y pegado de numeros para entrega de obsequios a clientes / General",0,20/06/2025,1,20/06/2025,VERDADERO,20/06/2025,0,Administracion,Celinda Alcivar,,Activo,,,No Solicitaron Macetas hoy 
13,"Replantar en macetas, suculentas y pegado de numeros para entrega de obsequios a clientes / General",,General,Actividad,Business Center,141,141,"Replantar en macetas, suculentas y pegado de numeros para entrega de obsequios a clientes / General",0,28/05/2025,1,28/05/2025,VERDADERO,28/05/2025,0,Administracion,Celinda Alcivar,,Activo,,,No Solicitaron Macetas hoy 
13,"Replantar en macetas, suculentas y pegado de numeros para entrega de obsequios a clientes / General",,General,Actividad,Business Center,130,130,"Replantar en macetas, suculentas y pegado de numeros para entrega de obsequios a clientes / General",0,17/05/2025,1,17/05/2025,VERDADERO,17/05/2025,0,Administracion,Celinda Alcivar,,Activo,,,
13,"Replantar en macetas, suculentas y pegado de numeros para entrega de obsequios a clientes / General",,General,Actividad,Business Center,150,150,"Replantar en macetas, suculentas y pegado de numeros para entrega de obsequios a clientes / General",0,06/06/2025,1,06/06/2025,VERDADERO,06/06/2025,0,Administracion,Celinda Alcivar,,Activo,,,No Solicitaron Macetas hoy 
13,"Replantar en macetas, suculentas y pegado de numeros para entrega de obsequios a clientes / General",,General,Actividad,Business Center,168,168,"Replantar en macetas, suculentas y pegado de numeros para entrega de obsequios a clientes / General",0,24/06/2025,1,24/06/2025,VERDADERO,24/06/2025,0,Administracion,Celinda Alcivar,,Activo,,,
13,"Replantar en macetas, suculentas y pegado de numeros para entrega de obsequios a clientes / General",,General,Actividad,Business Center,169,169,"Replantar en macetas, suculentas y pegado de numeros para entrega de obsequios a clientes / General",0,25/06/2025,1,25/06/2025,VERDADERO,25/06/2025,0,Administracion,Celinda Alcivar,,Activo,,,No Solicitaron Macetas hoy 
13,"Replantar en macetas, suculentas y pegado de numeros para entrega de obsequios a clientes / General",,General,Actividad,Business Center,167,167,"Replantar en macetas, suculentas y pegado de numeros para entrega de obsequios a clientes / General",0,23/06/2025,1,23/06/2025,VERDADERO,23/06/2025,0,Administracion,Celinda Alcivar,,Activo,,,No Solicitaron Macetas hoy 
13,"Replantar en macetas, suculentas y pegado de numeros para entrega de obsequios a clientes / General",,General,Actividad,Business Center,171,171,"Replantar en macetas, suculentas y pegado de numeros para entrega de obsequios a clientes / General",0,27/06/2025,1,27/06/2025,VERDADERO,27/06/2025,0,Administracion,Celinda Alcivar,,Activo,,,
13,"Replantar en macetas, suculentas y pegado de numeros para entrega de obsequios a clientes / General",,General,Actividad,Business Center,172,172,"Replantar en macetas, suculentas y pegado de numeros para entrega de obsequios a clientes / General",0,28/06/2025,1,28/06/2025,VERDADERO,28/06/2025,0,Administracion,Celinda Alcivar,,Activo,,,
13,"Replantar en macetas, suculentas y pegado de numeros para entrega de obsequios a clientes / General",,General,Actividad,Business Center,174,174,"Replantar en macetas, suculentas y pegado de numeros para entrega de obsequios a clientes / General",0,30/06/2025,1,30/06/2025,VERDADERO,30/06/2025,0,Administracion,Celinda Alcivar,,Activo,,,No Solicitaron Macetas hoy 
13,"Replantar en macetas, suculentas y pegado de numeros para entrega de obsequios a clientes / General",,General,Actividad,Business Center,165,165,"Replantar en macetas, suculentas y pegado de numeros para entrega de obsequios a clientes / General",0,21/06/2025,1,21/06/2025,VERDADERO,21/06/2025,0,Administracion,Celinda Alcivar,,Activo,,,
13,"Replantar en macetas, suculentas y pegado de numeros para entrega de obsequios a clientes / General",,General,Actividad,Business Center,177,177,"Replantar en macetas, suculentas y pegado de numeros para entrega de obsequios a clientes / General",0,03/07/2025,1,03/07/2025,VERDADERO,03/07/2025,0,Administracion,Celinda Alcivar,,Activo,,,No Solicitaron Macetas
13,"Replantar en macetas, suculentas y pegado de numeros para entrega de obsequios a clientes / General",,General,Actividad,Business Center,179,179,"Replantar en macetas, suculentas y pegado de numeros para entrega de obsequios a clientes / General",0,05/07/2025,1,05/07/2025,VERDADERO,05/07/2025,0,Administracion,Celinda Alcivar,,Activo,,,No Solicitaron Macetas 
13,"Replantar en macetas, suculentas y pegado de numeros para entrega de obsequios a clientes / General",,General,Actividad,Business Center,178,178,"Replantar en macetas, suculentas y pegado de numeros para entrega de obsequios a clientes / General",0,04/07/2025,1,04/07/2025,VERDADERO,04/07/2025,0,Administracion,Celinda Alcivar,,Activo,,,
13,"Replantar en macetas, suculentas y pegado de numeros para entrega de obsequios a clientes / General",,General,Actividad,Business Center,170,170,"Replantar en macetas, suculentas y pegado de numeros para entrega de obsequios a clientes / General",0,26/06/2025,1,26/06/2025,VERDADERO,26/06/2025,0,Administracion,Celinda Alcivar,,Activo,,,No Solicitaron Macetas hoy 
13,"Replantar en macetas, suculentas y pegado de numeros para entrega de obsequios a clientes / General",,General,Actividad,Business Center,184,184,"Replantar en macetas, suculentas y pegado de numeros para entrega de obsequios a clientes / General",0,10/07/2025,1,10/07/2025,VERDADERO,10/07/2025,0,Administracion,Celinda Alcivar,,Activo,,,
13,"Replantar en macetas, suculentas y pegado de numeros para entrega de obsequios a clientes / General",,General,Actividad,Business Center,175,175,"Replantar en macetas, suculentas y pegado de numeros para entrega de obsequios a clientes / General",0,01/07/2025,1,01/07/2025,VERDADERO,01/07/2025,0,Administracion,Celinda Alcivar,,Activo,,,
13,"Replantar en macetas, suculentas y pegado de numeros para entrega de obsequios a clientes / General",,General,Actividad,Business Center,176,176,"Replantar en macetas, suculentas y pegado de numeros para entrega de obsequios a clientes / General",0,02/07/2025,1,02/07/2025,VERDADERO,02/07/2025,0,Administracion,Celinda Alcivar,,Activo,,,
13,"Replantar en macetas, suculentas y pegado de numeros para entrega de obsequios a clientes / General",,General,Actividad,Business Center,181,181,"Replantar en macetas, suculentas y pegado de numeros para entrega de obsequios a clientes / General",0,07/07/2025,1,07/07/2025,VERDADERO,07/07/2025,0,Administracion,Celinda Alcivar,,Activo,,,No Solicitaron Macetas 
13,"Replantar en macetas, suculentas y pegado de numeros para entrega de obsequios a clientes / General",,General,Actividad,Business Center,183,183,"Replantar en macetas, suculentas y pegado de numeros para entrega de obsequios a clientes / General",0,09/07/2025,1,09/07/2025,VERDADERO,09/07/2025,0,Administracion,Celinda Alcivar,,Activo,,,No Solicitaron Macetas 
13,"Replantar en macetas, suculentas y pegado de numeros para entrega de obsequios a clientes / General",,General,Actividad,Business Center,182,182,"Replantar en macetas, suculentas y pegado de numeros para entrega de obsequios a clientes / General",0,08/07/2025,1,08/07/2025,VERDADERO,08/07/2025,0,Administracion,Celinda Alcivar,,Activo,,,No Solicitaron Macetas 
13,"Replantar en macetas, suculentas y pegado de numeros para entrega de obsequios a clientes / General",,General,Actividad,Business Center,193,193,"Replantar en macetas, suculentas y pegado de numeros para entrega de obsequios a clientes / General",0,19/07/2025,1,19/07/2025,VERDADERO,19/07/2025,0,Administracion,Celinda Alcivar,,Activo,,,
13,"Replantar en macetas, suculentas y pegado de numeros para entrega de obsequios a clientes / General",,General,Actividad,Business Center,189,189,"Replantar en macetas, suculentas y pegado de numeros para entrega de obsequios a clientes / General",0,15/07/2025,1,15/07/2025,VERDADERO,15/07/2025,0,Administracion,Celinda Alcivar,,Activo,,,No Solicitaron Macetas 
13,"Replantar en macetas, suculentas y pegado de numeros para entrega de obsequios a clientes / General",,General,Actividad,Business Center,190,190,"Replantar en macetas, suculentas y pegado de numeros para entrega de obsequios a clientes / General",0,16/07/2025,1,16/07/2025,VERDADERO,16/07/2025,0,Administracion,Celinda Alcivar,,Activo,,,
13,"Replantar en macetas, suculentas y pegado de numeros para entrega de obsequios a clientes / General",,General,Actividad,Business Center,185,185,"Replantar en macetas, suculentas y pegado de numeros para entrega de obsequios a clientes / General",0,11/07/2025,1,11/07/2025,VERDADERO,11/07/2025,0,Administracion,Celinda Alcivar,,Activo,,,
13,"Replantar en macetas, suculentas y pegado de numeros para entrega de obsequios a clientes / General",,General,Actividad,Business Center,186,186,"Replantar en macetas, suculentas y pegado de numeros para entrega de obsequios a clientes / General",0,12/07/2025,1,12/07/2025,VERDADERO,12/07/2025,0,Administracion,Celinda Alcivar,,Activo,,,No Solicitaron Macetas 
13,"Replantar en macetas, suculentas y pegado de numeros para entrega de obsequios a clientes / General",,General,Actividad,Business Center,196,196,"Replantar en macetas, suculentas y pegado de numeros para entrega de obsequios a clientes / General",0,22/07/2025,1,22/07/2025,VERDADERO,22/07/2025,0,Administracion,Celinda Alcivar,,Activo,,,No Solicitaron Macetas 
13,"Replantar en macetas, suculentas y pegado de numeros para entrega de obsequios a clientes / General",,General,Actividad,Business Center,200,200,"Replantar en macetas, suculentas y pegado de numeros para entrega de obsequios a clientes / General",0,26/07/2025,1,26/07/2025,VERDADERO,26/07/2025,0,Administracion,Celinda Alcivar,,Activo,,,
13,"Replantar en macetas, suculentas y pegado de numeros para entrega de obsequios a clientes / General",,General,Actividad,Business Center,198,198,"Replantar en macetas, suculentas y pegado de numeros para entrega de obsequios a clientes / General",0,24/07/2025,1,24/07/2025,VERDADERO,24/07/2025,0,Administracion,Celinda Alcivar,,Activo,,,
13,"Replantar en macetas, suculentas y pegado de numeros para entrega de obsequios a clientes / General",,General,Actividad,Business Center,199,199,"Replantar en macetas, suculentas y pegado de numeros para entrega de obsequios a clientes / General",0,25/07/2025,1,25/07/2025,VERDADERO,25/07/2025,0,Administracion,Celinda Alcivar,,Activo,,,
13,"Replantar en macetas, suculentas y pegado de numeros para entrega de obsequios a clientes / General",,General,Actividad,Business Center,191,191,"Replantar en macetas, suculentas y pegado de numeros para entrega de obsequios a clientes / General",0,17/07/2025,1,17/07/2025,VERDADERO,17/07/2025,0,Administracion,Celinda Alcivar,,Activo,,,No Solicitaron Macetas 
13,"Replantar en macetas, suculentas y pegado de numeros para entrega de obsequios a clientes / General",,General,Actividad,Business Center,202,202,"Replantar en macetas, suculentas y pegado de numeros para entrega de obsequios a clientes / General",0,28/07/2025,1,28/07/2025,VERDADERO,28/07/2025,0,Administracion,Celinda Alcivar,,Activo,,,No Solicitaron Macetas 
13,"Replantar en macetas, suculentas y pegado de numeros para entrega de obsequios a clientes / General",,General,Actividad,Business Center,204,204,"Replantar en macetas, suculentas y pegado de numeros para entrega de obsequios a clientes / General",0,30/07/2025,1,30/07/2025,VERDADERO,30/07/2025,0,Administracion,Celinda Alcivar,,Activo,,,
13,"Replantar en macetas, suculentas y pegado de numeros para entrega de obsequios a clientes / General",,General,Actividad,Business Center,197,197,"Replantar en macetas, suculentas y pegado de numeros para entrega de obsequios a clientes / General",0,23/07/2025,1,23/07/2025,VERDADERO,23/07/2025,0,Administracion,Celinda Alcivar,,Activo,,,No Solicitaron Macetas 
13,"Replantar en macetas, suculentas y pegado de numeros para entrega de obsequios a clientes / General",,General,Actividad,Business Center,206,206,"Replantar en macetas, suculentas y pegado de numeros para entrega de obsequios a clientes / General",-1,01/08/2025,1,01/08/2025,VERDADERO,01/08/2025,0,Administracion,Celinda Alcivar,,Activo,,,
13,"Replantar en macetas, suculentas y pegado de numeros para entrega de obsequios a clientes / General",,General,Actividad,Business Center,192,192,"Replantar en macetas, suculentas y pegado de numeros para entrega de obsequios a clientes / General",0,18/07/2025,1,18/07/2025,VERDADERO,18/07/2025,0,Administracion,Celinda Alcivar,,Activo,,,No Solicitaron Macetas 
13,"Replantar en macetas, suculentas y pegado de numeros para entrega de obsequios a clientes / General",,General,Actividad,Business Center,195,195,"Replantar en macetas, suculentas y pegado de numeros para entrega de obsequios a clientes / General",0,21/07/2025,1,21/07/2025,VERDADERO,21/07/2025,0,Administracion,Celinda Alcivar,,Activo,,,No Solicitaron Macetas 
13,"Replantar en macetas, suculentas y pegado de numeros para entrega de obsequios a clientes / General",,General,Actividad,Business Center,211,211,"Replantar en macetas, suculentas y pegado de numeros para entrega de obsequios a clientes / General",0,06/08/2025,1,06/08/2025,VERDADERO,06/08/2025,0,Administracion,Celinda Alcivar,,Activo,,,
13,"Replantar en macetas, suculentas y pegado de numeros para entrega de obsequios a clientes / General",,General,Actividad,Business Center,213,213,"Replantar en macetas, suculentas y pegado de numeros para entrega de obsequios a clientes / General",0,08/08/2025,1,08/08/2025,VERDADERO,08/08/2025,0,Administracion,Celinda Alcivar,,Activo,,,No Solicitaron Macetas 
13,"Replantar en macetas, suculentas y pegado de numeros para entrega de obsequios a clientes / General",,General,Actividad,Business Center,188,188,"Replantar en macetas, suculentas y pegado de numeros para entrega de obsequios a clientes / General",0,14/07/2025,1,14/07/2025,VERDADERO,14/07/2025,0,Administracion,Celinda Alcivar,,Activo,,,No Solicitaron Macetas 
13,"Replantar en macetas, suculentas y pegado de numeros para entrega de obsequios a clientes / General",,General,Actividad,Business Center,209,209,"Replantar en macetas, suculentas y pegado de numeros para entrega de obsequios a clientes / General",0,04/08/2025,1,04/08/2025,VERDADERO,04/08/2025,0,Administracion,Celinda Alcivar,,Activo,,,No Solicitaron Macetas 
13,"Replantar en macetas, suculentas y pegado de numeros para entrega de obsequios a clientes / General",,General,Actividad,Business Center,210,210,"Replantar en macetas, suculentas y pegado de numeros para entrega de obsequios a clientes / General",0,05/08/2025,1,05/08/2025,VERDADERO,05/08/2025,0,Administracion,Celinda Alcivar,,Activo,,,No Solicitaron Macetas 
13,"Replantar en macetas, suculentas y pegado de numeros para entrega de obsequios a clientes / General",,General,Actividad,Business Center,217,217,"Replantar en macetas, suculentas y pegado de numeros para entrega de obsequios a clientes / General",0,12/08/2025,1,12/08/2025,VERDADERO,12/08/2025,0,Administracion,Celinda Alcivar,,Activo,,,
13,"Replantar en macetas, suculentas y pegado de numeros para entrega de obsequios a clientes / General",,General,Actividad,Business Center,218,218,"Replantar en macetas, suculentas y pegado de numeros para entrega de obsequios a clientes / General",0,13/08/2025,1,13/08/2025,VERDADERO,13/08/2025,0,Administracion,Celinda Alcivar,,Activo,,,No Solicitaron Macetas 
13,"Replantar en macetas, suculentas y pegado de numeros para entrega de obsequios a clientes / General",,General,Actividad,Business Center,225,225,"Replantar en macetas, suculentas y pegado de numeros para entrega de obsequios a clientes / General",-1,20/08/2025,1,20/08/2025,VERDADERO,20/08/2025,0,Administracion,Celinda Alcivar,,Activo,,,No Solicitaron Macetas 
13,"Replantar en macetas, suculentas y pegado de numeros para entrega de obsequios a clientes / General",,General,Actividad,Business Center,221,221,"Replantar en macetas, suculentas y pegado de numeros para entrega de obsequios a clientes / General",0,16/08/2025,1,16/08/2025,VERDADERO,16/08/2025,0,Administracion,Celinda Alcivar,,Activo,,,No Solicitaron Macetas 
13,"Replantar en macetas, suculentas y pegado de numeros para entrega de obsequios a clientes / General",,General,Actividad,Business Center,226,226,"Replantar en macetas, suculentas y pegado de numeros para entrega de obsequios a clientes / General",0,21/08/2025,1,21/08/2025,VERDADERO,21/08/2025,0,Administracion,Celinda Alcivar,,Activo,,,No Solicitaron Macetas 
13,"Replantar en macetas, suculentas y pegado de numeros para entrega de obsequios a clientes / General",,General,Actividad,Business Center,224,224,"Replantar en macetas, suculentas y pegado de numeros para entrega de obsequios a clientes / General",0,19/08/2025,1,19/08/2025,VERDADERO,19/08/2025,0,Administracion,Celinda Alcivar,,Activo,,,No Solicitaron Macetas 
13,"Replantar en macetas, suculentas y pegado de numeros para entrega de obsequios a clientes / General",,General,Actividad,Business Center,223,223,"Replantar en macetas, suculentas y pegado de numeros para entrega de obsequios a clientes / General",0,18/08/2025,1,18/08/2025,VERDADERO,18/08/2025,0,Administracion,Celinda Alcivar,,Activo,,,No Solicitaron Macetas
13,"Replantar en macetas, suculentas y pegado de numeros para entrega de obsequios a clientes / General",,General,Actividad,Business Center,228,228,"Replantar en macetas, suculentas y pegado de numeros para entrega de obsequios a clientes / General",0,23/08/2025,1,23/08/2025,VERDADERO,23/08/2025,0,Administracion,Celinda Alcivar,,Activo,,,No Solicitaron Macetas 
13,"Replantar en macetas, suculentas y pegado de numeros para entrega de obsequios a clientes / General",,General,Actividad,Business Center,212,212,"Replantar en macetas, suculentas y pegado de numeros para entrega de obsequios a clientes / General",0,07/08/2025,1,07/08/2025,VERDADERO,07/08/2025,0,Administracion,Celinda Alcivar,,Activo,,,No Solicitaron Macetas 
13,"Replantar en macetas, suculentas y pegado de numeros para entrega de obsequios a clientes / General",,General,Actividad,Business Center,227,227,"Replantar en macetas, suculentas y pegado de numeros para entrega de obsequios a clientes / General",0,22/08/2025,1,22/08/2025,VERDADERO,22/08/2025,0,Administracion,Celinda Alcivar,,Activo,,,No Solicitaron Macetas 
13,"Replantar en macetas, suculentas y pegado de numeros para entrega de obsequios a clientes / General",,General,Actividad,Business Center,214,214,"Replantar en macetas, suculentas y pegado de numeros para entrega de obsequios a clientes / General",0,09/08/2025,1,09/08/2025,VERDADERO,09/08/2025,0,Administracion,Celinda Alcivar,,Activo,,,
13,"Replantar en macetas, suculentas y pegado de numeros para entrega de obsequios a clientes / General",,General,Actividad,Business Center,203,203,"Replantar en macetas, suculentas y pegado de numeros para entrega de obsequios a clientes / General",0,29/07/2025,1,29/07/2025,VERDADERO,29/07/2025,0,Administracion,Celinda Alcivar,,Activo,,,No Solicitaron Macetas 
13,"Replantar en macetas, suculentas y pegado de numeros para entrega de obsequios a clientes / General",,General,Actividad,Business Center,207,207,"Replantar en macetas, suculentas y pegado de numeros para entrega de obsequios a clientes / General",0,02/08/2025,1,02/08/2025,VERDADERO,02/08/2025,0,Administracion,Celinda Alcivar,,Activo,,,No Solicitaron Macetas 
13,"Replantar en macetas, suculentas y pegado de numeros para entrega de obsequios a clientes / General",,General,Actividad,Business Center,230,230,"Replantar en macetas, suculentas y pegado de numeros para entrega de obsequios a clientes / General",0,25/08/2025,1,25/08/2025,VERDADERO,25/08/2025,0,Administracion,Celinda Alcivar,,Activo,,,No Solicitaron Macetas 
13,"Replantar en macetas, suculentas y pegado de numeros para entrega de obsequios a clientes / General",,General,Actividad,Business Center,205,205,"Replantar en macetas, suculentas y pegado de numeros para entrega de obsequios a clientes / General",0,31/07/2025,1,31/07/2025,VERDADERO,31/07/2025,0,Administracion,Celinda Alcivar,,Activo,,,
13,"Replantar en macetas, suculentas y pegado de numeros para entrega de obsequios a clientes / General",,General,Actividad,Business Center,220,220,"Replantar en macetas, suculentas y pegado de numeros para entrega de obsequios a clientes / General",0,15/08/2025,1,15/08/2025,VERDADERO,15/08/2025,0,Administracion,Celinda Alcivar,,Activo,,,No Solicitaron Macetas 
13,"Replantar en macetas, suculentas y pegado de numeros para entrega de obsequios a clientes / General",,General,Actividad,Business Center,234,234,"Replantar en macetas, suculentas y pegado de numeros para entrega de obsequios a clientes / General",0,29/08/2025,1,29/08/2025,VERDADERO,29/08/2025,0,Administracion,Celinda Alcivar,,Activo,,,
13,"Replantar en macetas, suculentas y pegado de numeros para entrega de obsequios a clientes / General",,General,Actividad,Business Center,235,235,"Replantar en macetas, suculentas y pegado de numeros para entrega de obsequios a clientes / General",0,30/08/2025,1,30/08/2025,VERDADERO,30/08/2025,0,Administracion,Celinda Alcivar,,Activo,,,No Solicitaron Macetas 
13,"Replantar en macetas, suculentas y pegado de numeros para entrega de obsequios a clientes / General",,General,Actividad,Business Center,240,240,"Replantar en macetas, suculentas y pegado de numeros para entrega de obsequios a clientes / General",0,04/09/2025,1,04/09/2025,VERDADERO,04/09/2025,0,Administracion,Celinda Alcivar,,Activo,,,No Solicitaron Macetas 
13,"Replantar en macetas, suculentas y pegado de numeros para entrega de obsequios a clientes / General",,General,Actividad,Business Center,241,241,"Replantar en macetas, suculentas y pegado de numeros para entrega de obsequios a clientes / General",0,05/09/2025,1,05/09/2025,VERDADERO,05/09/2025,0,Administracion,Celinda Alcivar,,Activo,,,No Solicitaron Macetas 
13,"Replantar en macetas, suculentas y pegado de numeros para entrega de obsequios a clientes / General",,General,Actividad,Business Center,239,239,"Replantar en macetas, suculentas y pegado de numeros para entrega de obsequios a clientes / General",0,03/09/2025,1,03/09/2025,VERDADERO,03/09/2025,0,Administracion,Celinda Alcivar,,Activo,,,
13,"Replantar en macetas, suculentas y pegado de numeros para entrega de obsequios a clientes / General",,General,Actividad,Business Center,242,242,"Replantar en macetas, suculentas y pegado de numeros para entrega de obsequios a clientes / General",0,06/09/2025,1,06/09/2025,VERDADERO,06/09/2025,0,Administracion,Celinda Alcivar,,Activo,,,No Solicitaron Macetas 
13,"Replantar en macetas, suculentas y pegado de numeros para entrega de obsequios a clientes / General",,General,Actividad,Business Center,237,237,"Replantar en macetas, suculentas y pegado de numeros para entrega de obsequios a clientes / General",0,01/09/2025,1,01/09/2025,VERDADERO,01/09/2025,0,Administracion,Celinda Alcivar,,Activo,,,No Solicitaron Macetas 
13,"Replantar en macetas, suculentas y pegado de numeros para entrega de obsequios a clientes / General",,General,Actividad,Business Center,245,245,"Replantar en macetas, suculentas y pegado de numeros para entrega de obsequios a clientes / General",0,09/09/2025,1,09/09/2025,VERDADERO,09/09/2025,0,Administracion,Celinda Alcivar,,Activo,,,No Solicitaron Macetas 
13,"Replantar en macetas, suculentas y pegado de numeros para entrega de obsequios a clientes / General",,General,Actividad,Business Center,216,216,"Replantar en macetas, suculentas y pegado de numeros para entrega de obsequios a clientes / General",-1,11/08/2025,1,11/08/2025,VERDADERO,11/08/2025,0,Administracion,Celinda Alcivar,,Activo,,,Feriado 
13,"Replantar en macetas, suculentas y pegado de numeros para entrega de obsequios a clientes / General",,General,Actividad,Business Center,232,232,"Replantar en macetas, suculentas y pegado de numeros para entrega de obsequios a clientes / General",0,27/08/2025,1,27/08/2025,VERDADERO,27/08/2025,0,Administracion,Celinda Alcivar,,Activo,,,
13,"Replantar en macetas, suculentas y pegado de numeros para entrega de obsequios a clientes / General",,General,Actividad,Business Center,260,260,"Replantar en macetas, suculentas y pegado de numeros para entrega de obsequios a clientes / General",0,24/09/2025,1,24/09/2025,VERDADERO,24/09/2025,0,Administracion,Celinda Alcivar,,Activo,,,
13,"Replantar en macetas, suculentas y pegado de numeros para entrega de obsequios a clientes / General",,General,Actividad,Business Center,248,248,"Replantar en macetas, suculentas y pegado de numeros para entrega de obsequios a clientes / General",0,12/09/2025,1,12/09/2025,VERDADERO,12/09/2025,0,Administracion,Celinda Alcivar,,Activo,,,No Solicitaron Macetas 
13,"Replantar en macetas, suculentas y pegado de numeros para entrega de obsequios a clientes / General",,General,Actividad,Business Center,253,253,"Replantar en macetas, suculentas y pegado de numeros para entrega de obsequios a clientes / General",0,17/09/2025,1,17/09/2025,VERDADERO,17/09/2025,0,Administracion,Celinda Alcivar,,Activo,,,No Solicitaron Macetas 
13,"Replantar en macetas, suculentas y pegado de numeros para entrega de obsequios a clientes / General",,General,Actividad,Business Center,254,254,"Replantar en macetas, suculentas y pegado de numeros para entrega de obsequios a clientes / General",0,18/09/2025,1,18/09/2025,VERDADERO,18/09/2025,0,Administracion,Celinda Alcivar,,Activo,,,No Solicitaron Macetas 
13,"Replantar en macetas, suculentas y pegado de numeros para entrega de obsequios a clientes / General",,General,Actividad,Business Center,231,231,"Replantar en macetas, suculentas y pegado de numeros para entrega de obsequios a clientes / General",0,26/08/2025,1,26/08/2025,VERDADERO,26/08/2025,0,Administracion,Celinda Alcivar,,Activo,,,No Solicitaron Macetas 
13,"Replantar en macetas, suculentas y pegado de numeros para entrega de obsequios a clientes / General",,General,Actividad,Business Center,219,219,"Replantar en macetas, suculentas y pegado de numeros para entrega de obsequios a clientes / General",0,14/08/2025,1,14/08/2025,VERDADERO,14/08/2025,0,Administracion,Celinda Alcivar,,Activo,,,No Solicitaron Macetas 
13,"Replantar en macetas, suculentas y pegado de numeros para entrega de obsequios a clientes / General",,General,Actividad,Business Center,251,251,"Replantar en macetas, suculentas y pegado de numeros para entrega de obsequios a clientes / General",0,15/09/2025,1,15/09/2025,VERDADERO,15/09/2025,0,Administracion,Celinda Alcivar,,Activo,,,
13,"Replantar en macetas, suculentas y pegado de numeros para entrega de obsequios a clientes / General",,General,Actividad,Business Center,259,259,"Replantar en macetas, suculentas y pegado de numeros para entrega de obsequios a clientes / General",0,23/09/2025,1,23/09/2025,VERDADERO,23/09/2025,0,Administracion,Celinda Alcivar,,Activo,,,
13,"Replantar en macetas, suculentas y pegado de numeros para entrega de obsequios a clientes / General",,General,Actividad,Business Center,258,258,"Replantar en macetas, suculentas y pegado de numeros para entrega de obsequios a clientes / General",0,22/09/2025,1,22/09/2025,VERDADERO,22/09/2025,0,Administracion,Celinda Alcivar,,Activo,,,No Solicitaron Macetas 
13,"Replantar en macetas, suculentas y pegado de numeros para entrega de obsequios a clientes / General",,General,Actividad,Business Center,249,249,"Replantar en macetas, suculentas y pegado de numeros para entrega de obsequios a clientes / General",0,13/09/2025,1,13/09/2025,VERDADERO,13/09/2025,0,Administracion,Celinda Alcivar,,Activo,,,
13,"Replantar en macetas, suculentas y pegado de numeros para entrega de obsequios a clientes / General",,General,Actividad,Business Center,268,268,"Replantar en macetas, suculentas y pegado de numeros para entrega de obsequios a clientes / General",0,02/10/2025,1,02/10/2025,VERDADERO,02/10/2025,0,Administracion,Celinda Alcivar,,Activo,,,
13,"Replantar en macetas, suculentas y pegado de numeros para entrega de obsequios a clientes / General",,General,Actividad,Business Center,266,266,"Replantar en macetas, suculentas y pegado de numeros para entrega de obsequios a clientes / General",0,30/09/2025,1,30/09/2025,VERDADERO,30/09/2025,0,Administracion,Celinda Alcivar,,Activo,,,No Solicitaron Macetas 
13,"Replantar en macetas, suculentas y pegado de numeros para entrega de obsequios a clientes / General",,General,Actividad,Business Center,262,262,"Replantar en macetas, suculentas y pegado de numeros para entrega de obsequios a clientes / General",0,26/09/2025,1,26/09/2025,VERDADERO,26/09/2025,0,Administracion,Celinda Alcivar,,Activo,,,No Solicitaron Macetas 
13,"Replantar en macetas, suculentas y pegado de numeros para entrega de obsequios a clientes / General",,General,Actividad,Business Center,272,272,"Replantar en macetas, suculentas y pegado de numeros para entrega de obsequios a clientes / General",0,06/10/2025,1,06/10/2025,VERDADERO,06/10/2025,0,Administracion,Celinda Alcivar,,Activo,,,
13,"Replantar en macetas, suculentas y pegado de numeros para entrega de obsequios a clientes / General",,General,Actividad,Business Center,277,277,"Replantar en macetas, suculentas y pegado de numeros para entrega de obsequios a clientes / General",0,11/10/2025,1,11/10/2025,VERDADERO,11/10/2025,0,Administracion,Celinda Alcivar,,Activo,,,No Solicitaron Macetas 
13,"Replantar en macetas, suculentas y pegado de numeros para entrega de obsequios a clientes / General",,General,Actividad,Business Center,276,276,"Replantar en macetas, suculentas y pegado de numeros para entrega de obsequios a clientes / General",0,10/10/2025,1,10/10/2025,VERDADERO,10/10/2025,0,Administracion,Celinda Alcivar,,Activo,,,Feriado 
13,"Replantar en macetas, suculentas y pegado de numeros para entrega de obsequios a clientes / General",,General,Actividad,Business Center,269,269,"Replantar en macetas, suculentas y pegado de numeros para entrega de obsequios a clientes / General",0,03/10/2025,1,03/10/2025,VERDADERO,03/10/2025,0,Administracion,Celinda Alcivar,,Activo,,,No Solicitaron Macetas 
13,"Replantar en macetas, suculentas y pegado de numeros para entrega de obsequios a clientes / General",,General,Actividad,Business Center,284,284,"Replantar en macetas, suculentas y pegado de numeros para entrega de obsequios a clientes / General",0,18/10/2025,1,18/10/2025,VERDADERO,18/10/2025,0,Administracion,Celinda Alcivar,,Activo,,,
13,"Replantar en macetas, suculentas y pegado de numeros para entrega de obsequios a clientes / General",,General,Actividad,Business Center,246,246,"Replantar en macetas, suculentas y pegado de numeros para entrega de obsequios a clientes / General",0,10/09/2025,1,10/09/2025,VERDADERO,10/09/2025,0,Administracion,Celinda Alcivar,,Activo,,,
13,"Replantar en macetas, suculentas y pegado de numeros para entrega de obsequios a clientes / General",,General,Actividad,Business Center,244,244,"Replantar en macetas, suculentas y pegado de numeros para entrega de obsequios a clientes / General",0,08/09/2025,1,08/09/2025,VERDADERO,08/09/2025,0,Administracion,Celinda Alcivar,,Activo,,,No Solicitaron Macetas 
13,"Replantar en macetas, suculentas y pegado de numeros para entrega de obsequios a clientes / General",,General,Actividad,Business Center,280,280,"Replantar en macetas, suculentas y pegado de numeros para entrega de obsequios a clientes / General",0,14/10/2025,1,14/10/2025,VERDADERO,14/10/2025,0,Administracion,Celinda Alcivar,,Activo,,,No Solicitaron Macetas 
13,"Replantar en macetas, suculentas y pegado de numeros para entrega de obsequios a clientes / General",,General,Actividad,Business Center,270,270,"Replantar en macetas, suculentas y pegado de numeros para entrega de obsequios a clientes / General",0,04/10/2025,1,04/10/2025,VERDADERO,04/10/2025,0,Administracion,Celinda Alcivar,,Activo,,,
13,"Replantar en macetas, suculentas y pegado de numeros para entrega de obsequios a clientes / General",,General,Actividad,Business Center,265,265,"Replantar en macetas, suculentas y pegado de numeros para entrega de obsequios a clientes / General",0,29/09/2025,1,29/09/2025,VERDADERO,29/09/2025,0,Administracion,Celinda Alcivar,,Activo,,,No Solicitaron Macetas 
13,"Replantar en macetas, suculentas y pegado de numeros para entrega de obsequios a clientes / General",,General,Actividad,Business Center,238,238,"Replantar en macetas, suculentas y pegado de numeros para entrega de obsequios a clientes / General",0,02/09/2025,1,02/09/2025,VERDADERO,02/09/2025,0,Administracion,Celinda Alcivar,,Activo,,,No Solicitaron Macetas 
13,"Replantar en macetas, suculentas y pegado de numeros para entrega de obsequios a clientes / General",,General,Actividad,Business Center,275,275,"Replantar en macetas, suculentas y pegado de numeros para entrega de obsequios a clientes / General",0,09/10/2025,1,09/10/2025,VERDADERO,09/10/2025,0,Administracion,Celinda Alcivar,,Activo,,,Feriado
13,"Replantar en macetas, suculentas y pegado de numeros para entrega de obsequios a clientes / General",,General,Actividad,Business Center,279,279,"Replantar en macetas, suculentas y pegado de numeros para entrega de obsequios a clientes / General",0,13/10/2025,1,13/10/2025,VERDADERO,13/10/2025,0,Administracion,Celinda Alcivar,,Activo,,,No Solicitaron Macetas 
13,"Replantar en macetas, suculentas y pegado de numeros para entrega de obsequios a clientes / General",,General,Actividad,Business Center,274,274,"Replantar en macetas, suculentas y pegado de numeros para entrega de obsequios a clientes / General",0,08/10/2025,1,08/10/2025,VERDADERO,08/10/2025,0,Administracion,Celinda Alcivar,,Activo,,,No Solicitaron Macetas 
13,"Replantar en macetas, suculentas y pegado de numeros para entrega de obsequios a clientes / General",,General,Actividad,Business Center,233,233,"Replantar en macetas, suculentas y pegado de numeros para entrega de obsequios a clientes / General",0,28/08/2025,1,28/08/2025,VERDADERO,28/08/2025,0,Administracion,Celinda Alcivar,,Activo,,,
13,"Replantar en macetas, suculentas y pegado de numeros para entrega de obsequios a clientes / General",,General,Actividad,Business Center,247,247,"Replantar en macetas, suculentas y pegado de numeros para entrega de obsequios a clientes / General",0,11/09/2025,1,11/09/2025,VERDADERO,11/09/2025,0,Administracion,Celinda Alcivar,,Activo,,,
13,"Replantar en macetas, suculentas y pegado de numeros para entrega de obsequios a clientes / General",,General,Actividad,Business Center,267,267,"Replantar en macetas, suculentas y pegado de numeros para entrega de obsequios a clientes / General",0,01/10/2025,1,01/10/2025,VERDADERO,01/10/2025,0,Administracion,Celinda Alcivar,,Activo,,,
13,"Replantar en macetas, suculentas y pegado de numeros para entrega de obsequios a clientes / General",,General,Actividad,Business Center,256,256,"Replantar en macetas, suculentas y pegado de numeros para entrega de obsequios a clientes / General",0,20/09/2025,1,20/09/2025,VERDADERO,20/09/2025,0,Administracion,Celinda Alcivar,,Activo,,,No Solicitaron Macetas 
13,"Replantar en macetas, suculentas y pegado de numeros para entrega de obsequios a clientes / General",,General,Actividad,Business Center,261,261,"Replantar en macetas, suculentas y pegado de numeros para entrega de obsequios a clientes / General",0,25/09/2025,1,25/09/2025,VERDADERO,25/09/2025,0,Administracion,Celinda Alcivar,,Activo,,,No Solicitaron Macetas 
13,"Replantar en macetas, suculentas y pegado de numeros para entrega de obsequios a clientes / General",,General,Actividad,Business Center,281,281,"Replantar en macetas, suculentas y pegado de numeros para entrega de obsequios a clientes / General",0,15/10/2025,1,15/10/2025,VERDADERO,15/10/2025,0,Administracion,Celinda Alcivar,,Activo,,,
13,"Replantar en macetas, suculentas y pegado de numeros para entrega de obsequios a clientes / General",,General,Actividad,Business Center,287,287,"Replantar en macetas, suculentas y pegado de numeros para entrega de obsequios a clientes / General",0,21/10/2025,1,21/10/2025,VERDADERO,21/10/2025,0,Administracion,Celinda Alcivar,,Activo,,,
13,"Replantar en macetas, suculentas y pegado de numeros para entrega de obsequios a clientes / General",,General,Actividad,Business Center,288,288,"Replantar en macetas, suculentas y pegado de numeros para entrega de obsequios a clientes / General",0,22/10/2025,1,22/10/2025,VERDADERO,22/10/2025,0,Administracion,Celinda Alcivar,,Activo,,,
13,"Replantar en macetas, suculentas y pegado de numeros para entrega de obsequios a clientes / General",,General,Actividad,Business Center,286,286,"Replantar en macetas, suculentas y pegado de numeros para entrega de obsequios a clientes / General",0,20/10/2025,1,20/10/2025,VERDADERO,20/10/2025,0,Administracion,Celinda Alcivar,,Activo,,,
13,"Replantar en macetas, suculentas y pegado de numeros para entrega de obsequios a clientes / General",,General,Actividad,Business Center,289,289,"Replantar en macetas, suculentas y pegado de numeros para entrega de obsequios a clientes / General",0,23/10/2025,1,23/10/2025,VERDADERO,23/10/2025,0,Administracion,Celinda Alcivar,,Activo,,,No Solicitaron Macetas 
13,"Replantar en macetas, suculentas y pegado de numeros para entrega de obsequios a clientes / General",,General,Actividad,Business Center,294,294,"Replantar en macetas, suculentas y pegado de numeros para entrega de obsequios a clientes / General",0,28/10/2025,1,28/10/2025,VERDADERO,28/10/2025,0,Administracion,Celinda Alcivar,,Activo,,,No Solicitaron Macetas 
13,"Replantar en macetas, suculentas y pegado de numeros para entrega de obsequios a clientes / General",,General,Actividad,Business Center,263,263,"Replantar en macetas, suculentas y pegado de numeros para entrega de obsequios a clientes / General",0,27/09/2025,1,27/09/2025,VERDADERO,27/09/2025,0,Administracion,Celinda Alcivar,,Activo,,,No Solicitaron Macetas 
13,"Replantar en macetas, suculentas y pegado de numeros para entrega de obsequios a clientes / General",,General,Actividad,Business Center,290,290,"Replantar en macetas, suculentas y pegado de numeros para entrega de obsequios a clientes / General",0,24/10/2025,1,24/10/2025,VERDADERO,24/10/2025,0,Administracion,Celinda Alcivar,,Activo,,,No Solicitaron Macetas 
13,"Replantar en macetas, suculentas y pegado de numeros para entrega de obsequios a clientes / General",,General,Actividad,Business Center,252,252,"Replantar en macetas, suculentas y pegado de numeros para entrega de obsequios a clientes / General",0,16/09/2025,1,16/09/2025,VERDADERO,16/09/2025,0,Administracion,Celinda Alcivar,,Activo,,,
13,"Replantar en macetas, suculentas y pegado de numeros para entrega de obsequios a clientes / General",,General,Actividad,Business Center,295,295,"Replantar en macetas, suculentas y pegado de numeros para entrega de obsequios a clientes / General",0,29/10/2025,1,29/10/2025,VERDADERO,29/10/2025,0,Administracion,Celinda Alcivar,,Activo,,,No Solicitaron Macetas 
13,"Replantar en macetas, suculentas y pegado de numeros para entrega de obsequios a clientes / General",,General,Actividad,Business Center,291,291,"Replantar en macetas, suculentas y pegado de numeros para entrega de obsequios a clientes / General",0,25/10/2025,1,25/10/2025,VERDADERO,25/10/2025,0,Administracion,Celinda Alcivar,,Activo,,,No Solicitaron Macetas 
13,"Replantar en macetas, suculentas y pegado de numeros para entrega de obsequios a clientes / General",,General,Actividad,Business Center,296,296,"Replantar en macetas, suculentas y pegado de numeros para entrega de obsequios a clientes / General",0,30/10/2025,1,30/10/2025,VERDADERO,30/10/2025,0,Administracion,Celinda Alcivar,,Activo,,,No Solicitaron Macetas 
13,"Replantar en macetas, suculentas y pegado de numeros para entrega de obsequios a clientes / General",,General,Actividad,Business Center,298,298,"Replantar en macetas, suculentas y pegado de numeros para entrega de obsequios a clientes / General",0,01/11/2025,1,01/11/2025,VERDADERO,01/11/2025,0,Administracion,Celinda Alcivar,,Activo,,,
13,"Replantar en macetas, suculentas y pegado de numeros para entrega de obsequios a clientes / General",,General,Actividad,Business Center,297,297,"Replantar en macetas, suculentas y pegado de numeros para entrega de obsequios a clientes / General",-1,31/10/2025,1,31/10/2025,VERDADERO,31/10/2025,0,Administracion,Celinda Alcivar,,Activo,,,
13,"Replantar en macetas, suculentas y pegado de numeros para entrega de obsequios a clientes / General",,General,Actividad,Business Center,255,255,"Replantar en macetas, suculentas y pegado de numeros para entrega de obsequios a clientes / General",0,19/09/2025,1,19/09/2025,VERDADERO,19/09/2025,0,Administracion,Celinda Alcivar,,Activo,,,
13,"Replantar en macetas, suculentas y pegado de numeros para entrega de obsequios a clientes / General",,General,Actividad,Business Center,273,273,"Replantar en macetas, suculentas y pegado de numeros para entrega de obsequios a clientes / General",0,07/10/2025,1,07/10/2025,VERDADERO,07/10/2025,0,Administracion,Celinda Alcivar,,Activo,,,No Solicitaron Macetas 
13,"Replantar en macetas, suculentas y pegado de numeros para entrega de obsequios a clientes / General",,General,Actividad,Business Center,283,283,"Replantar en macetas, suculentas y pegado de numeros para entrega de obsequios a clientes / General",0,17/10/2025,1,17/10/2025,VERDADERO,17/10/2025,0,Administracion,Celinda Alcivar,,Activo,,,
13,"Replantar en macetas, suculentas y pegado de numeros para entrega de obsequios a clientes / General",,General,Actividad,Business Center,303,303,"Replantar en macetas, suculentas y pegado de numeros para entrega de obsequios a clientes / General",0,06/11/2025,1,06/11/2025,VERDADERO,06/11/2025,0,Administracion,Celinda Alcivar,,Activo,,,No Solicitaron Macetas 
13,"Replantar en macetas, suculentas y pegado de numeros para entrega de obsequios a clientes / General",,General,Actividad,Business Center,307,307,"Replantar en macetas, suculentas y pegado de numeros para entrega de obsequios a clientes / General",0,10/11/2025,1,10/11/2025,VERDADERO,10/11/2025,0,Administracion,Celinda Alcivar,,Activo,,,No Solicitaron Macetas 
13,"Replantar en macetas, suculentas y pegado de numeros para entrega de obsequios a clientes / General",,General,Actividad,Business Center,302,302,"Replantar en macetas, suculentas y pegado de numeros para entrega de obsequios a clientes / General",0,05/11/2025,1,05/11/2025,VERDADERO,05/11/2025,0,Administracion,Celinda Alcivar,,Activo,,,No Solicitaron Macetas 
13,"Replantar en macetas, suculentas y pegado de numeros para entrega de obsequios a clientes / General",,General,Actividad,Business Center,309,309,"Replantar en macetas, suculentas y pegado de numeros para entrega de obsequios a clientes / General",0,12/11/2025,1,12/11/2025,VERDADERO,12/11/2025,0,Administracion,Celinda Alcivar,,Activo,,,No Solicitaron Macetas 
13,"Replantar en macetas, suculentas y pegado de numeros para entrega de obsequios a clientes / General",,General,Actividad,Business Center,314,314,"Replantar en macetas, suculentas y pegado de numeros para entrega de obsequios a clientes / General",0,17/11/2025,1,17/11/2025,VERDADERO,17/11/2025,0,Administracion,Celinda Alcivar,,Activo,,,No Solicitaron Macetas 
13,"Replantar en macetas, suculentas y pegado de numeros para entrega de obsequios a clientes / General",,General,Actividad,Business Center,305,305,"Replantar en macetas, suculentas y pegado de numeros para entrega de obsequios a clientes / General",0,08/11/2025,1,08/11/2025,VERDADERO,08/11/2025,0,Administracion,Celinda Alcivar,,Activo,,,
13,"Replantar en macetas, suculentas y pegado de numeros para entrega de obsequios a clientes / General",,General,Actividad,Business Center,304,304,"Replantar en macetas, suculentas y pegado de numeros para entrega de obsequios a clientes / General",0,07/11/2025,1,07/11/2025,VERDADERO,07/11/2025,0,Administracion,Celinda Alcivar,,Activo,,,
13,"Replantar en macetas, suculentas y pegado de numeros para entrega de obsequios a clientes / General",,General,Actividad,Business Center,310,310,"Replantar en macetas, suculentas y pegado de numeros para entrega de obsequios a clientes / General",0,13/11/2025,1,13/11/2025,VERDADERO,13/11/2025,0,Administracion,Celinda Alcivar,,Activo,,,No Solicitaron Macetas 
13,"Replantar en macetas, suculentas y pegado de numeros para entrega de obsequios a clientes / General",,General,Actividad,Business Center,311,311,"Replantar en macetas, suculentas y pegado de numeros para entrega de obsequios a clientes / General",0,14/11/2025,1,14/11/2025,VERDADERO,14/11/2025,0,Administracion,Celinda Alcivar,,Activo,,,
13,"Replantar en macetas, suculentas y pegado de numeros para entrega de obsequios a clientes / General",,General,Actividad,Business Center,282,282,"Replantar en macetas, suculentas y pegado de numeros para entrega de obsequios a clientes / General",0,16/10/2025,1,16/10/2025,VERDADERO,16/10/2025,0,Administracion,Celinda Alcivar,,Activo,,,No Solicitaron Macetas 
13,"Replantar en macetas, suculentas y pegado de numeros para entrega de obsequios a clientes / General",,General,Actividad,Business Center,312,312,"Replantar en macetas, suculentas y pegado de numeros para entrega de obsequios a clientes / General",0,15/11/2025,1,15/11/2025,VERDADERO,15/11/2025,0,Administracion,Celinda Alcivar,,Activo,,,
13,"Replantar en macetas, suculentas y pegado de numeros para entrega de obsequios a clientes / General",,General,Actividad,Business Center,315,315,"Replantar en macetas, suculentas y pegado de numeros para entrega de obsequios a clientes / General",0,18/11/2025,1,18/11/2025,VERDADERO,18/11/2025,0,Administracion,Celinda Alcivar,,Activo,,,No Solicitaron Macetas 
13,"Replantar en macetas, suculentas y pegado de numeros para entrega de obsequios a clientes / General",,General,Actividad,Business Center,317,317,"Replantar en macetas, suculentas y pegado de numeros para entrega de obsequios a clientes / General",0,20/11/2025,1,20/11/2025,VERDADERO,20/11/2025,0,Administracion,Celinda Alcivar,,Activo,,,No Solicitaron Macetas 
13,"Replantar en macetas, suculentas y pegado de numeros para entrega de obsequios a clientes / General",,General,Actividad,Business Center,322,322,"Replantar en macetas, suculentas y pegado de numeros para entrega de obsequios a clientes / General",0,25/11/2025,1,25/11/2025,VERDADERO,25/11/2025,0,Administracion,Celinda Alcivar,,Activo,,,No Solicitaron Macetas 
13,"Replantar en macetas, suculentas y pegado de numeros para entrega de obsequios a clientes / General",,General,Actividad,Business Center,319,319,"Replantar en macetas, suculentas y pegado de numeros para entrega de obsequios a clientes / General",0,22/11/2025,1,22/11/2025,VERDADERO,22/11/2025,0,Administracion,Celinda Alcivar,,Activo,,,No Solicitaron Macetas 
13,"Replantar en macetas, suculentas y pegado de numeros para entrega de obsequios a clientes / General",,General,Actividad,Business Center,318,318,"Replantar en macetas, suculentas y pegado de numeros para entrega de obsequios a clientes / General",0,21/11/2025,1,21/11/2025,VERDADERO,21/11/2025,0,Administracion,Celinda Alcivar,,Activo,,,
13,"Replantar en macetas, suculentas y pegado de numeros para entrega de obsequios a clientes / General",,General,Actividad,Business Center,321,321,"Replantar en macetas, suculentas y pegado de numeros para entrega de obsequios a clientes / General",0,24/11/2025,1,24/11/2025,VERDADERO,24/11/2025,0,Administracion,Celinda Alcivar,,Activo,,,No Solicitaron Macetas 
13,"Replantar en macetas, suculentas y pegado de numeros para entrega de obsequios a clientes / General",,General,Actividad,Business Center,300,300,"Replantar en macetas, suculentas y pegado de numeros para entrega de obsequios a clientes / General",0,03/11/2025,1,03/11/2025,VERDADERO,03/11/2025,0,Administracion,Celinda Alcivar,,Activo,,,Feriado 
13,"Replantar en macetas, suculentas y pegado de numeros para entrega de obsequios a clientes / General",,General,Actividad,Business Center,326,326,"Replantar en macetas, suculentas y pegado de numeros para entrega de obsequios a clientes / General",0,29/11/2025,1,29/11/2025,VERDADERO,29/11/2025,0,Administracion,Celinda Alcivar,,Activo,,,No Solicitaron Macetas 
13,"Replantar en macetas, suculentas y pegado de numeros para entrega de obsequios a clientes / General",,General,Actividad,Business Center,301,301,"Replantar en macetas, suculentas y pegado de numeros para entrega de obsequios a clientes / General",0,04/11/2025,1,04/11/2025,VERDADERO,04/11/2025,0,Administracion,Celinda Alcivar,,Activo,,,Feriado 
13,"Replantar en macetas, suculentas y pegado de numeros para entrega de obsequios a clientes / General",,General,Actividad,Business Center,316,316,"Replantar en macetas, suculentas y pegado de numeros para entrega de obsequios a clientes / General",0,19/11/2025,1,19/11/2025,VERDADERO,19/11/2025,0,Administracion,Celinda Alcivar,,Activo,,,
13,"Replantar en macetas, suculentas y pegado de numeros para entrega de obsequios a clientes / General",,General,Actividad,Business Center,293,293,"Replantar en macetas, suculentas y pegado de numeros para entrega de obsequios a clientes / General",0,27/10/2025,1,27/10/2025,VERDADERO,27/10/2025,0,Administracion,Celinda Alcivar,,Activo,,,No Solicitaron Macetas 
13,"Replantar en macetas, suculentas y pegado de numeros para entrega de obsequios a clientes / General",,General,Actividad,Business Center,325,325,"Replantar en macetas, suculentas y pegado de numeros para entrega de obsequios a clientes / General",0,28/11/2025,1,28/11/2025,VERDADERO,28/11/2025,0,Administracion,Celinda Alcivar,,Activo,,,No Solicitaron Macetas 
13,"Replantar en macetas, suculentas y pegado de numeros para entrega de obsequios a clientes / General",,General,Actividad,Business Center,332,332,"Replantar en macetas, suculentas y pegado de numeros para entrega de obsequios a clientes / General",0,05/12/2025,1,05/12/2025,VERDADERO,05/12/2025,0,Administracion,Celinda Alcivar,,Activo,,,No Solicitaron Macetas 
13,"Replantar en macetas, suculentas y pegado de numeros para entrega de obsequios a clientes / General",,General,Actividad,Business Center,323,323,"Replantar en macetas, suculentas y pegado de numeros para entrega de obsequios a clientes / General",0,26/11/2025,1,26/11/2025,VERDADERO,26/11/2025,0,Administracion,Celinda Alcivar,,Activo,,,No Solicitaron Macetas 
13,"Replantar en macetas, suculentas y pegado de numeros para entrega de obsequios a clientes / General",,General,Actividad,Business Center,333,333,"Replantar en macetas, suculentas y pegado de numeros para entrega de obsequios a clientes / General",0,06/12/2025,1,06/12/2025,VERDADERO,06/12/2025,0,Administracion,Celinda Alcivar,,Activo,,,No Solicitaron Macetas 
13,"Replantar en macetas, suculentas y pegado de numeros para entrega de obsequios a clientes / General",,General,Actividad,Business Center,329,329,"Replantar en macetas, suculentas y pegado de numeros para entrega de obsequios a clientes / General",0,02/12/2025,1,02/12/2025,VERDADERO,02/12/2025,0,Administracion,Celinda Alcivar,,Activo,,,No Solicitaron Macetas 
13,"Replantar en macetas, suculentas y pegado de numeros para entrega de obsequios a clientes / General",,General,Actividad,Business Center,335,335,"Replantar en macetas, suculentas y pegado de numeros para entrega de obsequios a clientes / General",0,08/12/2025,1,08/12/2025,VERDADERO,08/12/2025,0,Administracion,Celinda Alcivar,,Activo,,,
13,"Replantar en macetas, suculentas y pegado de numeros para entrega de obsequios a clientes / General",,General,Actividad,Business Center,324,324,"Replantar en macetas, suculentas y pegado de numeros para entrega de obsequios a clientes / General",0,27/11/2025,1,27/11/2025,VERDADERO,27/11/2025,0,Administracion,Celinda Alcivar,,Activo,,,No Solicitaron Macetas 
13,"Replantar en macetas, suculentas y pegado de numeros para entrega de obsequios a clientes / General",,General,Actividad,Business Center,308,308,"Replantar en macetas, suculentas y pegado de numeros para entrega de obsequios a clientes / General",0,11/11/2025,1,11/11/2025,VERDADERO,11/11/2025,0,Administracion,Celinda Alcivar,,Activo,,,No Solicitaron Macetas 
13,"Replantar en macetas, suculentas y pegado de numeros para entrega de obsequios a clientes / General",,General,Actividad,Business Center,331,331,"Replantar en macetas, suculentas y pegado de numeros para entrega de obsequios a clientes / General",0,04/12/2025,1,04/12/2025,VERDADERO,04/12/2025,0,Administracion,Celinda Alcivar,,Activo,,,No Solicitaron Macetas 
13,"Replantar en macetas, suculentas y pegado de numeros para entrega de obsequios a clientes / General",,General,Actividad,Business Center,336,336,"Replantar en macetas, suculentas y pegado de numeros para entrega de obsequios a clientes / General",0,09/12/2025,1,09/12/2025,VERDADERO,09/12/2025,0,Administracion,Celinda Alcivar,,Activo,,,
13,"Replantar en macetas, suculentas y pegado de numeros para entrega de obsequios a clientes / General",,General,Actividad,Business Center,342,342,"Replantar en macetas, suculentas y pegado de numeros para entrega de obsequios a clientes / General",0,15/12/2025,1,15/12/2025,VERDADERO,15/12/2025,0,Administracion,Celinda Alcivar,,Activo,,,No Solicitaron Macetas 
13,"Replantar en macetas, suculentas y pegado de numeros para entrega de obsequios a clientes / General",,General,Actividad,Business Center,337,337,"Replantar en macetas, suculentas y pegado de numeros para entrega de obsequios a clientes / General",0,10/12/2025,1,10/12/2025,VERDADERO,10/12/2025,0,Administracion,Celinda Alcivar,,Activo,,,No Solicitaron Macetas 
13,"Replantar en macetas, suculentas y pegado de numeros para entrega de obsequios a clientes / General",,General,Actividad,Business Center,328,328,"Replantar en macetas, suculentas y pegado de numeros para entrega de obsequios a clientes / General",0,01/12/2025,1,01/12/2025,VERDADERO,01/12/2025,0,Administracion,Celinda Alcivar,,Activo,,,No Solicitaron Macetas 
13,"Replantar en macetas, suculentas y pegado de numeros para entrega de obsequios a clientes / General",,General,Actividad,Business Center,339,339,"Replantar en macetas, suculentas y pegado de numeros para entrega de obsequios a clientes / General",-1,12/12/2025,1,12/12/2025,VERDADERO,12/12/2025,0,Administracion,Celinda Alcivar,,Activo,,,No Solicitaron Macetas 
13,"Replantar en macetas, suculentas y pegado de numeros para entrega de obsequios a clientes / General",,General,Actividad,Business Center,343,343,"Replantar en macetas, suculentas y pegado de numeros para entrega de obsequios a clientes / General",0,16/12/2025,1,16/12/2025,VERDADERO,16/12/2025,0,Administracion,Celinda Alcivar,,Activo,,,
13,"Replantar en macetas, suculentas y pegado de numeros para entrega de obsequios a clientes / General",,General,Actividad,Business Center,340,340,"Replantar en macetas, suculentas y pegado de numeros para entrega de obsequios a clientes / General",0,13/12/2025,1,13/12/2025,VERDADERO,13/12/2025,0,Administracion,Celinda Alcivar,,Activo,,,
13,"Replantar en macetas, suculentas y pegado de numeros para entrega de obsequios a clientes / General",,General,Actividad,Business Center,345,345,"Replantar en macetas, suculentas y pegado de numeros para entrega de obsequios a clientes / General",0,18/12/2025,1,18/12/2025,VERDADERO,18/12/2025,0,Administracion,Celinda Alcivar,,Activo,,,
13,"Replantar en macetas, suculentas y pegado de numeros para entrega de obsequios a clientes / General",,General,Actividad,Business Center,330,330,"Replantar en macetas, suculentas y pegado de numeros para entrega de obsequios a clientes / General",0,03/12/2025,1,03/12/2025,VERDADERO,03/12/2025,0,Administracion,Celinda Alcivar,,Activo,,,No Solicitaron Macetas 
13,"Replantar en macetas, suculentas y pegado de numeros para entrega de obsequios a clientes / General",,General,Actividad,Business Center,338,338,"Replantar en macetas, suculentas y pegado de numeros para entrega de obsequios a clientes / General",0,11/12/2025,1,11/12/2025,VERDADERO,11/12/2025,0,Administracion,Celinda Alcivar,,Activo,,,No Solicitaron Macetas 
13,"Replantar en macetas, suculentas y pegado de numeros para entrega de obsequios a clientes / General",,General,Actividad,Business Center,350,350,"Replantar en macetas, suculentas y pegado de numeros para entrega de obsequios a clientes / General",0,23/12/2025,1,23/12/2025,VERDADERO,23/12/2025,0,Administracion,Celinda Alcivar,,Activo,,,No Solicitaron Macetas 
13,"Replantar en macetas, suculentas y pegado de numeros para entrega de obsequios a clientes / General",,General,Actividad,Business Center,352,352,"Replantar en macetas, suculentas y pegado de numeros para entrega de obsequios a clientes / General",0,25/12/2025,1,25/12/2025,VERDADERO,25/12/2025,0,Administracion,Celinda Alcivar,,Activo,,,Feriado 
13,"Replantar en macetas, suculentas y pegado de numeros para entrega de obsequios a clientes / General",,General,Actividad,Business Center,349,349,"Replantar en macetas, suculentas y pegado de numeros para entrega de obsequios a clientes / General",0,22/12/2025,1,22/12/2025,VERDADERO,22/12/2025,0,Administracion,Celinda Alcivar,,Activo,,,No Solicitaron Macetas 
13,"Replantar en macetas, suculentas y pegado de numeros para entrega de obsequios a clientes / General",,General,Actividad,Business Center,346,346,"Replantar en macetas, suculentas y pegado de numeros para entrega de obsequios a clientes / General",0,19/12/2025,1,19/12/2025,VERDADERO,19/12/2025,0,Administracion,Celinda Alcivar,,Activo,,,No Solicitaron Macetas 
13,"Replantar en macetas, suculentas y pegado de numeros para entrega de obsequios a clientes / General",,General,Actividad,Business Center,354,354,"Replantar en macetas, suculentas y pegado de numeros para entrega de obsequios a clientes / General",0,27/12/2025,1,27/12/2025,VERDADERO,27/12/2025,0,Administracion,Celinda Alcivar,,Activo,,,No Solicitaron Macetas 
13,"Replantar en macetas, suculentas y pegado de numeros para entrega de obsequios a clientes / General",,General,Actividad,Business Center,356,356,"Replantar en macetas, suculentas y pegado de numeros para entrega de obsequios a clientes / General",0,29/12/2025,1,29/12/2025,VERDADERO,29/12/2025,0,Administracion,Celinda Alcivar,,Activo,,,
13,"Replantar en macetas, suculentas y pegado de numeros para entrega de obsequios a clientes / General",,General,Actividad,Business Center,351,351,"Replantar en macetas, suculentas y pegado de numeros para entrega de obsequios a clientes / General",0,24/12/2025,1,24/12/2025,VERDADERO,24/12/2025,0,Administracion,Celinda Alcivar,,Activo,,,No Solicitaron Macetas 
13,"Replantar en macetas, suculentas y pegado de numeros para entrega de obsequios a clientes / General",,General,Actividad,Business Center,357,357,"Replantar en macetas, suculentas y pegado de numeros para entrega de obsequios a clientes / General",0,30/12/2025,1,30/12/2025,VERDADERO,30/12/2025,0,Administracion,Celinda Alcivar,,Activo,,,No Solicitaron Macetas 
13,"Replantar en macetas, suculentas y pegado de numeros para entrega de obsequios a clientes / General",,General,Actividad,Business Center,347,347,"Replantar en macetas, suculentas y pegado de numeros para entrega de obsequios a clientes / General",0,20/12/2025,1,20/12/2025,VERDADERO,20/12/2025,0,Administracion,Celinda Alcivar,,Activo,,,No Solicitaron Macetas 
13,"Replantar en macetas, suculentas y pegado de numeros para entrega de obsequios a clientes / General",,General,Actividad,Business Center,344,344,"Replantar en macetas, suculentas y pegado de numeros para entrega de obsequios a clientes / General",0,17/12/2025,1,17/12/2025,VERDADERO,17/12/2025,0,Administracion,Celinda Alcivar,,Activo,,,Permiso de Ausencia 
13,"Replantar en macetas, suculentas y pegado de numeros para entrega de obsequios a clientes / General",,General,Actividad,Business Center,353,353,"Replantar en macetas, suculentas y pegado de numeros para entrega de obsequios a clientes / General",0,26/12/2025,1,26/12/2025,VERDADERO,26/12/2025,0,Administracion,Celinda Alcivar,,Activo,,,No Solicitaron Macetas 
14,Limpiar polvo de paredes Sala de Reuniones / Oficina Central,,Clave,Actividad,Business Center,7,7,Limpiar polvo de paredes Sala de Reuniones / Oficina Central,,07/01/2025,1,09/01/2025,VERDADERO,07/01/2025,-2,Administracion,Celinda Alcivar,,Activo,,,
14,Limpiar polvo de paredes Sala de Reuniones / Oficina Central,,Clave,Actividad,Business Center,14,14,Limpiar polvo de paredes Sala de Reuniones / Oficina Central,2,21/01/2025,1,23/01/2025,VERDADERO,21/01/2025,-2,Administracion,Celinda Alcivar,,Activo,,,
14,Limpiar polvo de paredes Sala de Reuniones / Oficina Central,,Clave,Actividad,Business Center,21,21,Limpiar polvo de paredes Sala de Reuniones / Oficina Central,1,28/01/2025,1,30/01/2025,VERDADERO,28/01/2025,-2,Administracion,Celinda Alcivar,,Activo,,,
14,Limpiar polvo de paredes Sala de Reuniones / Oficina Central,,Clave,Actividad,Business Center,42,42,Limpiar polvo de paredes Sala de Reuniones / Oficina Central,2,18/02/2025,1,20/02/2025,VERDADERO,18/02/2025,-2,Administracion,Celinda Alcivar,,Activo,,,
14,Limpiar polvo de paredes Sala de Reuniones / Oficina Central,,Clave,Actividad,Business Center,28,28,Limpiar polvo de paredes Sala de Reuniones / Oficina Central,2,04/02/2025,1,06/02/2025,VERDADERO,04/02/2025,-2,Administracion,Celinda Alcivar,,Activo,,,
14,Limpiar polvo de paredes Sala de Reuniones / Oficina Central,,Clave,Actividad,Business Center,70,70,Limpiar polvo de paredes Sala de Reuniones / Oficina Central,2,18/03/2025,1,20/03/2025,VERDADERO,18/03/2025,-2,Administracion,Celinda Alcivar,,Activo,,,
14,Limpiar polvo de paredes Sala de Reuniones / Oficina Central,,Clave,Actividad,Business Center,49,49,Limpiar polvo de paredes Sala de Reuniones / Oficina Central,2,25/02/2025,1,27/02/2025,VERDADERO,25/02/2025,-2,Administracion,Celinda Alcivar,,Activo,,,
14,Limpiar polvo de paredes Sala de Reuniones / Oficina Central,,Clave,Actividad,Business Center,35,35,Limpiar polvo de paredes Sala de Reuniones / Oficina Central,2,11/02/2025,1,13/02/2025,VERDADERO,11/02/2025,-2,Administracion,Celinda Alcivar,,Activo,,,
14,Limpiar polvo de paredes Sala de Reuniones / Oficina Central,,Clave,Actividad,Business Center,84,84,Limpiar polvo de paredes Sala de Reuniones / Oficina Central,,01/04/2025,1,03/04/2025,VERDADERO,01/04/2025,-2,Administracion,Celinda Alcivar,,Activo,,,
14,Limpiar polvo de paredes Sala de Reuniones / Oficina Central,,Clave,Actividad,Business Center,77,77,Limpiar polvo de paredes Sala de Reuniones / Oficina Central,2,25/03/2025,1,27/03/2025,VERDADERO,25/03/2025,-2,Administracion,Celinda Alcivar,,Activo,,,
14,Limpiar polvo de paredes Sala de Reuniones / Oficina Central,,Clave,Actividad,Business Center,126,126,Limpiar polvo de paredes Sala de Reuniones / Oficina Central,2,13/05/2025,1,15/05/2025,VERDADERO,13/05/2025,-2,Administracion,Celinda Alcivar,,Activo,,,
14,Limpiar polvo de paredes Sala de Reuniones / Oficina Central,,Clave,Actividad,Business Center,175,175,Limpiar polvo de paredes Sala de Reuniones / Oficina Central,2,01/07/2025,1,03/07/2025,VERDADERO,01/07/2025,-2,Administracion,Celinda Alcivar,,Activo,,,
14,Limpiar polvo de paredes Sala de Reuniones / Oficina Central,,Clave,Actividad,Business Center,91,91,Limpiar polvo de paredes Sala de Reuniones / Oficina Central,2,08/04/2025,1,10/04/2025,VERDADERO,08/04/2025,-2,Administracion,Celinda Alcivar,,Activo,,,
14,Limpiar polvo de paredes Sala de Reuniones / Oficina Central,,Clave,Actividad,Business Center,112,112,Limpiar polvo de paredes Sala de Reuniones / Oficina Central,2,29/04/2025,1,01/05/2025,VERDADERO,29/04/2025,-2,Administracion,Celinda Alcivar,,Activo,,,
14,Limpiar polvo de paredes Sala de Reuniones / Oficina Central,,Clave,Actividad,Business Center,238,238,Limpiar polvo de paredes Sala de Reuniones / Oficina Central,2,02/09/2025,1,04/09/2025,VERDADERO,02/09/2025,-2,Administracion,Celinda Alcivar,,Activo,,,
14,Limpiar polvo de paredes Sala de Reuniones / Oficina Central,,Clave,Actividad,Business Center,182,182,Limpiar polvo de paredes Sala de Reuniones / Oficina Central,2,08/07/2025,1,10/07/2025,VERDADERO,08/07/2025,-2,Administracion,Celinda Alcivar,,Activo,,,
14,Limpiar polvo de paredes Sala de Reuniones / Oficina Central,,Clave,Actividad,Business Center,266,266,Limpiar polvo de paredes Sala de Reuniones / Oficina Central,2,30/09/2025,1,02/10/2025,VERDADERO,30/09/2025,-2,Administracion,Celinda Alcivar,,Activo,,,
14,Limpiar polvo de paredes Sala de Reuniones / Oficina Central,,Clave,Actividad,Business Center,147,147,Limpiar polvo de paredes Sala de Reuniones / Oficina Central,2,03/06/2025,1,05/06/2025,VERDADERO,03/06/2025,-2,Administracion,Celinda Alcivar,,Activo,,,
14,Limpiar polvo de paredes Sala de Reuniones / Oficina Central,,Clave,Actividad,Business Center,203,203,Limpiar polvo de paredes Sala de Reuniones / Oficina Central,2,29/07/2025,1,31/07/2025,VERDADERO,29/07/2025,-2,Administracion,Celinda Alcivar,,Activo,,,
14,Limpiar polvo de paredes Sala de Reuniones / Oficina Central,,Clave,Actividad,Business Center,140,140,Limpiar polvo de paredes Sala de Reuniones / Oficina Central,2,27/05/2025,1,29/05/2025,VERDADERO,27/05/2025,-2,Administracion,Celinda Alcivar,,Activo,,,
14,Limpiar polvo de paredes Sala de Reuniones / Oficina Central,,Clave,Actividad,Business Center,154,154,Limpiar polvo de paredes Sala de Reuniones / Oficina Central,2,10/06/2025,1,12/06/2025,VERDADERO,10/06/2025,-2,Administracion,Celinda Alcivar,,Activo,,,
14,Limpiar polvo de paredes Sala de Reuniones / Oficina Central,,Clave,Actividad,Business Center,161,161,Limpiar polvo de paredes Sala de Reuniones / Oficina Central,2,17/06/2025,1,19/06/2025,VERDADERO,17/06/2025,-2,Administracion,Celinda Alcivar,,Activo,,,
14,Limpiar polvo de paredes Sala de Reuniones / Oficina Central,,Clave,Actividad,Business Center,168,168,Limpiar polvo de paredes Sala de Reuniones / Oficina Central,2,24/06/2025,1,26/06/2025,VERDADERO,24/06/2025,-2,Administracion,Celinda Alcivar,,Activo,,,
14,Limpiar polvo de paredes Sala de Reuniones / Oficina Central,,Clave,Actividad,Business Center,273,273,Limpiar polvo de paredes Sala de Reuniones / Oficina Central,2,07/10/2025,1,09/10/2025,VERDADERO,07/10/2025,-2,Administracion,Celinda Alcivar,,Activo,,,
14,Limpiar polvo de paredes Sala de Reuniones / Oficina Central,,Clave,Actividad,Business Center,315,315,Limpiar polvo de paredes Sala de Reuniones / Oficina Central,2,18/11/2025,1,20/11/2025,VERDADERO,18/11/2025,-2,Administracion,Celinda Alcivar,,Activo,,,
14,Limpiar polvo de paredes Sala de Reuniones / Oficina Central,,Clave,Actividad,Business Center,322,322,Limpiar polvo de paredes Sala de Reuniones / Oficina Central,2,25/11/2025,1,27/11/2025,VERDADERO,25/11/2025,-2,Administracion,Celinda Alcivar,,Activo,,,
14,Limpiar polvo de paredes Sala de Reuniones / Oficina Central,,Clave,Actividad,Business Center,245,245,Limpiar polvo de paredes Sala de Reuniones / Oficina Central,2,09/09/2025,1,11/09/2025,VERDADERO,09/09/2025,-2,Administracion,Celinda Alcivar,,Activo,,,
14,Limpiar polvo de paredes Sala de Reuniones / Oficina Central,,Clave,Actividad,Business Center,336,336,Limpiar polvo de paredes Sala de Reuniones / Oficina Central,2,09/12/2025,1,11/12/2025,VERDADERO,09/12/2025,-2,Administracion,Celinda Alcivar,,Activo,,,
14,Limpiar polvo de paredes Sala de Reuniones / Oficina Central,,Clave,Actividad,Business Center,301,301,Limpiar polvo de paredes Sala de Reuniones / Oficina Central,2,04/11/2025,1,06/11/2025,VERDADERO,04/11/2025,-2,Administracion,Celinda Alcivar,,Activo,,,Feriado 
14,Limpiar polvo de paredes Sala de Reuniones / Oficina Central,,Clave,Actividad,Business Center,357,357,Limpiar polvo de paredes Sala de Reuniones / Oficina Central,2,30/12/2025,1,01/01/2026,VERDADERO,30/12/2025,-2,Administracion,Celinda Alcivar,,Activo,,,
14,Limpiar polvo de paredes Sala de Reuniones / Oficina Central,,Clave,Actividad,Business Center,224,224,Limpiar polvo de paredes Sala de Reuniones / Oficina Central,2,19/08/2025,1,21/08/2025,VERDADERO,19/08/2025,-2,Administracion,Celinda Alcivar,,Activo,,,
14,Limpiar polvo de paredes Sala de Reuniones / Oficina Central,,Clave,Actividad,Business Center,189,189,Limpiar polvo de paredes Sala de Reuniones / Oficina Central,2,15/07/2025,1,17/07/2025,VERDADERO,15/07/2025,-2,Administracion,Celinda Alcivar,,Activo,,,
14,Limpiar polvo de paredes Sala de Reuniones / Oficina Central,,Clave,Actividad,Business Center,259,259,Limpiar polvo de paredes Sala de Reuniones / Oficina Central,2,23/09/2025,1,25/09/2025,VERDADERO,23/09/2025,-2,Administracion,Celinda Alcivar,,Activo,,,
14,Limpiar polvo de paredes Sala de Reuniones / Oficina Central,,Clave,Actividad,Business Center,196,196,Limpiar polvo de paredes Sala de Reuniones / Oficina Central,2,22/07/2025,1,24/07/2025,VERDADERO,22/07/2025,-2,Administracion,Celinda Alcivar,,Activo,,,
14,Limpiar polvo de paredes Sala de Reuniones / Oficina Central,,Clave,Actividad,Business Center,308,308,Limpiar polvo de paredes Sala de Reuniones / Oficina Central,2,11/11/2025,1,13/11/2025,VERDADERO,11/11/2025,-2,Administracion,Celinda Alcivar,,Activo,,,
14,Limpiar polvo de paredes Sala de Reuniones / Oficina Central,,Clave,Actividad,Business Center,231,231,Limpiar polvo de paredes Sala de Reuniones / Oficina Central,2,26/08/2025,1,28/08/2025,VERDADERO,26/08/2025,-2,Administracion,Celinda Alcivar,,Activo,,,
14,Limpiar polvo de paredes Sala de Reuniones / Oficina Central,,Clave,Actividad,Business Center,105,105,Limpiar polvo de paredes Sala de Reuniones / Oficina Central,2,22/04/2025,1,24/04/2025,VERDADERO,22/04/2025,-2,Administracion,Celinda Alcivar,,Activo,,,
14,Limpiar polvo de paredes Sala de Reuniones / Oficina Central,,Clave,Actividad,Business Center,280,280,Limpiar polvo de paredes Sala de Reuniones / Oficina Central,2,14/10/2025,1,16/10/2025,VERDADERO,14/10/2025,-2,Administracion,Celinda Alcivar,,Activo,,,
14,Limpiar polvo de paredes Sala de Reuniones / Oficina Central,,Clave,Actividad,Business Center,287,287,Limpiar polvo de paredes Sala de Reuniones / Oficina Central,2,21/10/2025,1,23/10/2025,VERDADERO,21/10/2025,-2,Administracion,Celinda Alcivar,,Activo,,,
14,Limpiar polvo de paredes Sala de Reuniones / Oficina Central,,Clave,Actividad,Business Center,217,217,Limpiar polvo de paredes Sala de Reuniones / Oficina Central,2,12/08/2025,1,14/08/2025,VERDADERO,12/08/2025,-2,Administracion,Celinda Alcivar,,Activo,,,
14,Limpiar polvo de paredes Sala de Reuniones / Oficina Central,,Clave,Actividad,Business Center,98,98,Limpiar polvo de paredes Sala de Reuniones / Oficina Central,2,15/04/2025,1,17/04/2025,VERDADERO,15/04/2025,-2,Administracion,Celinda Alcivar,,Activo,,,
14,Limpiar polvo de paredes Sala de Reuniones / Oficina Central,,Clave,Actividad,Business Center,343,343,Limpiar polvo de paredes Sala de Reuniones / Oficina Central,2,16/12/2025,1,18/12/2025,VERDADERO,16/12/2025,-2,Administracion,Celinda Alcivar,,Activo,,,
14,Limpiar polvo de paredes Sala de Reuniones / Oficina Central,,Clave,Actividad,Business Center,210,210,Limpiar polvo de paredes Sala de Reuniones / Oficina Central,2,05/08/2025,1,07/08/2025,VERDADERO,05/08/2025,-2,Administracion,Celinda Alcivar,,Activo,,,
14,Limpiar polvo de paredes Sala de Reuniones / Oficina Central,,Clave,Actividad,Business Center,329,329,Limpiar polvo de paredes Sala de Reuniones / Oficina Central,2,02/12/2025,1,04/12/2025,VERDADERO,02/12/2025,-2,Administracion,Celinda Alcivar,,Activo,,,
14,Limpiar polvo de paredes Sala de Reuniones / Oficina Central,,Clave,Actividad,Business Center,252,252,Limpiar polvo de paredes Sala de Reuniones / Oficina Central,2,16/09/2025,1,18/09/2025,VERDADERO,16/09/2025,-2,Administracion,Celinda Alcivar,,Activo,,,
14,Limpiar polvo de paredes Sala de Reuniones / Oficina Central,,Clave,Actividad,Business Center,133,133,Limpiar polvo de paredes Sala de Reuniones / Oficina Central,2,20/05/2025,1,22/05/2025,VERDADERO,20/05/2025,-2,Administracion,Celinda Alcivar,,Activo,,,
14,Limpiar polvo de paredes Sala de Reuniones / Oficina Central,,Clave,Actividad,Business Center,294,294,Limpiar polvo de paredes Sala de Reuniones / Oficina Central,2,28/10/2025,1,30/10/2025,VERDADERO,28/10/2025,-2,Administracion,Celinda Alcivar,,Activo,,,
14,Limpiar polvo de paredes Sala de Reuniones / Oficina Central,,Clave,Actividad,Business Center,63,63,Limpiar polvo de paredes Sala de Reuniones / Oficina Central,2,11/03/2025,1,13/03/2025,VERDADERO,11/03/2025,-2,Administracion,Celinda Alcivar,,Activo,,,
14,Limpiar polvo de paredes Sala de Reuniones / Oficina Central,,Clave,Actividad,Business Center,119,119,Limpiar polvo de paredes Sala de Reuniones / Oficina Central,2,06/05/2025,1,08/05/2025,VERDADERO,06/05/2025,-2,Administracion,Celinda Alcivar,,Activo,,,
14,Limpiar polvo de paredes Sala de Reuniones / Oficina Central,,Clave,Actividad,Business Center,350,350,Limpiar polvo de paredes Sala de Reuniones / Oficina Central,2,23/12/2025,1,25/12/2025,VERDADERO,23/12/2025,-2,Administracion,Celinda Alcivar,,Activo,,,
15,Limpiar polvo de paredes y divisiones baños / Oficina Central ,,Clave,Actividad,Business Center,6,6,Limpiar polvo de paredes y divisiones baños / Oficina Central ,,06/01/2025,1,08/01/2025,VERDADERO,06/01/2025,-2,Administracion,Celinda Alcivar,,Activo,,,
15,Limpiar polvo de paredes y divisiones baños / Oficina Central ,,Clave,Actividad,Business Center,27,27,Limpiar polvo de paredes y divisiones baños / Oficina Central ,1,03/02/2025,1,05/02/2025,VERDADERO,03/02/2025,-2,Administracion,Celinda Alcivar,,Activo,,,
15,Limpiar polvo de paredes y divisiones baños / Oficina Central ,,Clave,Actividad,Business Center,41,41,Limpiar polvo de paredes y divisiones baños / Oficina Central ,2,17/02/2025,1,19/02/2025,VERDADERO,17/02/2025,-2,Administracion,Celinda Alcivar,,Activo,,,
15,Limpiar polvo de paredes y divisiones baños / Oficina Central ,,Clave,Actividad,Business Center,69,69,Limpiar polvo de paredes y divisiones baños / Oficina Central ,2,17/03/2025,1,19/03/2025,VERDADERO,17/03/2025,-2,Administracion,Celinda Alcivar,,Activo,,,
15,Limpiar polvo de paredes y divisiones baños / Oficina Central ,,Clave,Actividad,Business Center,20,20,Limpiar polvo de paredes y divisiones baños / Oficina Central ,1,27/01/2025,1,29/01/2025,VERDADERO,27/01/2025,-2,Administracion,Celinda Alcivar,,Activo,,,
15,Limpiar polvo de paredes y divisiones baños / Oficina Central ,,Clave,Actividad,Business Center,76,76,Limpiar polvo de paredes y divisiones baños / Oficina Central ,2,24/03/2025,1,26/03/2025,VERDADERO,24/03/2025,-2,Administracion,Celinda Alcivar,,Activo,,,
15,Limpiar polvo de paredes y divisiones baños / Oficina Central ,,Clave,Actividad,Business Center,48,48,Limpiar polvo de paredes y divisiones baños / Oficina Central ,2,24/02/2025,1,26/02/2025,VERDADERO,24/02/2025,-2,Administracion,Celinda Alcivar,,Activo,,,
15,Limpiar polvo de paredes y divisiones baños / Oficina Central ,,Clave,Actividad,Business Center,34,34,Limpiar polvo de paredes y divisiones baños / Oficina Central ,2,10/02/2025,1,12/02/2025,VERDADERO,10/02/2025,-2,Administracion,Celinda Alcivar,,Activo,,,
15,Limpiar polvo de paredes y divisiones baños / Oficina Central ,,Clave,Actividad,Business Center,13,13,Limpiar polvo de paredes y divisiones baños / Oficina Central ,,20/01/2025,1,22/01/2025,VERDADERO,20/01/2025,-2,Administracion,Celinda Alcivar,,Activo,,,
15,Limpiar polvo de paredes y divisiones baños / Oficina Central ,,Clave,Actividad,Business Center,132,132,Limpiar polvo de paredes y divisiones baños / Oficina Central ,2,19/05/2025,1,21/05/2025,VERDADERO,19/05/2025,-2,Administracion,Celinda Alcivar,,Activo,,,
15,Limpiar polvo de paredes y divisiones baños / Oficina Central ,,Clave,Actividad,Business Center,90,90,Limpiar polvo de paredes y divisiones baños / Oficina Central ,2,07/04/2025,1,09/04/2025,VERDADERO,07/04/2025,-2,Administracion,Celinda Alcivar,,Activo,,,
15,Limpiar polvo de paredes y divisiones baños / Oficina Central ,,Clave,Actividad,Business Center,146,146,Limpiar polvo de paredes y divisiones baños / Oficina Central ,2,02/06/2025,1,04/06/2025,VERDADERO,02/06/2025,-2,Administracion,Celinda Alcivar,,Activo,,,
15,Limpiar polvo de paredes y divisiones baños / Oficina Central ,,Clave,Actividad,Business Center,83,83,Limpiar polvo de paredes y divisiones baños / Oficina Central ,,31/03/2025,1,02/04/2025,VERDADERO,31/03/2025,-2,Administracion,Celinda Alcivar,,Activo,,,
15,Limpiar polvo de paredes y divisiones baños / Oficina Central ,,Clave,Actividad,Business Center,167,167,Limpiar polvo de paredes y divisiones baños / Oficina Central ,2,23/06/2025,1,25/06/2025,VERDADERO,23/06/2025,-2,Administracion,Celinda Alcivar,,Activo,,,
15,Limpiar polvo de paredes y divisiones baños / Oficina Central ,,Clave,Actividad,Business Center,181,181,Limpiar polvo de paredes y divisiones baños / Oficina Central ,2,07/07/2025,1,09/07/2025,VERDADERO,07/07/2025,-2,Administracion,Celinda Alcivar,,Activo,,,
15,Limpiar polvo de paredes y divisiones baños / Oficina Central ,,Clave,Actividad,Business Center,62,62,Limpiar polvo de paredes y divisiones baños / Oficina Central ,2,10/03/2025,1,12/03/2025,VERDADERO,10/03/2025,-2,Administracion,Celinda Alcivar,,Activo,,,
15,Limpiar polvo de paredes y divisiones baños / Oficina Central ,,Clave,Actividad,Business Center,209,209,Limpiar polvo de paredes y divisiones baños / Oficina Central ,2,04/08/2025,1,06/08/2025,VERDADERO,04/08/2025,-2,Administracion,Celinda Alcivar,,Activo,,,
15,Limpiar polvo de paredes y divisiones baños / Oficina Central ,,Clave,Actividad,Business Center,279,279,Limpiar polvo de paredes y divisiones baños / Oficina Central ,2,13/10/2025,1,15/10/2025,VERDADERO,13/10/2025,-2,Administracion,Celinda Alcivar,,Activo,,,
15,Limpiar polvo de paredes y divisiones baños / Oficina Central ,,Clave,Actividad,Business Center,293,293,Limpiar polvo de paredes y divisiones baños / Oficina Central ,2,27/10/2025,1,29/10/2025,VERDADERO,27/10/2025,-2,Administracion,Celinda Alcivar,,Activo,,,
15,Limpiar polvo de paredes y divisiones baños / Oficina Central ,,Clave,Actividad,Business Center,265,265,Limpiar polvo de paredes y divisiones baños / Oficina Central ,2,29/09/2025,1,01/10/2025,VERDADERO,29/09/2025,-2,Administracion,Celinda Alcivar,,Activo,,,
15,Limpiar polvo de paredes y divisiones baños / Oficina Central ,,Clave,Actividad,Business Center,202,202,Limpiar polvo de paredes y divisiones baños / Oficina Central ,2,28/07/2025,1,30/07/2025,VERDADERO,28/07/2025,-2,Administracion,Celinda Alcivar,,Activo,,,
15,Limpiar polvo de paredes y divisiones baños / Oficina Central ,,Clave,Actividad,Business Center,139,139,Limpiar polvo de paredes y divisiones baños / Oficina Central ,2,26/05/2025,1,28/05/2025,VERDADERO,26/05/2025,-2,Administracion,Celinda Alcivar,,Activo,,,
15,Limpiar polvo de paredes y divisiones baños / Oficina Central ,,Clave,Actividad,Business Center,97,97,Limpiar polvo de paredes y divisiones baños / Oficina Central ,2,14/04/2025,1,16/04/2025,VERDADERO,14/04/2025,-2,Administracion,Celinda Alcivar,,Activo,,,
15,Limpiar polvo de paredes y divisiones baños / Oficina Central ,,Clave,Actividad,Business Center,125,125,Limpiar polvo de paredes y divisiones baños / Oficina Central ,2,12/05/2025,1,14/05/2025,VERDADERO,12/05/2025,-2,Administracion,Celinda Alcivar,,Activo,,,
15,Limpiar polvo de paredes y divisiones baños / Oficina Central ,,Clave,Actividad,Business Center,160,160,Limpiar polvo de paredes y divisiones baños / Oficina Central ,2,16/06/2025,1,18/06/2025,VERDADERO,16/06/2025,-2,Administracion,Celinda Alcivar,,Activo,,,
15,Limpiar polvo de paredes y divisiones baños / Oficina Central ,,Clave,Actividad,Business Center,237,237,Limpiar polvo de paredes y divisiones baños / Oficina Central ,2,01/09/2025,1,03/09/2025,VERDADERO,01/09/2025,-2,Administracion,Celinda Alcivar,,Activo,,,
15,Limpiar polvo de paredes y divisiones baños / Oficina Central ,,Clave,Actividad,Business Center,258,258,Limpiar polvo de paredes y divisiones baños / Oficina Central ,2,22/09/2025,1,24/09/2025,VERDADERO,22/09/2025,-2,Administracion,Celinda Alcivar,,Activo,,,
15,Limpiar polvo de paredes y divisiones baños / Oficina Central ,,Clave,Actividad,Business Center,286,286,Limpiar polvo de paredes y divisiones baños / Oficina Central ,2,20/10/2025,1,22/10/2025,VERDADERO,20/10/2025,-2,Administracion,Celinda Alcivar,,Activo,,,
15,Limpiar polvo de paredes y divisiones baños / Oficina Central ,,Clave,Actividad,Business Center,272,272,Limpiar polvo de paredes y divisiones baños / Oficina Central ,2,06/10/2025,1,08/10/2025,VERDADERO,06/10/2025,-2,Administracion,Celinda Alcivar,,Activo,,,
15,Limpiar polvo de paredes y divisiones baños / Oficina Central ,,Clave,Actividad,Business Center,300,300,Limpiar polvo de paredes y divisiones baños / Oficina Central ,2,03/11/2025,1,05/11/2025,VERDADERO,03/11/2025,-2,Administracion,Celinda Alcivar,,Activo,,,Feriado 
15,Limpiar polvo de paredes y divisiones baños / Oficina Central ,,Clave,Actividad,Business Center,244,244,Limpiar polvo de paredes y divisiones baños / Oficina Central ,2,08/09/2025,1,10/09/2025,VERDADERO,08/09/2025,-2,Administracion,Celinda Alcivar,,Activo,,,
15,Limpiar polvo de paredes y divisiones baños / Oficina Central ,,Clave,Actividad,Business Center,230,230,Limpiar polvo de paredes y divisiones baños / Oficina Central ,2,25/08/2025,1,27/08/2025,VERDADERO,25/08/2025,-2,Administracion,Celinda Alcivar,,Activo,,,
15,Limpiar polvo de paredes y divisiones baños / Oficina Central ,,Clave,Actividad,Business Center,118,118,Limpiar polvo de paredes y divisiones baños / Oficina Central ,2,05/05/2025,1,07/05/2025,VERDADERO,05/05/2025,-2,Administracion,Celinda Alcivar,,Activo,,,
15,Limpiar polvo de paredes y divisiones baños / Oficina Central ,,Clave,Actividad,Business Center,188,188,Limpiar polvo de paredes y divisiones baños / Oficina Central ,2,14/07/2025,1,16/07/2025,VERDADERO,14/07/2025,-2,Administracion,Celinda Alcivar,,Activo,,,
15,Limpiar polvo de paredes y divisiones baños / Oficina Central ,,Clave,Actividad,Business Center,195,195,Limpiar polvo de paredes y divisiones baños / Oficina Central ,2,21/07/2025,1,23/07/2025,VERDADERO,21/07/2025,-2,Administracion,Celinda Alcivar,,Activo,,,
15,Limpiar polvo de paredes y divisiones baños / Oficina Central ,,Clave,Actividad,Business Center,307,307,Limpiar polvo de paredes y divisiones baños / Oficina Central ,2,10/11/2025,1,12/11/2025,VERDADERO,10/11/2025,-2,Administracion,Celinda Alcivar,,Activo,,,
15,Limpiar polvo de paredes y divisiones baños / Oficina Central ,,Clave,Actividad,Business Center,153,153,Limpiar polvo de paredes y divisiones baños / Oficina Central ,2,09/06/2025,1,11/06/2025,VERDADERO,09/06/2025,-2,Administracion,Celinda Alcivar,,Activo,,,
15,Limpiar polvo de paredes y divisiones baños / Oficina Central ,,Clave,Actividad,Business Center,104,104,Limpiar polvo de paredes y divisiones baños / Oficina Central ,2,21/04/2025,1,23/04/2025,VERDADERO,21/04/2025,-2,Administracion,Celinda Alcivar,,Activo,,,
15,Limpiar polvo de paredes y divisiones baños / Oficina Central ,,Clave,Actividad,Business Center,314,314,Limpiar polvo de paredes y divisiones baños / Oficina Central ,2,17/11/2025,1,19/11/2025,VERDADERO,17/11/2025,-2,Administracion,Celinda Alcivar,,Activo,,,
15,Limpiar polvo de paredes y divisiones baños / Oficina Central ,,Clave,Actividad,Business Center,223,223,Limpiar polvo de paredes y divisiones baños / Oficina Central ,2,18/08/2025,1,20/08/2025,VERDADERO,18/08/2025,-2,Administracion,Celinda Alcivar,,Activo,,,
15,Limpiar polvo de paredes y divisiones baños / Oficina Central ,,Clave,Actividad,Business Center,111,111,Limpiar polvo de paredes y divisiones baños / Oficina Central ,2,28/04/2025,1,30/04/2025,VERDADERO,28/04/2025,-2,Administracion,Celinda Alcivar,,Activo,,,
15,Limpiar polvo de paredes y divisiones baños / Oficina Central ,,Clave,Actividad,Business Center,251,251,Limpiar polvo de paredes y divisiones baños / Oficina Central ,2,15/09/2025,1,17/09/2025,VERDADERO,15/09/2025,-2,Administracion,Celinda Alcivar,,Activo,,,
15,Limpiar polvo de paredes y divisiones baños / Oficina Central ,,Clave,Actividad,Business Center,342,342,Limpiar polvo de paredes y divisiones baños / Oficina Central ,2,15/12/2025,1,17/12/2025,VERDADERO,15/12/2025,-2,Administracion,Celinda Alcivar,,Activo,,,
15,Limpiar polvo de paredes y divisiones baños / Oficina Central ,,Clave,Actividad,Business Center,321,321,Limpiar polvo de paredes y divisiones baños / Oficina Central ,2,24/11/2025,1,26/11/2025,VERDADERO,24/11/2025,-2,Administracion,Celinda Alcivar,,Activo,,,
15,Limpiar polvo de paredes y divisiones baños / Oficina Central ,,Clave,Actividad,Business Center,216,216,Limpiar polvo de paredes y divisiones baños / Oficina Central ,1,11/08/2025,1,13/08/2025,VERDADERO,11/08/2025,-2,Administracion,Celinda Alcivar,,Activo,,,Feriado 
15,Limpiar polvo de paredes y divisiones baños / Oficina Central ,,Clave,Actividad,Business Center,174,174,Limpiar polvo de paredes y divisiones baños / Oficina Central ,2,30/06/2025,1,02/07/2025,VERDADERO,30/06/2025,-2,Administracion,Celinda Alcivar,,Activo,,,
15,Limpiar polvo de paredes y divisiones baños / Oficina Central ,,Clave,Actividad,Business Center,328,328,Limpiar polvo de paredes y divisiones baños / Oficina Central ,2,01/12/2025,1,03/12/2025,VERDADERO,01/12/2025,-2,Administracion,Celinda Alcivar,,Activo,,,
15,Limpiar polvo de paredes y divisiones baños / Oficina Central ,,Clave,Actividad,Business Center,356,356,Limpiar polvo de paredes y divisiones baños / Oficina Central ,2,29/12/2025,1,31/12/2025,VERDADERO,29/12/2025,-2,Administracion,Celinda Alcivar,,Activo,,,
15,Limpiar polvo de paredes y divisiones baños / Oficina Central ,,Clave,Actividad,Business Center,335,335,Limpiar polvo de paredes y divisiones baños / Oficina Central ,2,08/12/2025,1,10/12/2025,VERDADERO,08/12/2025,-2,Administracion,Celinda Alcivar,,Activo,,,
15,Limpiar polvo de paredes y divisiones baños / Oficina Central ,,Clave,Actividad,Business Center,349,349,Limpiar polvo de paredes y divisiones baños / Oficina Central ,2,22/12/2025,1,24/12/2025,VERDADERO,22/12/2025,-2,Administracion,Celinda Alcivar,,Activo,,,
16,Sillas de sala de reuniones / Oficinas Central ,,Clave,Actividad,Business Center,6,6,Sillas de sala de reuniones / Oficinas Central ,,06/01/2025,1,08/01/2025,VERDADERO,06/01/2025,-2,Administracion,Celinda Alcivar,,Activo,,,
16,Sillas de sala de reuniones / Oficinas Central ,,Clave,Actividad,Business Center,13,13,Sillas de sala de reuniones / Oficinas Central ,,20/01/2025,1,22/01/2025,VERDADERO,20/01/2025,-2,Administracion,Celinda Alcivar,,Activo,,,
16,Sillas de sala de reuniones / Oficinas Central ,,Clave,Actividad,Business Center,41,41,Sillas de sala de reuniones / Oficinas Central ,2,17/02/2025,1,19/02/2025,VERDADERO,17/02/2025,-2,Administracion,Celinda Alcivar,,Activo,,,
16,Sillas de sala de reuniones / Oficinas Central ,,Clave,Actividad,Business Center,34,34,Sillas de sala de reuniones / Oficinas Central ,2,10/02/2025,1,12/02/2025,VERDADERO,10/02/2025,-2,Administracion,Celinda Alcivar,,Activo,,,
16,Sillas de sala de reuniones / Oficinas Central ,,Clave,Actividad,Business Center,20,20,Sillas de sala de reuniones / Oficinas Central ,1,27/01/2025,1,29/01/2025,VERDADERO,27/01/2025,-2,Administracion,Celinda Alcivar,,Activo,,,
16,Sillas de sala de reuniones / Oficinas Central ,,Clave,Actividad,Business Center,97,97,Sillas de sala de reuniones / Oficinas Central ,2,14/04/2025,1,16/04/2025,VERDADERO,14/04/2025,-2,Administracion,Celinda Alcivar,,Activo,,,
16,Sillas de sala de reuniones / Oficinas Central ,,Clave,Actividad,Business Center,111,111,Sillas de sala de reuniones / Oficinas Central ,2,28/04/2025,1,30/04/2025,VERDADERO,28/04/2025,-2,Administracion,Celinda Alcivar,,Activo,,,
16,Sillas de sala de reuniones / Oficinas Central ,,Clave,Actividad,Business Center,69,69,Sillas de sala de reuniones / Oficinas Central ,2,17/03/2025,1,19/03/2025,VERDADERO,17/03/2025,-2,Administracion,Celinda Alcivar,,Activo,,,
16,Sillas de sala de reuniones / Oficinas Central ,,Clave,Actividad,Business Center,83,83,Sillas de sala de reuniones / Oficinas Central ,,31/03/2025,1,02/04/2025,VERDADERO,31/03/2025,-2,Administracion,Celinda Alcivar,,Activo,,,
16,Sillas de sala de reuniones / Oficinas Central ,,Clave,Actividad,Business Center,62,62,Sillas de sala de reuniones / Oficinas Central ,2,10/03/2025,1,12/03/2025,VERDADERO,10/03/2025,-2,Administracion,Celinda Alcivar,,Activo,,,
16,Sillas de sala de reuniones / Oficinas Central ,,Clave,Actividad,Business Center,90,90,Sillas de sala de reuniones / Oficinas Central ,2,07/04/2025,1,09/04/2025,VERDADERO,07/04/2025,-2,Administracion,Celinda Alcivar,,Activo,,,
16,Sillas de sala de reuniones / Oficinas Central ,,Clave,Actividad,Business Center,139,139,Sillas de sala de reuniones / Oficinas Central ,2,26/05/2025,1,28/05/2025,VERDADERO,26/05/2025,-2,Administracion,Celinda Alcivar,,Activo,,,
16,Sillas de sala de reuniones / Oficinas Central ,,Clave,Actividad,Business Center,160,160,Sillas de sala de reuniones / Oficinas Central ,2,16/06/2025,1,18/06/2025,VERDADERO,16/06/2025,-2,Administracion,Celinda Alcivar,,Activo,,,
16,Sillas de sala de reuniones / Oficinas Central ,,Clave,Actividad,Business Center,181,181,Sillas de sala de reuniones / Oficinas Central ,2,07/07/2025,1,09/07/2025,VERDADERO,07/07/2025,-2,Administracion,Celinda Alcivar,,Activo,,,
16,Sillas de sala de reuniones / Oficinas Central ,,Clave,Actividad,Business Center,174,174,Sillas de sala de reuniones / Oficinas Central ,2,30/06/2025,1,02/07/2025,VERDADERO,30/06/2025,-2,Administracion,Celinda Alcivar,,Activo,,,
16,Sillas de sala de reuniones / Oficinas Central ,,Clave,Actividad,Business Center,230,230,Sillas de sala de reuniones / Oficinas Central ,2,25/08/2025,1,27/08/2025,VERDADERO,25/08/2025,-2,Administracion,Celinda Alcivar,,Activo,,,
16,Sillas de sala de reuniones / Oficinas Central ,,Clave,Actividad,Business Center,209,209,Sillas de sala de reuniones / Oficinas Central ,2,04/08/2025,1,06/08/2025,VERDADERO,04/08/2025,-2,Administracion,Celinda Alcivar,,Activo,,,
16,Sillas de sala de reuniones / Oficinas Central ,,Clave,Actividad,Business Center,216,216,Sillas de sala de reuniones / Oficinas Central ,1,11/08/2025,1,13/08/2025,VERDADERO,11/08/2025,-2,Administracion,Celinda Alcivar,,Activo,,,Feriado
16,Sillas de sala de reuniones / Oficinas Central ,,Clave,Actividad,Business Center,167,167,Sillas de sala de reuniones / Oficinas Central ,2,23/06/2025,1,25/06/2025,VERDADERO,23/06/2025,-2,Administracion,Celinda Alcivar,,Activo,,,
16,Sillas de sala de reuniones / Oficinas Central ,,Clave,Actividad,Business Center,195,195,Sillas de sala de reuniones / Oficinas Central ,2,21/07/2025,1,23/07/2025,VERDADERO,21/07/2025,-2,Administracion,Celinda Alcivar,,Activo,,,
16,Sillas de sala de reuniones / Oficinas Central ,,Clave,Actividad,Business Center,188,188,Sillas de sala de reuniones / Oficinas Central ,2,14/07/2025,1,16/07/2025,VERDADERO,14/07/2025,-2,Administracion,Celinda Alcivar,,Activo,,,
16,Sillas de sala de reuniones / Oficinas Central ,,Clave,Actividad,Business Center,153,153,Sillas de sala de reuniones / Oficinas Central ,2,09/06/2025,1,11/06/2025,VERDADERO,09/06/2025,-2,Administracion,Celinda Alcivar,,Activo,,,
16,Sillas de sala de reuniones / Oficinas Central ,,Clave,Actividad,Business Center,265,265,Sillas de sala de reuniones / Oficinas Central ,2,29/09/2025,1,01/10/2025,VERDADERO,29/09/2025,-2,Administracion,Celinda Alcivar,,Activo,,,
16,Sillas de sala de reuniones / Oficinas Central ,,Clave,Actividad,Business Center,223,223,Sillas de sala de reuniones / Oficinas Central ,2,18/08/2025,1,20/08/2025,VERDADERO,18/08/2025,-2,Administracion,Celinda Alcivar,,Activo,,,
16,Sillas de sala de reuniones / Oficinas Central ,,Clave,Actividad,Business Center,279,279,Sillas de sala de reuniones / Oficinas Central ,2,13/10/2025,1,15/10/2025,VERDADERO,13/10/2025,-2,Administracion,Celinda Alcivar,,Activo,,,
16,Sillas de sala de reuniones / Oficinas Central ,,Clave,Actividad,Business Center,258,258,Sillas de sala de reuniones / Oficinas Central ,2,22/09/2025,1,24/09/2025,VERDADERO,22/09/2025,-2,Administracion,Celinda Alcivar,,Activo,,,
16,Sillas de sala de reuniones / Oficinas Central ,,Clave,Actividad,Business Center,237,237,Sillas de sala de reuniones / Oficinas Central ,2,01/09/2025,1,03/09/2025,VERDADERO,01/09/2025,-2,Administracion,Celinda Alcivar,,Activo,,,
16,Sillas de sala de reuniones / Oficinas Central ,,Clave,Actividad,Business Center,272,272,Sillas de sala de reuniones / Oficinas Central ,2,06/10/2025,1,08/10/2025,VERDADERO,06/10/2025,-2,Administracion,Celinda Alcivar,,Activo,,,
16,Sillas de sala de reuniones / Oficinas Central ,,Clave,Actividad,Business Center,251,251,Sillas de sala de reuniones / Oficinas Central ,2,15/09/2025,1,17/09/2025,VERDADERO,15/09/2025,-2,Administracion,Celinda Alcivar,,Activo,,,
16,Sillas de sala de reuniones / Oficinas Central ,,Clave,Actividad,Business Center,286,286,Sillas de sala de reuniones / Oficinas Central ,2,20/10/2025,1,22/10/2025,VERDADERO,20/10/2025,-2,Administracion,Celinda Alcivar,,Activo,,,
16,Sillas de sala de reuniones / Oficinas Central ,,Clave,Actividad,Business Center,328,328,Sillas de sala de reuniones / Oficinas Central ,2,01/12/2025,1,03/12/2025,VERDADERO,01/12/2025,-2,Administracion,Celinda Alcivar,,Activo,,,
16,Sillas de sala de reuniones / Oficinas Central ,,Clave,Actividad,Business Center,132,132,Sillas de sala de reuniones / Oficinas Central ,2,19/05/2025,1,21/05/2025,VERDADERO,19/05/2025,-2,Administracion,Celinda Alcivar,,Activo,,,
16,Sillas de sala de reuniones / Oficinas Central ,,Clave,Actividad,Business Center,27,27,Sillas de sala de reuniones / Oficinas Central ,1,03/02/2025,1,05/02/2025,VERDADERO,03/02/2025,-2,Administracion,Celinda Alcivar,,Activo,,,
16,Sillas de sala de reuniones / Oficinas Central ,,Clave,Actividad,Business Center,125,125,Sillas de sala de reuniones / Oficinas Central ,2,12/05/2025,1,14/05/2025,VERDADERO,12/05/2025,-2,Administracion,Celinda Alcivar,,Activo,,,
16,Sillas de sala de reuniones / Oficinas Central ,,Clave,Actividad,Business Center,307,307,Sillas de sala de reuniones / Oficinas Central ,2,10/11/2025,1,12/11/2025,VERDADERO,10/11/2025,-2,Administracion,Celinda Alcivar,,Activo,,,
16,Sillas de sala de reuniones / Oficinas Central ,,Clave,Actividad,Business Center,349,349,Sillas de sala de reuniones / Oficinas Central ,2,22/12/2025,1,24/12/2025,VERDADERO,22/12/2025,-2,Administracion,Celinda Alcivar,,Activo,,,
16,Sillas de sala de reuniones / Oficinas Central ,,Clave,Actividad,Business Center,146,146,Sillas de sala de reuniones / Oficinas Central ,2,02/06/2025,1,04/06/2025,VERDADERO,02/06/2025,-2,Administracion,Celinda Alcivar,,Activo,,,
16,Sillas de sala de reuniones / Oficinas Central ,,Clave,Actividad,Business Center,293,293,Sillas de sala de reuniones / Oficinas Central ,2,27/10/2025,1,29/10/2025,VERDADERO,27/10/2025,-2,Administracion,Celinda Alcivar,,Activo,,,
16,Sillas de sala de reuniones / Oficinas Central ,,Clave,Actividad,Business Center,76,76,Sillas de sala de reuniones / Oficinas Central ,2,24/03/2025,1,26/03/2025,VERDADERO,24/03/2025,-2,Administracion,Celinda Alcivar,,Activo,,,
16,Sillas de sala de reuniones / Oficinas Central ,,Clave,Actividad,Business Center,118,118,Sillas de sala de reuniones / Oficinas Central ,2,05/05/2025,1,07/05/2025,VERDADERO,05/05/2025,-2,Administracion,Celinda Alcivar,,Activo,,,
16,Sillas de sala de reuniones / Oficinas Central ,,Clave,Actividad,Business Center,48,48,Sillas de sala de reuniones / Oficinas Central ,2,24/02/2025,1,26/02/2025,VERDADERO,24/02/2025,-2,Administracion,Celinda Alcivar,,Activo,,,
16,Sillas de sala de reuniones / Oficinas Central ,,Clave,Actividad,Business Center,104,104,Sillas de sala de reuniones / Oficinas Central ,2,21/04/2025,1,23/04/2025,VERDADERO,21/04/2025,-2,Administracion,Celinda Alcivar,,Activo,,,
16,Sillas de sala de reuniones / Oficinas Central ,,Clave,Actividad,Business Center,202,202,Sillas de sala de reuniones / Oficinas Central ,2,28/07/2025,1,30/07/2025,VERDADERO,28/07/2025,-2,Administracion,Celinda Alcivar,,Activo,,,
16,Sillas de sala de reuniones / Oficinas Central ,,Clave,Actividad,Business Center,342,342,Sillas de sala de reuniones / Oficinas Central ,2,15/12/2025,1,17/12/2025,VERDADERO,15/12/2025,-2,Administracion,Celinda Alcivar,,Activo,,,
16,Sillas de sala de reuniones / Oficinas Central ,,Clave,Actividad,Business Center,335,335,Sillas de sala de reuniones / Oficinas Central ,2,08/12/2025,1,10/12/2025,VERDADERO,08/12/2025,-2,Administracion,Celinda Alcivar,,Activo,,,
16,Sillas de sala de reuniones / Oficinas Central ,,Clave,Actividad,Business Center,300,300,Sillas de sala de reuniones / Oficinas Central ,2,03/11/2025,1,05/11/2025,VERDADERO,03/11/2025,-2,Administracion,Celinda Alcivar,,Activo,,,Feriado 
16,Sillas de sala de reuniones / Oficinas Central ,,Clave,Actividad,Business Center,314,314,Sillas de sala de reuniones / Oficinas Central ,2,17/11/2025,1,19/11/2025,VERDADERO,17/11/2025,-2,Administracion,Celinda Alcivar,,Activo,,,
16,Sillas de sala de reuniones / Oficinas Central ,,Clave,Actividad,Business Center,321,321,Sillas de sala de reuniones / Oficinas Central ,2,24/11/2025,1,26/11/2025,VERDADERO,24/11/2025,-2,Administracion,Celinda Alcivar,,Activo,,,
16,Sillas de sala de reuniones / Oficinas Central ,,Clave,Actividad,Business Center,244,244,Sillas de sala de reuniones / Oficinas Central ,2,08/09/2025,1,10/09/2025,VERDADERO,08/09/2025,-2,Administracion,Celinda Alcivar,,Activo,,,
16,Sillas de sala de reuniones / Oficinas Central ,,Clave,Actividad,Business Center,356,356,Sillas de sala de reuniones / Oficinas Central ,2,29/12/2025,1,31/12/2025,VERDADERO,29/12/2025,-2,Administracion,Celinda Alcivar,,Activo,,,
17,Limpieza de espejos/ salas de Oficentral,,Clave,Actividad,Business Center,1,1,Limpieza de espejos/ salas de Oficentral,,08/01/2025,1,10/01/2025,VERDADERO,08/01/2025,-2,Administracion,Celinda Alcivar,,Activo,,,
17,Limpieza de espejos/ salas de Oficentral,,Clave,Actividad,Business Center,36,36,Limpieza de espejos/ salas de Oficentral,2,12/02/2025,1,14/02/2025,VERDADERO,12/02/2025,-2,Administracion,Celinda Alcivar,,Activo,,,
17,Limpieza de espejos/ salas de Oficentral,,Clave,Actividad,Business Center,29,29,Limpieza de espejos/ salas de Oficentral,0,05/02/2025,1,07/02/2025,VERDADERO,05/02/2025,-2,Administracion,Celinda Alcivar,,Activo,,,
17,Limpieza de espejos/ salas de Oficentral,,Clave,Actividad,Business Center,8,8,Limpieza de espejos/ salas de Oficentral,,15/01/2025,1,17/01/2025,VERDADERO,15/01/2025,-2,Administracion,Celinda Alcivar,,Activo,,,
17,Limpieza de espejos/ salas de Oficentral,,Clave,Actividad,Business Center,22,22,Limpieza de espejos/ salas de Oficentral,2,29/01/2025,1,31/01/2025,VERDADERO,29/01/2025,-2,Administracion,Celinda Alcivar,,Activo,,,
17,Limpieza de espejos/ salas de Oficentral,,Clave,Actividad,Business Center,50,50,Limpieza de espejos/ salas de Oficentral,2,26/02/2025,1,28/02/2025,VERDADERO,26/02/2025,-2,Administracion,Celinda Alcivar,,Activo,,,
17,Limpieza de espejos/ salas de Oficentral,,Clave,Actividad,Business Center,64,64,Limpieza de espejos/ salas de Oficentral,2,12/03/2025,1,14/03/2025,VERDADERO,12/03/2025,-2,Administracion,Celinda Alcivar,,Activo,,,
17,Limpieza de espejos/ salas de Oficentral,,Clave,Actividad,Business Center,43,43,Limpieza de espejos/ salas de Oficentral,2,19/02/2025,1,21/02/2025,VERDADERO,19/02/2025,-2,Administracion,Celinda Alcivar,,Activo,,,
17,Limpieza de espejos/ salas de Oficentral,,Clave,Actividad,Business Center,71,71,Limpieza de espejos/ salas de Oficentral,2,19/03/2025,1,21/03/2025,VERDADERO,19/03/2025,-2,Administracion,Celinda Alcivar,,Activo,,,
17,Limpieza de espejos/ salas de Oficentral,,Clave,Actividad,Business Center,99,99,Limpieza de espejos/ salas de Oficentral,2,16/04/2025,1,18/04/2025,VERDADERO,16/04/2025,-2,Administracion,Celinda Alcivar,,Activo,,,
17,Limpieza de espejos/ salas de Oficentral,,Clave,Actividad,Business Center,78,78,Limpieza de espejos/ salas de Oficentral,2,26/03/2025,1,28/03/2025,VERDADERO,26/03/2025,-2,Administracion,Celinda Alcivar,,Activo,,,
17,Limpieza de espejos/ salas de Oficentral,,Clave,Actividad,Business Center,169,169,Limpieza de espejos/ salas de Oficentral,2,25/06/2025,1,27/06/2025,VERDADERO,25/06/2025,-2,Administracion,Celinda Alcivar,,Activo,,,
17,Limpieza de espejos/ salas de Oficentral,,Clave,Actividad,Business Center,225,225,Limpieza de espejos/ salas de Oficentral,1,20/08/2025,1,22/08/2025,VERDADERO,21/08/2025,-1,Administracion,Celinda Alcivar,,Activo,,,
17,Limpieza de espejos/ salas de Oficentral,,Clave,Actividad,Business Center,197,197,Limpieza de espejos/ salas de Oficentral,2,23/07/2025,1,25/07/2025,VERDADERO,23/07/2025,-2,Administracion,Celinda Alcivar,,Activo,,,
17,Limpieza de espejos/ salas de Oficentral,,Clave,Actividad,Business Center,190,190,Limpieza de espejos/ salas de Oficentral,2,16/07/2025,1,18/07/2025,VERDADERO,16/07/2025,-2,Administracion,Celinda Alcivar,,Activo,,,
17,Limpieza de espejos/ salas de Oficentral,,Clave,Actividad,Business Center,218,218,Limpieza de espejos/ salas de Oficentral,2,13/08/2025,1,15/08/2025,VERDADERO,13/08/2025,-2,Administracion,Celinda Alcivar,,Activo,,,
17,Limpieza de espejos/ salas de Oficentral,,Clave,Actividad,Business Center,211,211,Limpieza de espejos/ salas de Oficentral,2,06/08/2025,1,08/08/2025,VERDADERO,06/08/2025,-2,Administracion,Celinda Alcivar,,Activo,,,
17,Limpieza de espejos/ salas de Oficentral,,Clave,Actividad,Business Center,260,260,Limpieza de espejos/ salas de Oficentral,2,24/09/2025,1,26/09/2025,VERDADERO,24/09/2025,-2,Administracion,Celinda Alcivar,,Activo,,,
17,Limpieza de espejos/ salas de Oficentral,,Clave,Actividad,Business Center,267,267,Limpieza de espejos/ salas de Oficentral,2,01/10/2025,1,03/10/2025,VERDADERO,01/10/2025,-2,Administracion,Celinda Alcivar,,Activo,,,
17,Limpieza de espejos/ salas de Oficentral,,Clave,Actividad,Business Center,183,183,Limpieza de espejos/ salas de Oficentral,2,09/07/2025,1,11/07/2025,VERDADERO,09/07/2025,-2,Administracion,Celinda Alcivar,,Activo,,,
17,Limpieza de espejos/ salas de Oficentral,,Clave,Actividad,Business Center,113,113,Limpieza de espejos/ salas de Oficentral,2,30/04/2025,1,02/05/2025,VERDADERO,30/04/2025,-2,Administracion,Celinda Alcivar,,Activo,,,
17,Limpieza de espejos/ salas de Oficentral,,Clave,Actividad,Business Center,134,134,Limpieza de espejos/ salas de Oficentral,2,21/05/2025,1,23/05/2025,VERDADERO,21/05/2025,-2,Administracion,Celinda Alcivar,,Activo,,,
17,Limpieza de espejos/ salas de Oficentral,,Clave,Actividad,Business Center,141,141,Limpieza de espejos/ salas de Oficentral,2,28/05/2025,1,30/05/2025,VERDADERO,28/05/2025,-2,Administracion,Celinda Alcivar,,Activo,,,
17,Limpieza de espejos/ salas de Oficentral,,Clave,Actividad,Business Center,92,92,Limpieza de espejos/ salas de Oficentral,2,09/04/2025,1,11/04/2025,VERDADERO,09/04/2025,-2,Administracion,Celinda Alcivar,,Activo,,,
17,Limpieza de espejos/ salas de Oficentral,,Clave,Actividad,Business Center,85,85,Limpieza de espejos/ salas de Oficentral,,02/04/2025,1,04/04/2025,VERDADERO,02/04/2025,-2,Administracion,Celinda Alcivar,,Activo,,,
17,Limpieza de espejos/ salas de Oficentral,,Clave,Actividad,Business Center,295,295,Limpieza de espejos/ salas de Oficentral,2,29/10/2025,1,31/10/2025,VERDADERO,29/10/2025,-2,Administracion,Celinda Alcivar,,Activo,,,
17,Limpieza de espejos/ salas de Oficentral,,Clave,Actividad,Business Center,253,253,Limpieza de espejos/ salas de Oficentral,2,17/09/2025,1,19/09/2025,VERDADERO,17/09/2025,-2,Administracion,Celinda Alcivar,,Activo,,,
17,Limpieza de espejos/ salas de Oficentral,,Clave,Actividad,Business Center,309,309,Limpieza de espejos/ salas de Oficentral,2,12/11/2025,1,14/11/2025,VERDADERO,12/11/2025,-2,Administracion,Celinda Alcivar,,Activo,,,
17,Limpieza de espejos/ salas de Oficentral,,Clave,Actividad,Business Center,281,281,Limpieza de espejos/ salas de Oficentral,2,15/10/2025,1,17/10/2025,VERDADERO,15/10/2025,-2,Administracion,Celinda Alcivar,,Activo,,,
17,Limpieza de espejos/ salas de Oficentral,,Clave,Actividad,Business Center,337,337,Limpieza de espejos/ salas de Oficentral,2,10/12/2025,1,12/12/2025,VERDADERO,10/12/2025,-2,Administracion,Celinda Alcivar,,Activo,,,
17,Limpieza de espejos/ salas de Oficentral,,Clave,Actividad,Business Center,246,246,Limpieza de espejos/ salas de Oficentral,2,10/09/2025,1,12/09/2025,VERDADERO,10/09/2025,-2,Administracion,Celinda Alcivar,,Activo,,,
17,Limpieza de espejos/ salas de Oficentral,,Clave,Actividad,Business Center,302,302,Limpieza de espejos/ salas de Oficentral,2,05/11/2025,1,07/11/2025,VERDADERO,05/11/2025,-2,Administracion,Celinda Alcivar,,Activo,,,
17,Limpieza de espejos/ salas de Oficentral,,Clave,Actividad,Business Center,323,323,Limpieza de espejos/ salas de Oficentral,2,26/11/2025,1,28/11/2025,VERDADERO,26/11/2025,-2,Administracion,Celinda Alcivar,,Activo,,,
17,Limpieza de espejos/ salas de Oficentral,,Clave,Actividad,Business Center,274,274,Limpieza de espejos/ salas de Oficentral,2,08/10/2025,1,10/10/2025,VERDADERO,08/10/2025,-2,Administracion,Celinda Alcivar,,Activo,,,
17,Limpieza de espejos/ salas de Oficentral,,Clave,Actividad,Business Center,344,344,Limpieza de espejos/ salas de Oficentral,2,17/12/2025,1,19/12/2025,VERDADERO,17/12/2025,-2,Administracion,Celinda Alcivar,,Activo,,,Permiso de Ausencia 
17,Limpieza de espejos/ salas de Oficentral,,Clave,Actividad,Business Center,316,316,Limpieza de espejos/ salas de Oficentral,2,19/11/2025,1,21/11/2025,VERDADERO,19/11/2025,-2,Administracion,Celinda Alcivar,,Activo,,,
17,Limpieza de espejos/ salas de Oficentral,,Clave,Actividad,Business Center,330,330,Limpieza de espejos/ salas de Oficentral,2,03/12/2025,1,05/12/2025,VERDADERO,03/12/2025,-2,Administracion,Celinda Alcivar,,Activo,,,
17,Limpieza de espejos/ salas de Oficentral,,Clave,Actividad,Business Center,204,204,Limpieza de espejos/ salas de Oficentral,2,30/07/2025,1,01/08/2025,VERDADERO,30/07/2025,-2,Administracion,Celinda Alcivar,,Activo,,,
17,Limpieza de espejos/ salas de Oficentral,,Clave,Actividad,Business Center,127,127,Limpieza de espejos/ salas de Oficentral,2,14/05/2025,1,16/05/2025,VERDADERO,14/05/2025,-2,Administracion,Celinda Alcivar,,Activo,,,
17,Limpieza de espejos/ salas de Oficentral,,Clave,Actividad,Business Center,239,239,Limpieza de espejos/ salas de Oficentral,2,03/09/2025,1,05/09/2025,VERDADERO,03/09/2025,-2,Administracion,Celinda Alcivar,,Activo,,,
17,Limpieza de espejos/ salas de Oficentral,,Clave,Actividad,Business Center,232,232,Limpieza de espejos/ salas de Oficentral,2,27/08/2025,1,29/08/2025,VERDADERO,27/08/2025,-2,Administracion,Celinda Alcivar,,Activo,,,
17,Limpieza de espejos/ salas de Oficentral,,Clave,Actividad,Business Center,15,15,Limpieza de espejos/ salas de Oficentral,2,22/01/2025,1,24/01/2025,VERDADERO,22/01/2025,-2,Administracion,Celinda Alcivar,,Activo,,,
17,Limpieza de espejos/ salas de Oficentral,,Clave,Actividad,Business Center,162,162,Limpieza de espejos/ salas de Oficentral,1,18/06/2025,1,20/06/2025,VERDADERO,18/06/2025,-2,Administracion,Celinda Alcivar,,Activo,,,
17,Limpieza de espejos/ salas de Oficentral,,Clave,Actividad,Business Center,155,155,Limpieza de espejos/ salas de Oficentral,2,11/06/2025,1,13/06/2025,VERDADERO,11/06/2025,-2,Administracion,Celinda Alcivar,,Activo,,,
17,Limpieza de espejos/ salas de Oficentral,,Clave,Actividad,Business Center,120,120,Limpieza de espejos/ salas de Oficentral,2,07/05/2025,1,09/05/2025,VERDADERO,07/05/2025,-2,Administracion,Celinda Alcivar,,Activo,,,
17,Limpieza de espejos/ salas de Oficentral,,Clave,Actividad,Business Center,106,106,Limpieza de espejos/ salas de Oficentral,2,23/04/2025,1,25/04/2025,VERDADERO,23/04/2025,-2,Administracion,Celinda Alcivar,,Activo,,,
17,Limpieza de espejos/ salas de Oficentral,,Clave,Actividad,Business Center,288,288,Limpieza de espejos/ salas de Oficentral,2,22/10/2025,1,24/10/2025,VERDADERO,22/10/2025,-2,Administracion,Celinda Alcivar,,Activo,,,
17,Limpieza de espejos/ salas de Oficentral,,Clave,Actividad,Business Center,57,57,Limpieza de espejos/ salas de Oficentral,2,05/03/2025,1,07/03/2025,VERDADERO,05/03/2025,-2,Administracion,Celinda Alcivar,,Activo,,,
17,Limpieza de espejos/ salas de Oficentral,,Clave,Actividad,Business Center,176,176,Limpieza de espejos/ salas de Oficentral,2,02/07/2025,1,04/07/2025,VERDADERO,02/07/2025,-2,Administracion,Celinda Alcivar,,Activo,,,
17,Limpieza de espejos/ salas de Oficentral,,Clave,Actividad,Business Center,148,148,Limpieza de espejos/ salas de Oficentral,2,04/06/2025,1,06/06/2025,VERDADERO,04/06/2025,-2,Administracion,Celinda Alcivar,,Activo,,,
17,Limpieza de espejos/ salas de Oficentral,,Clave,Actividad,Business Center,351,351,Limpieza de espejos/ salas de Oficentral,2,24/12/2025,1,26/12/2025,VERDADERO,24/12/2025,-2,Administracion,Celinda Alcivar,,Activo,,,
6,Limpieza oficina Portal al Sol,,Clave,Actividad,Portal al Sol,1,1,Limpieza oficina Portal al Sol,,16/01/2025,1,18/01/2025,VERDADERO,16/01/2025,-2,Administracion,Celinda Alcivar,,Activo,,,
6,Limpieza oficina Portal al Sol,,Clave,Actividad,Portal al Sol,9,9,Limpieza oficina Portal al Sol,2,16/09/2025,1,18/09/2025,VERDADERO,16/09/2025,-2,Administracion,Celinda Alcivar,,Activo,,,
6,Limpieza oficina Portal al Sol,,Clave,Actividad,Portal al Sol,5,5,Limpieza oficina Portal al Sol,2,21/05/2025,1,23/05/2025,VERDADERO,21/05/2025,-2,Administracion,Celinda Alcivar,,Activo,,,
6,Limpieza oficina Portal al Sol,,Clave,Actividad,Portal al Sol,11,11,Limpieza oficina Portal al Sol,2,20/11/2025,2,22/11/2025,VERDADERO,20/11/2025,-2,Administracion,Celinda Alcivar,,Activo,,,
6,Limpieza oficina Portal al Sol,,Clave,Actividad,Portal al Sol,3,3,Limpieza oficina Portal al Sol,-2,20/03/2025,1,22/03/2025,VERDADERO,20/03/2025,-2,Administracion,Celinda Alcivar,,Activo,,,
6,Limpieza oficina Portal al Sol,,Clave,Actividad,Portal al Sol,7,7,Limpieza oficina Portal al Sol,1,16/07/2025,1,18/07/2025,VERDADERO,17/07/2025,-1,Administracion,Celinda Alcivar,,Activo,,,
6,Limpieza oficina Portal al Sol,,Clave,Actividad,Portal al Sol,8,8,Limpieza oficina Portal al Sol,2,21/08/2025,1,23/08/2025,VERDADERO,21/08/2025,-2,Administracion,Celinda Alcivar,,Activo,,,
6,Limpieza oficina Portal al Sol,,Clave,Actividad,Portal al Sol,4,4,Limpieza oficina Portal al Sol,2,16/04/2025,1,18/04/2025,VERDADERO,16/04/2025,-2,Administracion,Celinda Alcivar,,Activo,,,
6,Limpieza oficina Portal al Sol,,Clave,Actividad,Portal al Sol,6,6,Limpieza oficina Portal al Sol,-1,16/06/2025,1,18/06/2025,VERDADERO,16/06/2025,-2,Administracion,Celinda Alcivar,,Activo,,,
6,Limpieza oficina Portal al Sol,,Clave,Actividad,Portal al Sol,2,2,Limpieza oficina Portal al Sol,2,20/02/2025,1,22/02/2025,VERDADERO,20/02/2025,-2,Administracion,Celinda Alcivar,,Activo,,,
6,Limpieza oficina Portal al Sol,,Clave,Actividad,Portal al Sol,10,10,Limpieza oficina Portal al Sol,2,16/10/2025,1,18/10/2025,VERDADERO,16/10/2025,-2,Administracion,Celinda Alcivar,,Activo,,,
6,Limpieza oficina Portal al Sol,,Clave,Actividad,Portal al Sol,12,12,Limpieza oficina Portal al Sol,2,18/12/2025,1,20/12/2025,VERDADERO,18/12/2025,-2,Administracion,Celinda Alcivar,,Activo,,,
,,,,,,,,,,,,,FALSO,,,,,,,,,
7,Limpiar vía de ingreso Oficina Central.,,Clave,Actividad,Business Center,6,6,Limpiar vía de ingreso Oficina Central.,,13/01/2025,1,15/01/2025,VERDADERO,13/01/2025,-2,Administracion,Celinda Alcivar,,Activo,,,
8,Lavar camineras de Areas Verdes Oficina Central,,Clave,Actividad,Business Center,7,7,Lavar camineras de Areas Verdes Oficina Central,,14/01/2025,1,16/01/2025,VERDADERO,14/01/2025,-2,Administracion,Celinda Alcivar,,Activo,,,
11,Limpiar filtros y Laguna Distribuidor de agua / Cuarto de bomba.,,Clave,Actividad,Business Center,1,1,Limpiar filtros y Laguna Distribuidor de agua / Cuarto de bomba.,,07/01/2025,1,07/01/2025,VERDADERO,07/01/2025,0,Administracion,Celinda Alcivar,,Activo,,,
11,Limpiar filtros y Laguna Distribuidor de agua / Cuarto de bomba.,,Clave,Actividad,Business Center,1,1,Limpiar filtros y Laguna Distribuidor de agua / Cuarto de bomba.,,08/01/2025,1,08/01/2025,VERDADERO,08/01/2025,0,Administracion,Celinda Alcivar,,Activo,,,
13,"Replantar en macetas, suculentas y pegado de numeros para entrega de obsequios a clientes / General",,Clave,Actividad,Business Center,1,1,"Replantar en macetas, suculentas y pegado de numeros para entrega de obsequios a clientes / General",,06/01/2025,1,06/01/2025,VERDADERO,06/01/2025,0,Administracion,Celinda Alcivar,,Activo,,,N/A porque no hubo requerimiento de Ventas 
13,"Replantar en macetas, suculentas y pegado de numeros para entrega de obsequios a clientes / General",,Clave,Actividad,Business Center,1,1,"Replantar en macetas, suculentas y pegado de numeros para entrega de obsequios a clientes / General",,08/01/2025,1,08/01/2025,VERDADERO,08/01/2025,0,Administracion,Celinda Alcivar,,Activo,,,N/A Ventas no ha solicitado 
14,Limpiar polvo de paredes Sala de Reuniones / Oficina Central,,Clave,Actividad,Business Center,7,7,Limpiar polvo de paredes Sala de Reuniones / Oficina Central,,14/01/2025,1,16/01/2025,VERDADERO,14/01/2025,-2,Administracion,Celinda Alcivar,,Activo,,,
15,Limpiar polvo de paredes y divisiones baños / Oficina Central ,,Clave,Actividad,Business Center,6,6,Limpiar polvo de paredes y divisiones baños / Oficina Central ,,13/01/2025,1,15/01/2025,VERDADERO,13/01/2025,-2,Administracion,Celinda Alcivar,,Activo,,,
16,Sillas de sala de reuniones / Oficinas Central ,,Clave,Actividad,Business Center,6,6,Sillas de sala de reuniones / Oficinas Central ,,13/01/2025,1,15/01/2025,VERDADERO,13/01/2025,-2,Administracion,Celinda Alcivar,,Activo,,,
9,"Limpiar (escusados, lavabos, espejos) / Villa modelo- Arienzo )",,Clave,Actividad,ARIENZO,4,4,"Limpiar (escusados, lavabos, espejos) / Villa modelo- Arienzo )",,06/01/2025,1,08/01/2025,VERDADERO,06/01/2025,-2,Administracion,Celinda Alcivar,,Activo,,,
9,"Limpiar (escusados, lavabos, espejos) / Villa modelo- Arienzo )",,Clave,Actividad,ARIENZO,252,252,"Limpiar (escusados, lavabos, espejos) / Villa modelo- Arienzo )",2,22/09/2025,1,24/09/2025,VERDADERO,22/09/2025,-2,Administracion,Celinda Alcivar,,Activo,,,
9,"Limpiar (escusados, lavabos, espejos) / Villa modelo- Arienzo )",,Clave,Actividad,ARIENZO,245,245,"Limpiar (escusados, lavabos, espejos) / Villa modelo- Arienzo )",2,15/09/2025,1,17/09/2025,VERDADERO,15/09/2025,-2,Administracion,Celinda Alcivar,,Activo,,,
9,"Limpiar (escusados, lavabos, espejos) / Villa modelo- Arienzo )",,Clave,Actividad,ARIENZO,256,256,"Limpiar (escusados, lavabos, espejos) / Villa modelo- Arienzo )",2,26/09/2025,1,28/09/2025,VERDADERO,26/09/2025,-2,Administracion,Celinda Alcivar,,Activo,,,
9,"Limpiar (escusados, lavabos, espejos) / Villa modelo- Arienzo )",,Clave,Actividad,ARIENZO,18,18,"Limpiar (escusados, lavabos, espejos) / Villa modelo- Arienzo )",2,31/01/2025,1,02/02/2025,VERDADERO,31/01/2025,-2,Administracion,Celinda Alcivar,,Activo,,,
9,"Limpiar (escusados, lavabos, espejos) / Villa modelo- Arienzo )",,Clave,Actividad,ARIENZO,7,7,"Limpiar (escusados, lavabos, espejos) / Villa modelo- Arienzo )",,20/01/2025,1,22/01/2025,VERDADERO,20/01/2025,-2,Administracion,Celinda Alcivar,,Activo,,,
9,"Limpiar (escusados, lavabos, espejos) / Villa modelo- Arienzo )",,Clave,Actividad,ARIENZO,21,21,"Limpiar (escusados, lavabos, espejos) / Villa modelo- Arienzo )",1,03/02/2025,1,05/02/2025,VERDADERO,03/02/2025,-2,Administracion,Celinda Alcivar,,Activo,,,
9,"Limpiar (escusados, lavabos, espejos) / Villa modelo- Arienzo )",,Clave,Actividad,ARIENZO,63,63,"Limpiar (escusados, lavabos, espejos) / Villa modelo- Arienzo )",2,17/03/2025,1,19/03/2025,VERDADERO,17/03/2025,-2,Administracion,Celinda Alcivar,,Activo,,,
9,"Limpiar (escusados, lavabos, espejos) / Villa modelo- Arienzo )",,Clave,Actividad,ARIENZO,42,42,"Limpiar (escusados, lavabos, espejos) / Villa modelo- Arienzo )",2,24/02/2025,1,26/02/2025,VERDADERO,24/02/2025,-2,Administracion,Celinda Alcivar,,Activo,,,
9,"Limpiar (escusados, lavabos, espejos) / Villa modelo- Arienzo )",,Clave,Actividad,ARIENZO,249,249,"Limpiar (escusados, lavabos, espejos) / Villa modelo- Arienzo )",2,19/09/2025,1,21/09/2025,VERDADERO,19/09/2025,-2,Administracion,Celinda Alcivar,,Activo,,,
9,"Limpiar (escusados, lavabos, espejos) / Villa modelo- Arienzo )",,Clave,Actividad,ARIENZO,14,14,"Limpiar (escusados, lavabos, espejos) / Villa modelo- Arienzo )",1,27/01/2025,1,29/01/2025,VERDADERO,27/01/2025,-2,Administracion,Celinda Alcivar,,Activo,,,
9,"Limpiar (escusados, lavabos, espejos) / Villa modelo- Arienzo )",,Clave,Actividad,ARIENZO,39,39,"Limpiar (escusados, lavabos, espejos) / Villa modelo- Arienzo )",2,21/02/2025,1,23/02/2025,VERDADERO,21/02/2025,-2,Administracion,Celinda Alcivar,,Activo,,,
9,"Limpiar (escusados, lavabos, espejos) / Villa modelo- Arienzo )",,Clave,Actividad,ARIENZO,35,35,"Limpiar (escusados, lavabos, espejos) / Villa modelo- Arienzo )",2,17/02/2025,1,19/02/2025,VERDADERO,17/02/2025,-2,Administracion,Celinda Alcivar,,Activo,,,
9,"Limpiar (escusados, lavabos, espejos) / Villa modelo- Arienzo )",,Clave,Actividad,ARIENZO,28,28,"Limpiar (escusados, lavabos, espejos) / Villa modelo- Arienzo )",2,10/02/2025,1,12/02/2025,VERDADERO,10/02/2025,-2,Administracion,Celinda Alcivar,,Activo,,,
9,"Limpiar (escusados, lavabos, espejos) / Villa modelo- Arienzo )",,Clave,Actividad,ARIENZO,123,123,"Limpiar (escusados, lavabos, espejos) / Villa modelo- Arienzo )",2,16/05/2025,1,18/05/2025,VERDADERO,16/05/2025,-2,Administracion,Celinda Alcivar,,Activo,,,
9,"Limpiar (escusados, lavabos, espejos) / Villa modelo- Arienzo )",,Clave,Actividad,ARIENZO,60,60,"Limpiar (escusados, lavabos, espejos) / Villa modelo- Arienzo )",2,14/03/2025,1,16/03/2025,VERDADERO,14/03/2025,-2,Administracion,Celinda Alcivar,,Activo,,,
9,"Limpiar (escusados, lavabos, espejos) / Villa modelo- Arienzo )",,Clave,Actividad,ARIENZO,109,109,"Limpiar (escusados, lavabos, espejos) / Villa modelo- Arienzo )",2,02/05/2025,1,04/05/2025,VERDADERO,02/05/2025,-2,Administracion,Celinda Alcivar,,Activo,,,Feriado
9,"Limpiar (escusados, lavabos, espejos) / Villa modelo- Arienzo )",,Clave,Actividad,ARIENZO,56,56,"Limpiar (escusados, lavabos, espejos) / Villa modelo- Arienzo )",2,10/03/2025,1,12/03/2025,VERDADERO,10/03/2025,-2,Administracion,Celinda Alcivar,,Activo,,,
9,"Limpiar (escusados, lavabos, espejos) / Villa modelo- Arienzo )",,Clave,Actividad,ARIENZO,91,91,"Limpiar (escusados, lavabos, espejos) / Villa modelo- Arienzo )",2,14/04/2025,1,16/04/2025,VERDADERO,14/04/2025,-2,Administracion,Celinda Alcivar,,Activo,,,
9,"Limpiar (escusados, lavabos, espejos) / Villa modelo- Arienzo )",,Clave,Actividad,ARIENZO,81,81,"Limpiar (escusados, lavabos, espejos) / Villa modelo- Arienzo )",,04/04/2025,1,06/04/2025,VERDADERO,04/04/2025,-2,Administracion,Celinda Alcivar,,Activo,,,
9,"Limpiar (escusados, lavabos, espejos) / Villa modelo- Arienzo )",,Clave,Actividad,ARIENZO,165,165,"Limpiar (escusados, lavabos, espejos) / Villa modelo- Arienzo )",2,27/06/2025,1,29/06/2025,VERDADERO,27/06/2025,-2,Administracion,Celinda Alcivar,,Activo,,,
9,"Limpiar (escusados, lavabos, espejos) / Villa modelo- Arienzo )",,Clave,Actividad,ARIENZO,67,67,"Limpiar (escusados, lavabos, espejos) / Villa modelo- Arienzo )",2,21/03/2025,1,23/03/2025,VERDADERO,21/03/2025,-2,Administracion,Celinda Alcivar,,Activo,,,
9,"Limpiar (escusados, lavabos, espejos) / Villa modelo- Arienzo )",,Clave,Actividad,ARIENZO,130,130,"Limpiar (escusados, lavabos, espejos) / Villa modelo- Arienzo )",1,23/05/2025,1,25/05/2025,VERDADERO,24/05/2025,-1,Administracion,Celinda Alcivar,,Activo,,,Feriado 
9,"Limpiar (escusados, lavabos, espejos) / Villa modelo- Arienzo )",,Clave,Actividad,ARIENZO,126,126,"Limpiar (escusados, lavabos, espejos) / Villa modelo- Arienzo )",2,19/05/2025,1,21/05/2025,VERDADERO,19/05/2025,-2,Administracion,Celinda Alcivar,,Activo,,,
9,"Limpiar (escusados, lavabos, espejos) / Villa modelo- Arienzo )",,Clave,Actividad,ARIENZO,154,154,"Limpiar (escusados, lavabos, espejos) / Villa modelo- Arienzo )",2,16/06/2025,1,18/06/2025,VERDADERO,16/06/2025,-2,Administracion,Celinda Alcivar,,Activo,,,
9,"Limpiar (escusados, lavabos, espejos) / Villa modelo- Arienzo )",,Clave,Actividad,ARIENZO,119,119,"Limpiar (escusados, lavabos, espejos) / Villa modelo- Arienzo )",2,12/05/2025,1,14/05/2025,VERDADERO,12/05/2025,-2,Administracion,Celinda Alcivar,,Activo,,,
9,"Limpiar (escusados, lavabos, espejos) / Villa modelo- Arienzo )",,Clave,Actividad,ARIENZO,53,53,"Limpiar (escusados, lavabos, espejos) / Villa modelo- Arienzo )",2,07/03/2025,1,09/03/2025,VERDADERO,07/03/2025,-2,Administracion,Celinda Alcivar,,Activo,,,
9,"Limpiar (escusados, lavabos, espejos) / Villa modelo- Arienzo )",,Clave,Actividad,ARIENZO,179,179,"Limpiar (escusados, lavabos, espejos) / Villa modelo- Arienzo )",2,11/07/2025,1,13/07/2025,VERDADERO,11/07/2025,-2,Administracion,Celinda Alcivar,,Activo,,,
9,"Limpiar (escusados, lavabos, espejos) / Villa modelo- Arienzo )",,Clave,Actividad,ARIENZO,137,137,"Limpiar (escusados, lavabos, espejos) / Villa modelo- Arienzo )",2,30/05/2025,1,01/06/2025,VERDADERO,30/05/2025,-2,Administracion,Celinda Alcivar,,Activo,,,
9,"Limpiar (escusados, lavabos, espejos) / Villa modelo- Arienzo )",,Clave,Actividad,ARIENZO,186,186,"Limpiar (escusados, lavabos, espejos) / Villa modelo- Arienzo )",2,18/07/2025,1,20/07/2025,VERDADERO,18/07/2025,-2,Administracion,Celinda Alcivar,,Activo,,,
9,"Limpiar (escusados, lavabos, espejos) / Villa modelo- Arienzo )",,Clave,Actividad,ARIENZO,200,200,"Limpiar (escusados, lavabos, espejos) / Villa modelo- Arienzo )",1,01/08/2025,1,03/08/2025,VERDADERO,02/08/2025,-1,Administracion,Celinda Alcivar,,Activo,,,
9,"Limpiar (escusados, lavabos, espejos) / Villa modelo- Arienzo )",,Clave,Actividad,ARIENZO,112,112,"Limpiar (escusados, lavabos, espejos) / Villa modelo- Arienzo )",2,05/05/2025,1,07/05/2025,VERDADERO,05/05/2025,-2,Administracion,Celinda Alcivar,,Activo,,,
9,"Limpiar (escusados, lavabos, espejos) / Villa modelo- Arienzo )",,Clave,Actividad,ARIENZO,217,217,"Limpiar (escusados, lavabos, espejos) / Villa modelo- Arienzo )",2,18/08/2025,1,20/08/2025,VERDADERO,18/08/2025,-2,Administracion,Celinda Alcivar,,Activo,,,
9,"Limpiar (escusados, lavabos, espejos) / Villa modelo- Arienzo )",,Clave,Actividad,ARIENZO,102,102,"Limpiar (escusados, lavabos, espejos) / Villa modelo- Arienzo )",1,25/04/2025,1,27/04/2025,VERDADERO,25/04/2025,-2,Administracion,Celinda Alcivar,,Activo,,,
9,"Limpiar (escusados, lavabos, espejos) / Villa modelo- Arienzo )",,Clave,Actividad,ARIENZO,88,88,"Limpiar (escusados, lavabos, espejos) / Villa modelo- Arienzo )",2,11/04/2025,1,13/04/2025,VERDADERO,11/04/2025,-2,Administracion,Celinda Alcivar,,Activo,,,
9,"Limpiar (escusados, lavabos, espejos) / Villa modelo- Arienzo )",,Clave,Actividad,ARIENZO,77,77,"Limpiar (escusados, lavabos, espejos) / Villa modelo- Arienzo )",,31/03/2025,1,02/04/2025,VERDADERO,31/03/2025,-2,Administracion,Celinda Alcivar,,Activo,,,
9,"Limpiar (escusados, lavabos, espejos) / Villa modelo- Arienzo )",,Clave,Actividad,ARIENZO,158,158,"Limpiar (escusados, lavabos, espejos) / Villa modelo- Arienzo )",2,20/06/2025,1,22/06/2025,VERDADERO,20/06/2025,-2,Administracion,Celinda Alcivar,,Activo,,,
9,"Limpiar (escusados, lavabos, espejos) / Villa modelo- Arienzo )",,Clave,Actividad,ARIENZO,221,221,"Limpiar (escusados, lavabos, espejos) / Villa modelo- Arienzo )",2,22/08/2025,1,24/08/2025,VERDADERO,22/08/2025,-2,Administracion,Celinda Alcivar,,Activo,,,
9,"Limpiar (escusados, lavabos, espejos) / Villa modelo- Arienzo )",,Clave,Actividad,ARIENZO,242,242,"Limpiar (escusados, lavabos, espejos) / Villa modelo- Arienzo )",2,12/09/2025,1,14/09/2025,VERDADERO,12/09/2025,-2,Administracion,Celinda Alcivar,,Activo,,,
9,"Limpiar (escusados, lavabos, espejos) / Villa modelo- Arienzo )",,Clave,Actividad,ARIENZO,203,203,"Limpiar (escusados, lavabos, espejos) / Villa modelo- Arienzo )",2,04/08/2025,1,06/08/2025,VERDADERO,04/08/2025,-2,Administracion,Celinda Alcivar,,Activo,,,
9,"Limpiar (escusados, lavabos, espejos) / Villa modelo- Arienzo )",,Clave,Actividad,ARIENZO,238,238,"Limpiar (escusados, lavabos, espejos) / Villa modelo- Arienzo )",2,08/09/2025,1,10/09/2025,VERDADERO,08/09/2025,-2,Administracion,Celinda Alcivar,,Activo,,,
9,"Limpiar (escusados, lavabos, espejos) / Villa modelo- Arienzo )",,Clave,Actividad,ARIENZO,151,151,"Limpiar (escusados, lavabos, espejos) / Villa modelo- Arienzo )",2,13/06/2025,1,15/06/2025,VERDADERO,13/06/2025,-2,Administracion,Celinda Alcivar,,Activo,,,
9,"Limpiar (escusados, lavabos, espejos) / Villa modelo- Arienzo )",,Clave,Actividad,ARIENZO,182,182,"Limpiar (escusados, lavabos, espejos) / Villa modelo- Arienzo )",2,14/07/2025,1,16/07/2025,VERDADERO,14/07/2025,-2,Administracion,Celinda Alcivar,,Activo,,,
9,"Limpiar (escusados, lavabos, espejos) / Villa modelo- Arienzo )",,Clave,Actividad,ARIENZO,147,147,"Limpiar (escusados, lavabos, espejos) / Villa modelo- Arienzo )",2,09/06/2025,1,11/06/2025,VERDADERO,09/06/2025,-2,Administracion,Celinda Alcivar,,Activo,,,
9,"Limpiar (escusados, lavabos, espejos) / Villa modelo- Arienzo )",,Clave,Actividad,ARIENZO,175,175,"Limpiar (escusados, lavabos, espejos) / Villa modelo- Arienzo )",2,07/07/2025,1,09/07/2025,VERDADERO,07/07/2025,-2,Administracion,Celinda Alcivar,,Activo,,,
9,"Limpiar (escusados, lavabos, espejos) / Villa modelo- Arienzo )",,Clave,Actividad,ARIENZO,172,172,"Limpiar (escusados, lavabos, espejos) / Villa modelo- Arienzo )",2,04/07/2025,1,06/07/2025,VERDADERO,04/07/2025,-2,Administracion,Celinda Alcivar,,Activo,,,
9,"Limpiar (escusados, lavabos, espejos) / Villa modelo- Arienzo )",,Clave,Actividad,ARIENZO,140,140,"Limpiar (escusados, lavabos, espejos) / Villa modelo- Arienzo )",2,02/06/2025,1,04/06/2025,VERDADERO,02/06/2025,-2,Administracion,Celinda Alcivar,,Activo,,,
9,"Limpiar (escusados, lavabos, espejos) / Villa modelo- Arienzo )",,Clave,Actividad,ARIENZO,224,224,"Limpiar (escusados, lavabos, espejos) / Villa modelo- Arienzo )",2,25/08/2025,1,27/08/2025,VERDADERO,25/08/2025,-2,Administracion,Celinda Alcivar,,Activo,,,
9,"Limpiar (escusados, lavabos, espejos) / Villa modelo- Arienzo )",,Clave,Actividad,ARIENZO,210,210,"Limpiar (escusados, lavabos, espejos) / Villa modelo- Arienzo )",1,11/08/2025,1,11/08/2025,VERDADERO,11/08/2025,0,Administracion,Celinda Alcivar,,Activo,,,Feriado
9,"Limpiar (escusados, lavabos, espejos) / Villa modelo- Arienzo )",,Clave,Actividad,ARIENZO,98,98,"Limpiar (escusados, lavabos, espejos) / Villa modelo- Arienzo )",2,21/04/2025,1,23/04/2025,VERDADERO,21/04/2025,-2,Administracion,Celinda Alcivar,,Activo,,,
9,"Limpiar (escusados, lavabos, espejos) / Villa modelo- Arienzo )",,Clave,Actividad,ARIENZO,74,74,"Limpiar (escusados, lavabos, espejos) / Villa modelo- Arienzo )",2,28/03/2025,1,30/03/2025,VERDADERO,28/03/2025,-2,Administracion,Celinda Alcivar,,Activo,,,
9,"Limpiar (escusados, lavabos, espejos) / Villa modelo- Arienzo )",,Clave,Actividad,ARIENZO,168,168,"Limpiar (escusados, lavabos, espejos) / Villa modelo- Arienzo )",2,30/06/2025,1,02/07/2025,VERDADERO,30/06/2025,-2,Administracion,Celinda Alcivar,,Activo,,,
9,"Limpiar (escusados, lavabos, espejos) / Villa modelo- Arienzo )",,Clave,Actividad,ARIENZO,161,161,"Limpiar (escusados, lavabos, espejos) / Villa modelo- Arienzo )",2,23/06/2025,1,25/06/2025,VERDADERO,23/06/2025,-2,Administracion,Celinda Alcivar,,Activo,,,
9,"Limpiar (escusados, lavabos, espejos) / Villa modelo- Arienzo )",,Clave,Actividad,ARIENZO,214,214,"Limpiar (escusados, lavabos, espejos) / Villa modelo- Arienzo )",2,15/08/2025,1,17/08/2025,VERDADERO,15/08/2025,-2,Administracion,Celinda Alcivar,,Activo,,,
9,"Limpiar (escusados, lavabos, espejos) / Villa modelo- Arienzo )",,Clave,Actividad,ARIENZO,193,193,"Limpiar (escusados, lavabos, espejos) / Villa modelo- Arienzo )",2,25/07/2025,1,27/07/2025,VERDADERO,25/07/2025,-2,Administracion,Celinda Alcivar,,Activo,,,Feriado 
9,"Limpiar (escusados, lavabos, espejos) / Villa modelo- Arienzo )",,Clave,Actividad,ARIENZO,196,196,"Limpiar (escusados, lavabos, espejos) / Villa modelo- Arienzo )",2,28/07/2025,1,30/07/2025,VERDADERO,28/07/2025,-2,Administracion,Celinda Alcivar,,Activo,,,
9,"Limpiar (escusados, lavabos, espejos) / Villa modelo- Arienzo )",,Clave,Actividad,ARIENZO,207,207,"Limpiar (escusados, lavabos, espejos) / Villa modelo- Arienzo )",2,08/08/2025,1,10/08/2025,VERDADERO,08/08/2025,-2,Administracion,Celinda Alcivar,,Activo,,,
9,"Limpiar (escusados, lavabos, espejos) / Villa modelo- Arienzo )",,Clave,Actividad,ARIENZO,228,228,"Limpiar (escusados, lavabos, espejos) / Villa modelo- Arienzo )",2,29/08/2025,1,31/08/2025,VERDADERO,29/08/2025,-2,Administracion,Celinda Alcivar,,Activo,,,
9,"Limpiar (escusados, lavabos, espejos) / Villa modelo- Arienzo )",,Clave,Actividad,ARIENZO,231,231,"Limpiar (escusados, lavabos, espejos) / Villa modelo- Arienzo )",2,01/09/2025,1,03/09/2025,VERDADERO,01/09/2025,-2,Administracion,Celinda Alcivar,,Activo,,,
9,"Limpiar (escusados, lavabos, espejos) / Villa modelo- Arienzo )",,Clave,Actividad,ARIENZO,84,84,"Limpiar (escusados, lavabos, espejos) / Villa modelo- Arienzo )",2,07/04/2025,1,09/04/2025,VERDADERO,07/04/2025,-2,Administracion,Celinda Alcivar,,Activo,,,
9,"Limpiar (escusados, lavabos, espejos) / Villa modelo- Arienzo )",,Clave,Actividad,ARIENZO,235,235,"Limpiar (escusados, lavabos, espejos) / Villa modelo- Arienzo )",2,05/09/2025,1,07/09/2025,VERDADERO,05/09/2025,-2,Administracion,Celinda Alcivar,,Activo,,,
9,"Limpiar (escusados, lavabos, espejos) / Villa modelo- Arienzo )",,Clave,Actividad,ARIENZO,189,189,"Limpiar (escusados, lavabos, espejos) / Villa modelo- Arienzo )",2,21/07/2025,1,23/07/2025,VERDADERO,21/07/2025,-2,Administracion,Celinda Alcivar,,Activo,,,
9,"Limpiar (escusados, lavabos, espejos) / Villa modelo- Arienzo )",,Clave,Actividad,ARIENZO,144,144,"Limpiar (escusados, lavabos, espejos) / Villa modelo- Arienzo )",2,06/06/2025,1,08/06/2025,VERDADERO,06/06/2025,-2,Administracion,Celinda Alcivar,,Activo,,,
9,"Limpiar (escusados, lavabos, espejos) / Villa modelo- Arienzo )",,Clave,Actividad,ARIENZO,133,133,"Limpiar (escusados, lavabos, espejos) / Villa modelo- Arienzo )",2,26/05/2025,1,28/05/2025,VERDADERO,26/05/2025,-2,Administracion,Celinda Alcivar,,Activo,,,
9,"Limpiar (escusados, lavabos, espejos) / Villa modelo- Arienzo )",,Clave,Actividad,ARIENZO,95,95,"Limpiar (escusados, lavabos, espejos) / Villa modelo- Arienzo )",-1,18/04/2025,1,20/04/2025,VERDADERO,18/04/2025,-2,Administracion,Celinda Alcivar,,Activo,,,Feriado 
9,"Limpiar (escusados, lavabos, espejos) / Villa modelo- Arienzo )",,Clave,Actividad,ARIENZO,25,25,"Limpiar (escusados, lavabos, espejos) / Villa modelo- Arienzo )",2,07/02/2025,1,09/02/2025,VERDADERO,07/02/2025,-2,Administracion,Celinda Alcivar,,Activo,,,
9,"Limpiar (escusados, lavabos, espejos) / Villa modelo- Arienzo )",,Clave,Actividad,ARIENZO,32,32,"Limpiar (escusados, lavabos, espejos) / Villa modelo- Arienzo )",1,14/02/2025,1,16/02/2025,VERDADERO,14/02/2025,-2,Administracion,Celinda Alcivar,,Activo,,,
9,"Limpiar (escusados, lavabos, espejos) / Villa modelo- Arienzo )",,Clave,Actividad,ARIENZO,70,70,"Limpiar (escusados, lavabos, espejos) / Villa modelo- Arienzo )",2,24/03/2025,1,26/03/2025,VERDADERO,24/03/2025,-2,Administracion,Celinda Alcivar,,Activo,,,
9,"Limpiar (escusados, lavabos, espejos) / Villa modelo- Arienzo )",,Clave,Actividad,ARIENZO,46,46,"Limpiar (escusados, lavabos, espejos) / Villa modelo- Arienzo )",2,28/02/2025,1,02/03/2025,VERDADERO,28/02/2025,-2,Administracion,Celinda Alcivar,,Activo,,,
9,"Limpiar (escusados, lavabos, espejos) / Villa modelo- Arienzo )",,Clave,Actividad,ARIENZO,116,116,"Limpiar (escusados, lavabos, espejos) / Villa modelo- Arienzo )",2,09/05/2025,1,11/05/2025,VERDADERO,09/05/2025,-2,Administracion,Celinda Alcivar,,Activo,,,
9,"Limpiar (escusados, lavabos, espejos) / Villa modelo- Arienzo )",,Clave,Actividad,ARIENZO,11,11,"Limpiar (escusados, lavabos, espejos) / Villa modelo- Arienzo )",2,24/01/2025,1,26/01/2025,VERDADERO,24/01/2025,-2,Administracion,Celinda Alcivar,,Activo,,,Solo se suben 6 Fotos.. Xq no me permite subir más ??
9,"Limpiar (escusados, lavabos, espejos) / Villa modelo- Arienzo )",,Clave,Actividad,ARIENZO,105,105,"Limpiar (escusados, lavabos, espejos) / Villa modelo- Arienzo )",2,28/04/2025,1,30/04/2025,VERDADERO,28/04/2025,-2,Administracion,Celinda Alcivar,,Activo,,,
9,"Limpiar (escusados, lavabos, espejos) / Villa modelo- Arienzo )",,Clave,Actividad,ARIENZO,4,4,"Limpiar (escusados, lavabos, espejos) / Villa modelo- Arienzo )",,10/01/2025,1,12/01/2025,VERDADERO,10/01/2025,-2,Administracion,Celinda Alcivar,,Activo,,,
9,"Limpiar (escusados, lavabos, espejos) / Villa modelo- Arienzo )",,Clave,Actividad,ARIENZO,4,4,"Limpiar (escusados, lavabos, espejos) / Villa modelo- Arienzo )",,13/01/2025,1,15/01/2025,VERDADERO,13/01/2025,-2,Administracion,Celinda Alcivar,,Activo,,,
9,"Limpiar (escusados, lavabos, espejos) / Villa modelo- Arienzo )",,Clave,Actividad,ARIENZO,4,4,"Limpiar (escusados, lavabos, espejos) / Villa modelo- Arienzo )",,17/01/2025,1,19/01/2025,VERDADERO,17/01/2025,-2,Administracion,Celinda Alcivar,,Activo,,,
